# Niva v6 rear tailgate only; pivot at rear roof
mtllib niva_low_poly.mtl
v -0.555068 0.864217 1.788048
v -0.605074 0.881692 1.777240
v -0.613027 0.870696 1.778351
v -0.611392 0.856852 1.780139
v -0.620742 0.838274 1.779111
v -0.589080 0.829400 1.785459
v -0.561028 0.844693 1.789430
v -0.608341 0.802876 1.782405
v -0.557922 0.802868 1.792339
v -0.604797 0.905183 1.766460
v -0.621735 0.897115 1.769396
v -0.616169 0.926030 1.756579
v -0.626591 0.932077 1.753001
v -0.625875 0.885695 1.772157
v -0.590860 0.886990 1.776363
v -0.535535 1.400941 1.495628
v -0.540978 1.410581 1.484919
v -0.553542 1.373340 1.501798
v -0.643473 0.911092 1.758661
v -0.629670 0.864547 1.774883
v -0.644948 0.878119 1.767214
v -0.638137 0.829843 1.774612
v -0.646713 0.802874 1.773695
v -0.334710 0.833810 1.804855
v -0.294342 0.852712 1.804859
v -0.425835 0.852772 1.798484
v -0.425981 0.833535 1.800218
v -0.267389 0.802907 1.809422
v -0.266678 0.833948 1.807595
v -0.368259 0.802898 1.805138
v -0.267169 0.864930 1.803859
v -0.357672 0.864830 1.800190
v -0.481009 0.865178 1.793422
v -0.522885 0.852876 1.792228
v -0.523476 0.833310 1.793834
v -0.487597 0.802883 1.798166
v -0.217806 0.901385 1.781536
v -0.495790 0.901371 1.771881
v -0.402908 0.896108 1.779052
v -0.486437 0.890764 1.780032
v -0.358899 0.890279 1.785325
v -0.210868 0.913188 1.774396
v -0.491871 0.911704 1.765606
v -0.570220 0.936273 1.748551
v -0.567626 0.920432 1.756945
v -0.532205 1.039380 1.696996
v -0.564548 1.066092 1.682392
v -0.576498 1.048539 1.691834
v -0.364022 0.970901 1.738395
v -0.379513 1.026181 1.709093
v -0.214491 1.066738 1.693952
v -0.200306 1.045511 1.704779
v -0.132929 1.060178 1.699306
v -0.133209 1.020768 1.719498
v -0.066173 1.028807 1.716643
v -0.066578 1.059997 1.700703
v 0.000000 1.030397 1.716309
v -0.000003 1.060994 1.700716
v -0.570653 0.898220 1.769991
v -0.542528 0.881726 1.784117
v -0.526044 1.421683 1.484186
v -0.517566 1.442876 1.469020
v -0.523932 1.449569 1.462177
v -0.505352 1.438859 1.476345
v -0.547820 1.423635 1.472029
v -0.641513 0.951210 1.742886
v -0.619781 0.996878 1.722364
v -0.638466 1.016506 1.711663
v -0.623347 1.045661 1.698137
v -0.635291 1.074761 1.680873
v -0.612286 1.056303 1.692663
v -0.621630 1.072167 1.683882
v -0.458664 1.443883 1.476019
v -0.448940 1.458921 1.462431
v -0.503841 1.456302 1.461121
v -0.487272 1.442000 1.475826
v -0.408655 1.445797 1.476776
v -0.364984 1.459678 1.465101
v -0.563972 1.412619 1.473581
v -0.562027 1.385500 1.490002
v -0.528967 1.456582 1.457221
v -0.579146 1.442892 1.454433
v -0.509121 1.473455 1.451543
v -0.371256 1.478838 1.451281
v -0.470259 1.488568 1.445733
v -0.535235 1.481443 1.446861
v -0.522684 1.485769 1.446425
v -0.488559 1.466423 1.455588
v -0.367167 1.471660 1.455734
v -0.503510 1.487916 1.446046
v -0.588221 0.927191 1.754124
v -0.593383 1.059647 1.687959
v -0.608197 1.106528 1.662976
v -0.561314 1.093710 1.668591
v -0.536534 1.067348 1.682980
v -0.578343 1.090997 1.668756
v -0.547350 1.092252 1.670624
v -0.519081 1.091847 1.672551
v -0.544117 0.874808 1.786861
v -0.461806 0.884437 1.786616
v -0.235423 0.873439 1.802553
v -0.099742 0.873454 1.805567
v -0.096207 0.879166 1.803062
v -0.246334 0.880562 1.798530
v -0.114347 0.882908 1.800125
v -0.162929 0.864897 1.806772
v -0.036075 0.864936 1.808168
v -0.000003 0.875913 1.805398
v 0.036519 0.882927 1.801085
v 0.000001 0.893672 1.791246
v -0.149643 0.891986 1.790524
v -0.089799 1.091846 1.685719
v -0.223427 1.091847 1.682359
v -0.000000 1.091846 1.686480
v -0.462829 1.058488 1.689826
v -0.233651 1.463863 1.465336
v -0.229315 1.477912 1.454011
v -0.118695 1.466146 1.465509
v -0.000003 1.462366 1.470044
v -0.000001 1.488284 1.447069
v -0.129144 1.482436 1.451639
v -0.587442 1.137542 1.641237
v -0.578501 1.138237 1.640975
v -0.567445 1.100087 1.664088
v -0.567447 1.114131 1.656116
v -0.551306 1.456257 1.453807
v -0.553201 1.470397 1.448223
v -0.569521 1.454984 1.451040
v -0.582110 1.372859 1.495358
v -0.570303 1.340860 1.516464
v -0.557941 1.291192 1.552979
v -0.547537 1.313650 1.544595
v -0.575087 1.248814 1.573516
v -0.568042 1.268004 1.563341
v -0.611153 1.155993 1.631971
v -0.627060 1.154157 1.631898
v -0.568705 1.186423 1.613458
v -0.557456 1.214190 1.600103
v -0.592861 1.414905 1.466978
v -0.585598 1.432058 1.458646
v -0.285784 1.485007 1.448566
v -0.158261 1.488307 1.446822
v -0.403461 1.488576 1.445909
v -0.331601 1.447894 1.477949
v -0.232585 1.449942 1.479287
v -0.120078 1.451470 1.480364
v -0.000000 1.452110 1.480842
v -0.585946 1.236744 1.580803
v -0.577457 1.275128 1.556910
v -0.587939 1.295991 1.544054
v -0.600848 1.378590 1.488384
v -0.614161 1.268996 1.558558
v -0.209865 0.938931 1.760289
v -0.440240 0.928434 1.758071
v -0.512881 0.928182 1.755429
v -0.062754 0.911799 1.778871
v -0.065326 0.939160 1.763746
v -0.131079 0.935660 1.764316
v -0.127326 0.912174 1.777378
v 0.000001 0.911659 1.779398
v 0.000001 0.940329 1.763625
v -0.433542 1.091841 1.675816
v -0.406252 0.879717 1.792632
v -0.399915 0.873714 1.795786
v -0.088367 0.900393 1.785735
v -0.065854 0.892327 1.791988
v -0.065164 0.834098 1.811368
v -0.038061 0.853672 1.809762
v -0.169617 0.852672 1.808493
v -0.131781 0.834157 1.810747
v -0.198855 0.834083 1.809540
v -0.038440 0.802915 1.813457
v 0.039139 0.835461 1.811430
v -0.176406 0.802911 1.811977
v 0.555069 0.864218 1.788047
v 0.613028 0.870696 1.778350
v 0.605075 0.881693 1.777240
v 0.611391 0.856851 1.780139
v 0.589085 0.829400 1.785458
v 0.620741 0.838282 1.779111
v 0.561030 0.844692 1.789430
v 0.557923 0.802868 1.792339
v 0.608348 0.802876 1.782404
v 0.604797 0.905187 1.766458
v 0.621736 0.897116 1.769395
v 0.616169 0.926030 1.756579
v 0.590856 0.886989 1.776363
v 0.625876 0.885697 1.772156
v 0.626589 0.932074 1.753003
v 0.535535 1.400941 1.495627
v 0.553544 1.373325 1.501806
v 0.540982 1.410582 1.484916
v 0.643473 0.911094 1.758660
v 0.629669 0.864550 1.774883
v 0.644948 0.878120 1.767214
v 0.638137 0.829848 1.774611
v 0.646713 0.802875 1.773695
v 0.334710 0.833808 1.804855
v 0.426003 0.833533 1.800217
v 0.425853 0.852773 1.798483
v 0.294357 0.852709 1.804859
v 0.241207 0.802909 1.810362
v 0.368266 0.802898 1.805137
v 0.266682 0.833945 1.807595
v 0.487619 0.802883 1.798165
v 0.523471 0.833332 1.793833
v 0.522880 0.852877 1.792229
v 0.481004 0.865178 1.793423
v 0.357720 0.864830 1.800188
v 0.227924 0.864845 1.805208
v 0.217734 0.901385 1.781538
v 0.402938 0.896109 1.779051
v 0.495803 0.901370 1.771882
v 0.358898 0.890279 1.785325
v 0.486441 0.890765 1.780031
v 0.210881 0.913187 1.774396
v 0.491870 0.911705 1.765605
v 0.570219 0.936273 1.748552
v 0.532200 1.039420 1.696976
v 0.567630 0.920427 1.756947
v 0.576497 1.048549 1.691829
v 0.564548 1.066091 1.682393
v 0.364022 0.970901 1.738395
v 0.379513 1.026181 1.709093
v 0.214543 1.066745 1.693947
v 0.132926 1.060166 1.699312
v 0.200295 1.045521 1.704775
v 0.066578 1.060004 1.700700
v 0.066177 1.028821 1.716636
v 0.133211 1.020711 1.719528
v 0.570653 0.898219 1.769992
v 0.542529 0.881725 1.784117
v 0.526043 1.421683 1.484185
v 0.523930 1.449570 1.462176
v 0.517567 1.442877 1.469019
v 0.547818 1.423638 1.472027
v 0.505352 1.438859 1.476345
v 0.641513 0.951207 1.742888
v 0.636976 1.047971 1.695861
v 0.619785 0.996899 1.722355
v 0.623347 1.045658 1.698138
v 0.621631 1.072168 1.683882
v 0.631691 1.111464 1.658592
v 0.612289 1.056302 1.692664
v 0.458663 1.443883 1.476019
v 0.487272 1.442000 1.475826
v 0.503842 1.456300 1.461122
v 0.448938 1.458919 1.462432
v 0.408655 1.445797 1.476776
v 0.364996 1.459679 1.465099
v 0.562027 1.385494 1.490005
v 0.563969 1.412620 1.473582
v 0.528967 1.456582 1.457221
v 0.579145 1.442892 1.454433
v 0.509125 1.473453 1.451544
v 0.470259 1.488568 1.445733
v 0.371250 1.478836 1.451282
v 0.535235 1.481443 1.446861
v 0.522684 1.485769 1.446425
v 0.503510 1.487916 1.446046
v 0.367201 1.471658 1.455735
v 0.488564 1.466422 1.455588
v 0.588233 0.927177 1.754132
v 0.593381 1.059643 1.687961
v 0.608192 1.106557 1.662958
v 0.561314 1.093710 1.668591
v 0.536532 1.067351 1.682979
v 0.547350 1.092252 1.670624
v 0.519077 1.091847 1.672552
v 0.578225 1.089923 1.669348
v 0.544128 0.874809 1.786860
v 0.461832 0.884437 1.786615
v 0.235399 0.873439 1.802554
v 0.246360 0.880563 1.798529
v 0.096211 0.879166 1.803062
v 0.099713 0.873454 1.805568
v 0.157057 0.883019 1.798960
v 0.149616 0.891986 1.790525
v 0.097129 0.864970 1.807747
v 0.223409 1.091847 1.682360
v 0.089780 1.091846 1.685720
v 0.462903 1.058486 1.689825
v 0.229331 1.477915 1.454009
v 0.233647 1.463865 1.465335
v 0.118693 1.466151 1.465504
v 0.129171 1.482438 1.451637
v 0.586958 1.135831 1.642216
v 0.575971 1.142579 1.638626
v 0.567447 1.114129 1.656117
v 0.567445 1.100088 1.664088
v 0.569521 1.454984 1.451040
v 0.551302 1.456257 1.453808
v 0.553202 1.470397 1.448223
v 0.570306 1.340841 1.516476
v 0.582570 1.372506 1.495510
v 0.547536 1.313650 1.544595
v 0.557941 1.291193 1.552979
v 0.568042 1.268002 1.563342
v 0.575086 1.248822 1.573511
v 0.611158 1.155954 1.631995
v 0.557457 1.214176 1.600111
v 0.566186 1.193024 1.610157
v 0.596164 1.402648 1.473876
v 0.592139 1.416526 1.466252
v 0.579430 1.442435 1.454499
v 0.285742 1.485007 1.448567
v 0.403467 1.488576 1.445909
v 0.158290 1.488308 1.446822
v 0.331600 1.447894 1.477949
v 0.232583 1.449942 1.479287
v 0.120075 1.451470 1.480364
v 0.585944 1.236738 1.580806
v 0.577455 1.275134 1.556906
v 0.588976 1.294878 1.544742
v 0.620304 1.214447 1.593559
v 0.606219 1.335372 1.515914
v 0.440230 0.928431 1.758072
v 0.209896 0.938944 1.760280
v 0.512896 0.928180 1.755430
v 0.062752 0.911801 1.778870
v 0.127322 0.912179 1.777374
v 0.131084 0.935667 1.764313
v 0.065323 0.939151 1.763751
v 0.433459 1.091841 1.675819
v 0.406226 0.879717 1.792634
v 0.399895 0.873713 1.795788
v 0.088388 0.900392 1.785735
v 0.065855 0.892327 1.791988
v 0.131784 0.834158 1.810747
v 0.104927 0.852723 1.809429
v 0.198849 0.834083 1.809541
v 0.199403 0.852779 1.807762
v 0.111026 0.802913 1.812956
v -0.792787 1.023368 -0.710327
v 0.792759 1.023407 -0.710372
v -0.722246 1.114708 -0.505640
v -0.713705 1.167029 -0.472662
v -0.705053 1.169461 -0.481985
v -0.709427 1.126204 -0.513238
v -0.696023 1.169483 -0.491296
v -0.691144 1.123158 -0.534784
v -0.768246 1.053059 -0.562045
v -0.765012 1.058098 -0.531365
v -0.754621 1.065830 -0.548211
v -0.750104 1.074800 -0.518420
v -0.739992 1.078977 -0.543814
v -0.782849 1.040300 -0.577319
v -0.785515 1.037308 -0.530053
v -0.768650 1.055246 -0.517321
v -0.751129 1.076795 -0.502577
v -0.736412 1.089053 -0.519939
v -0.809685 0.769985 -1.397565
v -0.800172 0.753018 -1.555446
v -0.804306 0.697134 -1.529678
v -0.807819 0.793715 -1.407525
v -0.800935 0.706926 -1.565271
v -0.809928 0.681646 -1.445267
v -0.809337 0.656596 -1.466513
v -0.792089 0.807859 -1.612782
v -0.794462 0.744883 -1.613202
v -0.795285 0.675428 -1.613341
v -0.801655 0.626243 -1.571285
v -0.819194 0.905352 1.210989
v -0.816680 0.898415 0.913771
v -0.816788 0.898403 1.191980
v -0.815626 0.889044 0.931986
v -0.815985 0.892445 1.194027
v -0.819463 0.826366 -0.954889
v -0.817171 0.848619 -0.959333
v -0.819022 0.808741 -1.065650
v -0.815413 0.833973 -1.149189
v -0.816615 0.820891 -1.157163
v -0.813021 0.846283 -1.161106
v -0.821609 0.791532 -0.934813
v -0.823000 0.838257 -0.643709
v -0.824010 0.795279 -0.705335
v -0.824807 0.736975 -0.700162
v -0.826484 0.600246 -0.779101
v -0.826394 0.638540 -0.793867
v -0.825962 0.617103 -0.850778
v -0.826057 0.584778 -0.838406
v -0.825885 0.682226 -0.811048
v -0.825602 0.648013 -0.865262
v -0.825099 0.676675 -0.882407
v -0.825810 0.552118 -0.827674
v -0.826236 0.572127 -0.772036
v -0.801877 0.850126 1.439928
v -0.797407 0.862699 1.447296
v -0.807203 0.860964 1.372867
v -0.822551 0.726041 0.616846
v -0.822062 0.773733 0.658560
v -0.821840 0.805824 0.455558
v -0.764735 1.069490 0.904700
v -0.759067 1.075620 1.143237
v -0.759919 1.075326 0.543190
v -0.730069 0.782229 1.698539
v -0.750891 0.764858 1.642770
v -0.725438 0.746259 1.709805
v -0.738086 0.682813 1.671795
v -0.752940 0.653627 1.632241
v -0.725423 0.802955 1.714427
v -0.816371 0.984829 0.868250
v -0.815504 1.001292 0.789851
v -0.817082 0.984901 0.714460
v -0.815098 1.001172 0.946182
v -0.813134 1.015037 0.981900
v -0.813782 1.014922 0.750571
v -0.809925 1.026667 0.877278
v -0.811168 1.026605 0.677699
v -0.776683 1.058601 1.327411
v -0.772542 1.063286 1.250154
v -0.793276 1.049127 1.258348
v -0.769041 1.064388 1.330984
v -0.764561 1.069945 1.246882
v -0.758370 1.075200 1.318924
v -0.772793 1.063319 1.180553
v -0.811637 0.985457 1.335191
v -0.804404 0.997693 1.382978
v -0.810462 1.001361 1.337258
v -0.805647 1.014839 1.360594
v -0.811511 1.015392 1.311531
v -0.804692 0.951942 1.394196
v -0.794512 1.014527 1.432346
v -0.789304 1.026635 1.447690
v -0.802797 1.026503 1.360497
v -0.808584 1.026810 1.310387
v -0.815063 1.002284 1.288823
v -0.815062 0.984754 1.300658
v -0.807552 0.848478 -1.298352
v -0.809507 0.851121 -1.228167
v -0.804152 0.858404 -1.298615
v -0.765121 1.069912 0.531429
v -0.762951 1.073546 0.484300
v -0.774327 1.063317 0.493633
v -0.772828 1.063462 0.540940
v -0.702994 1.206345 1.403113
v -0.697464 1.242061 1.385243
v -0.713368 1.219126 1.321655
v -0.717431 1.240905 1.258356
v -0.727951 1.196811 1.272503
v -0.695034 1.253932 1.377722
v -0.690934 1.270923 1.369488
v -0.705846 1.259338 1.300002
v -0.707741 1.287361 1.242901
v -0.689210 1.287086 1.354023
v -0.684668 1.306628 1.352723
v -0.696488 1.304606 1.281791
v -0.678890 1.336511 1.339460
v -0.681145 1.353503 1.297478
v -0.688318 1.339076 1.272467
v -0.675067 1.365444 1.326226
v -0.680420 1.368147 1.273800
v -0.692895 1.350554 1.217969
v -0.667981 1.393473 1.309462
v -0.671453 1.402856 1.256523
v -0.683709 1.385476 1.202412
v -0.665592 1.407636 1.299597
v -0.659308 1.420769 1.328688
v -0.672099 1.411468 1.219724
v -0.673996 1.414335 1.185378
v -0.678224 1.402762 1.193725
v -0.813769 0.781569 1.378134
v -0.812185 0.841171 1.363805
v -0.817254 0.842243 1.308319
v -0.806866 0.840109 1.410331
v -0.813040 0.850847 1.345017
v -0.818339 0.850366 1.278535
v -0.660970 1.452392 1.109556
v -0.670343 1.424252 1.165637
v -0.671597 1.420058 1.177808
v -0.668549 1.430363 1.108399
v -0.669288 1.427632 1.144101
v -0.656706 1.458336 1.187379
v -0.662958 1.458536 0.482605
v -0.671951 1.440984 0.437327
v -0.669668 1.440273 0.500679
v -0.662088 1.466994 0.436659
v -0.658790 1.410335 1.357595
v -0.650776 1.430273 1.370845
v -0.651568 1.438902 1.340228
v -0.646717 1.450540 1.340229
v -0.642422 1.449633 1.370410
v -0.642023 1.461423 1.334727
v -0.643233 1.456262 -0.260724
v -0.647175 1.426779 -0.292721
v -0.659926 1.411027 -0.295995
v -0.630881 1.462773 -0.266206
v -0.642207 1.474017 -0.234445
v -0.652800 1.448485 -0.254385
v -0.630316 1.482180 -0.240737
v -0.613614 1.489118 -0.246497
v -0.637970 1.421614 -0.305928
v -0.656165 1.393924 -0.320373
v -0.671764 1.366636 -0.333350
v -0.667116 1.349651 -0.355503
v -0.682031 1.331517 -0.358636
v -0.650450 1.375475 -0.342674
v -0.655974 1.336632 -0.374391
v -0.674008 1.295801 -0.399083
v -0.683650 1.297039 -0.390497
v -0.692358 1.292713 -0.384416
v -0.310589 1.548403 1.270291
v -0.405641 1.545805 1.255998
v -0.407397 1.534717 1.308207
v -0.312294 1.542984 1.294972
v -0.463038 1.542019 1.255137
v -0.463477 1.531242 1.307270
v -0.315315 1.537153 1.318946
v -0.310022 1.553182 1.246421
v -0.509216 1.538588 1.252393
v -0.509521 1.528064 1.304271
v -0.509792 1.517828 1.344698
v -0.446853 1.524511 1.338969
v -0.319418 1.531158 1.340770
v -0.691961 1.351425 0.460702
v -0.721333 1.228160 0.437330
v -0.707588 1.280331 0.499909
v -0.725476 1.204930 0.500858
v -0.738978 1.154555 0.437329
v -0.737362 1.154621 0.502366
v -0.686692 1.229553 -0.447136
v -0.694282 1.236092 -0.434891
v -0.703044 1.233275 -0.426902
v -0.579735 1.480789 1.401383
v -0.576128 1.467058 1.427313
v -0.560792 1.479625 1.418692
v -0.553051 1.466184 1.448994
v -0.530539 1.474967 1.447948
v -0.538001 1.485714 1.419661
v -0.586146 1.453123 1.436104
v -0.578636 1.443498 1.454137
v -0.568954 1.454985 1.451048
v -0.498193 1.481613 1.447496
v -0.505584 1.491500 1.418687
v -0.542549 1.496761 1.391661
v -0.511229 1.506646 1.377880
v -0.565113 1.492334 1.389597
v -0.747951 1.111036 0.499827
v -0.747927 1.119301 0.437331
v -0.753612 1.093410 0.474947
v -0.760691 1.081124 0.437387
v -0.756719 1.081656 0.504212
v -0.755531 1.093718 0.437347
v -0.779875 1.057557 0.915617
v -0.771130 1.064059 0.902887
v -0.792153 1.049453 0.728411
v -0.777908 1.050052 1.428106
v -0.758098 1.067809 1.444274
v -0.761730 1.068809 1.388582
v -0.771815 1.049511 1.469115
v -0.746329 1.077832 1.478077
v -0.754413 1.075765 1.419262
v -0.773722 1.057456 1.390220
v -0.819116 0.910406 0.958311
v -0.819377 0.910092 1.154839
v -0.818582 0.936785 1.094635
v -0.821465 0.815187 0.740738
v -0.820622 0.843684 0.729963
v -0.818880 0.904641 0.907620
v -0.822757 0.721466 0.455578
v -0.822876 0.630419 0.453582
v -0.822874 0.592425 0.449721
v -0.822859 0.531896 0.674748
v -0.822875 0.609707 0.721754
v -0.822875 0.630522 0.739536
v -0.822840 0.690189 0.734771
v -0.822875 0.645927 0.755095
v -0.822875 0.661300 0.773407
v -0.822875 0.676268 0.794742
v -0.822705 0.766214 0.893755
v -0.822875 0.583521 0.703981
v -0.822874 0.668512 0.455208
v -0.822468 0.485643 0.486821
v -0.822864 0.559008 0.443242
v -0.822876 0.528682 0.433517
v -0.822869 0.505299 0.423567
v -0.822078 0.465330 0.594348
v -0.822735 0.496143 0.658629
v -0.822630 0.516500 0.565881
v -0.822109 0.446826 0.645728
v -0.822875 0.690466 0.819224
v -0.822875 0.703584 0.846396
v -0.822875 0.715324 0.875655
v -0.822875 0.725389 0.906399
v -0.822857 0.754930 0.967731
v -0.820690 0.850193 -0.750983
v -0.819020 0.861807 -0.646668
v -0.817321 0.864621 -0.736707
v -0.821793 0.850447 -0.652045
v -0.821886 0.712829 1.313802
v -0.820485 0.774779 1.293076
v -0.821858 0.768688 1.260324
v -0.820728 0.843582 1.195978
v -0.822751 0.768159 1.178454
v -0.822637 0.711251 1.277733
v -0.779885 0.904742 1.547621
v -0.789437 0.905386 1.505248
v -0.788380 0.898511 1.498659
v -0.776697 0.899800 1.557190
v -0.787256 0.887811 1.499888
v -0.776191 0.885897 1.552025
v -0.683047 0.811923 1.745088
v -0.701226 0.819902 1.728762
v -0.703572 0.809862 1.728853
v -0.646737 0.802982 1.773368
v -0.664224 0.850185 1.756513
v -0.715581 0.819930 1.714480
v -0.718490 0.808428 1.714670
v -0.822912 0.720815 1.190071
v -0.822875 0.728476 1.163892
v -0.822875 0.712015 1.213765
v -0.822875 0.701949 1.235789
v -0.822878 0.685887 1.264918
v -0.707064 1.046005 1.648983
v -0.692896 1.073148 1.639051
v -0.701766 1.073456 1.630481
v -0.719578 1.046507 1.634805
v -0.713869 1.069488 1.616881
v -0.718752 1.070776 1.603227
v -0.728869 1.045235 1.618524
v -0.707582 1.074541 1.622334
v -0.700326 0.905414 1.721515
v -0.685086 0.899652 1.734169
v -0.678406 0.909648 1.736292
v -0.644161 0.902380 1.762989
v -0.775805 1.064923 0.437974
v -0.786776 1.056595 0.439636
v -0.794855 1.049066 0.494238
v -0.714007 1.156365 1.450481
v -0.715831 1.160877 1.410541
v -0.727012 1.137367 1.402696
v -0.707397 1.170154 1.457825
v -0.710806 1.170152 1.414796
v -0.722871 1.153110 1.380686
v -0.739707 1.091646 1.474770
v -0.736301 1.081151 1.519860
v -0.722122 1.120745 1.506208
v -0.742463 1.070212 1.520401
v -0.729298 1.094116 1.525577
v -0.694868 1.206896 1.476306
v -0.698137 1.206337 1.443067
v -0.707761 1.166278 1.472472
v -0.704703 1.166264 1.503068
v -0.690793 1.244049 1.421841
v -0.680724 1.282375 1.425772
v -0.683668 1.273343 1.405119
v -0.679704 1.306656 1.387910
v -0.667258 1.349165 1.423775
v -0.676817 1.325941 1.381172
v -0.671427 1.347093 1.387954
v -0.675445 1.336608 1.373877
v -0.664846 1.370502 1.387707
v -0.665638 1.393431 1.339692
v -0.670952 1.365568 1.360967
v -0.625306 1.491781 1.297305
v -0.623207 1.508680 1.221444
v -0.629777 1.505712 1.201572
v -0.631792 1.479471 1.323127
v -0.636188 1.498485 1.196165
v -0.637044 1.470385 1.332751
v -0.618046 1.490864 1.325378
v -0.616368 1.499426 1.295586
v -0.627212 1.480932 1.334859
v -0.614498 1.510755 1.246749
v -0.642371 1.488995 1.192228
v -0.713893 1.136046 1.520165
v -0.714692 1.123179 1.546000
v -0.601110 1.518250 1.248806
v -0.602088 1.507083 1.299019
v -0.603805 1.495200 1.339859
v -0.581244 1.515075 1.304991
v -0.582014 1.503905 1.345165
v -0.580856 1.526159 1.253514
v -0.623172 1.515262 1.175323
v -0.629671 1.510567 1.159386
v -0.636531 1.503986 1.141004
v -0.613566 1.519317 1.201096
v -0.613352 1.523655 1.160197
v -0.620608 1.521515 1.117139
v -0.630002 1.513976 1.099224
v -0.642987 1.495915 1.100867
v -0.644971 1.488815 1.158537
v -0.599845 1.526822 1.202540
v -0.599505 1.531246 1.160356
v -0.580228 1.532583 1.217943
v -0.580180 1.535937 1.192816
v -0.580181 1.538975 1.160606
v -0.588973 1.539252 1.107835
v -0.605565 1.531142 1.116695
v -0.563764 1.538702 1.205372
v -0.563973 1.544203 1.146193
v -0.541947 1.543542 1.194244
v -0.541914 1.546576 1.161878
v -0.542005 1.540246 1.219637
v -0.577408 1.542652 1.117425
v -0.563978 1.530881 1.252688
v -0.542189 1.534459 1.253809
v -0.509203 1.543936 1.220404
v -0.509173 1.547263 1.194839
v -0.509156 1.550359 1.162311
v -0.541894 1.549571 1.118111
v -0.509145 1.553460 1.118420
v -0.736366 1.120447 1.368769
v -0.741389 1.113332 1.331196
v -0.743661 1.104747 1.345426
v -0.738954 1.125665 1.317266
v -0.745609 1.110673 1.286774
v -0.746710 1.103393 1.283371
v -0.747422 1.100866 1.260338
v -0.749209 1.094103 1.282798
v -0.748550 1.085312 1.421996
v -0.344088 1.594385 0.498953
v -0.341812 1.594615 0.465293
v -0.406067 1.589706 0.465046
v -0.408391 1.589442 0.498336
v -0.341813 1.594039 0.432669
v -0.406074 1.589072 0.432598
v -0.463074 1.584506 0.464814
v -0.464878 1.584267 0.497779
v -0.465104 1.583239 0.419186
v -0.275906 1.598604 0.499589
v -0.275290 1.598602 0.451945
v -0.273933 1.597084 0.387478
v -0.341814 1.592731 0.387642
v -0.406083 1.587640 0.387803
v -0.510448 1.578201 0.420082
v -0.509412 1.579598 0.476646
v -0.510616 1.578163 0.539590
v -0.608506 1.549093 0.581928
v -0.603516 1.539844 0.941538
v -0.601954 1.555000 0.539029
v -0.593787 1.558035 0.581277
v -0.586271 1.560174 0.613178
v -0.586924 1.563470 0.504931
v -0.599359 1.557737 0.482389
v -0.609983 1.550605 0.472826
v -0.615749 1.545305 0.484406
v -0.615653 1.538854 0.714357
v -0.621596 1.533051 0.706163
v -0.622491 1.538234 0.462347
v -0.627070 1.528624 0.586688
v -0.629679 1.528862 0.451371
v -0.633401 1.519533 0.534449
v -0.640405 1.507944 0.502617
v -0.639492 1.507900 0.558841
v -0.634387 1.515491 0.725432
v -0.669472 1.440448 0.526858
v -0.656725 1.471084 0.524693
v -0.603234 1.552989 0.391419
v -0.595717 1.557534 0.403057
v -0.618514 1.541335 0.390184
v -0.612094 1.544873 0.337656
v -0.587674 1.562964 0.453259
v -0.587885 1.558823 0.349633
v -0.639714 1.504178 0.084444
v -0.640081 1.511488 0.301322
v -0.633545 1.515913 0.154457
v -0.632281 1.524557 0.372199
v -0.625427 1.533296 0.372849
v -0.628234 1.522887 0.155323
v -0.645425 1.495649 0.109091
v -0.645030 1.499404 0.183376
v -0.645250 1.502153 0.258089
v -0.646403 1.502472 0.325815
v -0.648805 1.498940 0.379135
v -0.638998 1.514860 0.386063
v -0.543177 1.552710 -0.013195
v -0.543733 1.548456 -0.081696
v -0.566549 1.542126 -0.110256
v -0.565877 1.548156 -0.013009
v -0.581452 1.542568 -0.038773
v -0.509686 1.565935 0.147188
v -0.509474 1.557836 -0.013223
v -0.543044 1.567017 0.272914
v -0.510100 1.553260 -0.083629
v -0.510333 1.549720 -0.124799
v -0.544176 1.545173 -0.122691
v -0.583162 1.535341 -0.139722
v -0.599087 1.531881 -0.109992
v -0.592351 1.540195 -0.004087
v -0.564899 1.560437 0.228263
v -0.341821 1.577434 0.024395
v -0.341823 1.573615 -0.038027
v -0.406158 1.568032 -0.035820
v -0.406144 1.571691 0.026268
v -0.341826 1.569465 -0.090656
v -0.406178 1.564152 -0.088163
v -0.463383 1.562221 -0.033728
v -0.463335 1.565732 0.028042
v -0.463450 1.558604 -0.085799
v -0.273933 1.586135 0.094008
v -0.273933 1.582475 0.022472
v -0.341820 1.581059 0.095560
v -0.273933 1.578500 -0.040292
v -0.273933 1.574106 -0.093213
v -0.273933 1.569187 -0.135217
v -0.341829 1.564846 -0.132440
v -0.406207 1.559897 -0.129732
v -0.463548 1.554726 -0.127162
v -0.462951 1.571376 0.140338
v -0.406132 1.575282 0.097071
v -0.626037 1.494104 -0.226731
v -0.636749 1.490075 -0.214699
v -0.622474 1.502824 -0.214305
v -0.625023 1.507612 -0.195432
v -0.613308 1.513717 -0.199619
v -0.607938 1.501660 -0.232122
v -0.636600 1.498361 -0.186109
v -0.607910 1.511824 -0.212400
v -0.605109 1.521045 -0.186857
v -0.205483 1.566927 -0.168769
v -0.136989 1.569307 -0.171267
v -0.137148 1.563214 -0.193068
v -0.205721 1.560831 -0.190505
v -0.068494 1.570771 -0.173034
v -0.068574 1.564740 -0.194880
v -0.137807 1.556255 -0.210235
v -0.203960 1.554209 -0.207108
v -0.069347 1.557544 -0.212823
v -0.205449 1.572599 -0.137947
v -0.273978 1.563683 -0.165905
v -0.136966 1.575025 -0.140329
v -0.068483 1.576474 -0.142014
v -0.000000 1.576955 -0.142653
v -0.000000 1.571270 -0.173704
v 0.000000 1.565277 -0.195567
v 0.000001 1.558251 -0.213294
v -0.274295 1.557721 -0.187568
v -0.269525 1.551354 -0.204313
v -0.145862 1.525093 -0.269285
v -0.219183 1.522681 -0.266204
v -0.072890 1.526792 -0.271454
v 0.000001 1.527440 -0.272278
v -0.291679 1.519948 -0.262714
v -0.624579 1.512799 -0.169350
v -0.621477 1.518404 -0.132108
v -0.613555 1.523298 -0.134181
v -0.617050 1.517640 -0.171945
v -0.606449 1.524820 -0.158425
v -0.631225 1.507115 -0.166500
v -0.627447 1.514867 -0.109487
v -0.597061 1.528308 -0.161846
v -0.706606 1.106567 -0.538670
v -0.717270 1.103962 -0.529475
v -0.709780 1.116136 -0.523174
v -0.712220 1.095200 -0.551376
v -0.723960 1.092208 -0.541840
v -0.727226 1.100669 -0.516538
v -0.634746 1.505559 -0.135155
v -0.645037 1.489414 -0.158712
v -0.639961 1.498400 -0.132518
v -0.655249 1.469969 -0.176598
v -0.652202 1.476859 -0.153740
v -0.649931 1.481835 -0.118263
v -0.602018 1.536611 0.008642
v -0.637173 1.517508 0.440231
v -0.644255 1.505131 0.437517
v -0.647140 1.480699 -0.199559
v -0.651925 1.465330 -0.222734
v -0.658541 1.461019 -0.195820
v -0.663655 1.444240 -0.219798
v -0.611683 1.434978 -0.307711
v -0.620816 1.455948 -0.280906
v -0.597856 1.457699 -0.289990
v -0.612849 1.475534 -0.263568
v -0.597814 1.489018 -0.254318
v -0.620318 1.411664 -0.325929
v -0.575429 1.477971 -0.274865
v -0.577901 1.493586 -0.255096
v -0.541035 1.494187 -0.264058
v -0.633851 1.361025 -0.364675
v -0.626863 1.389203 -0.343259
v -0.658735 1.243942 -0.452840
v -0.671252 1.186222 -0.496484
v -0.676012 1.219616 -0.463472
v -0.721880 1.161074 -0.464114
v -0.737063 1.112046 -0.480563
v -0.726995 1.172275 -0.443148
v -0.739560 1.101263 -0.487035
v -0.743001 1.091669 -0.493014
v -0.097519 1.085119 -0.691895
v -0.128828 1.096855 -0.629485
v -0.040397 1.096852 -0.630078
v -0.194394 1.096913 -0.628431
v 0.032709 1.085480 -0.690457
v -0.801193 0.989839 -0.684233
v -0.795663 1.008322 -0.701769
v -0.805005 0.974805 -0.708225
v -0.791798 1.016680 -0.672282
v -0.807934 0.972760 -0.654969
v -0.794994 1.009233 -0.638649
v -0.789426 1.021885 -0.637742
v -0.783148 1.036749 -0.645529
v -0.787811 1.030025 -0.681242
v -0.800276 0.992701 -0.724535
v -0.807802 0.958110 -0.742209
v -0.817714 0.957130 -0.546001
v -0.814722 0.956536 -0.609718
v -0.819913 0.942661 -0.547158
v -0.818670 0.925072 -0.629354
v -0.821571 0.921376 -0.548242
v -0.813986 0.973266 -0.544124
v -0.816577 0.940257 -0.631975
v -0.819322 0.910357 -0.640082
v -0.824768 0.594793 -0.681531
v -0.824301 0.501194 -0.758721
v -0.825516 0.539119 -0.748841
v -0.825071 0.520076 -0.818135
v -0.821620 0.459604 -0.801777
v -0.823630 0.488017 -0.809256
v -0.819141 0.439886 -0.737189
v -0.822121 0.475524 -0.717289
v -0.818102 0.429383 -0.794020
v -0.813600 0.425880 -0.250631
v -0.808504 0.397605 -0.249934
v -0.809084 0.396032 -0.052472
v -0.814396 0.423126 -0.076308
v -0.803186 0.372814 -0.326248
v -0.804366 0.373254 0.051235
v -0.816571 0.428275 0.157670
v -0.818477 0.472039 -0.393916
v -0.812923 0.428726 -0.397330
v -0.818804 0.457231 -0.250815
v -0.807884 0.398538 -0.465528
v -0.798321 0.352622 -0.461173
v -0.798791 0.352768 -0.160203
v -0.799450 0.352737 0.176770
v -0.810593 0.394559 0.438699
v -0.820765 0.451072 0.096093
v -0.821759 0.456512 0.241844
v -0.819674 0.450777 -0.077803
v -0.800097 0.352780 0.540714
v -0.805594 0.373181 0.485152
v -0.815027 0.415527 0.442266
v -0.818308 0.434388 0.445213
v -0.814213 0.406979 0.549664
v -0.809623 0.387413 0.548340
v -0.812716 0.391189 0.636327
v -0.804009 0.365560 0.563589
v -0.802010 0.353942 0.632019
v -0.817704 0.422935 0.569072
v -0.817962 0.414351 0.639582
v -0.794977 0.336331 0.535649
v -0.789370 0.320305 0.366406
v -0.786635 0.312818 0.547885
v -0.804387 0.365581 -0.727162
v -0.809947 0.387839 -0.724846
v -0.806621 0.372870 -0.779451
v -0.814146 0.405705 -0.787942
v -0.814974 0.413729 -0.720946
v -0.799335 0.348439 -0.706662
v -0.794411 0.333436 -0.769180
v -0.791323 0.324434 0.596922
v -0.780398 0.296715 0.603772
v -0.790083 0.319688 0.627722
v -0.779633 0.295132 0.576905
v -0.785234 0.307957 0.623123
v -0.782488 0.301640 0.617267
v -0.794182 0.335443 0.052587
v -0.793721 0.335377 -0.320488
v -0.789120 0.320603 -0.152022
v -0.783482 0.305390 -0.537519
v -0.779598 0.295145 -0.575222
v -0.788658 0.319513 -0.570464
v -0.793659 0.335199 -0.567114
v -0.798282 0.351599 -0.575043
v -0.794602 0.334055 -0.663666
v -0.799498 0.351183 -0.641099
v -0.789511 0.319711 -0.673230
v -0.786016 0.310745 -0.761823
v -0.779665 0.295234 -0.736770
v -0.781491 0.299664 -0.752981
v -0.809822 0.393723 -0.655960
v -0.804987 0.369688 -0.678201
v -0.802742 0.368858 -0.589564
v -0.823735 0.511452 -0.708712
v -0.820588 0.529567 -0.582811
v -0.822406 0.570232 -0.599657
v -0.818375 0.448735 -0.671023
v -0.818425 0.489792 -0.580549
v -0.824635 0.701262 -0.658531
v -0.824456 0.642688 -0.648430
v -0.815556 0.454206 -0.579276
v -0.822106 0.606477 -0.552630
v -0.814790 0.419073 -0.675701
v -0.811774 0.422208 -0.577572
v -0.807558 0.395155 -0.576139
v -0.616753 1.446897 1.415259
v -0.618274 1.459767 1.396551
v -0.605561 1.476124 1.383256
v -0.621570 1.468294 1.378522
v -0.631728 1.439728 1.408526
v -0.625023 1.426130 1.430015
v -0.802947 0.372620 -0.525711
v -0.812240 0.426967 -0.496952
v -0.816073 0.459588 -0.505991
v -0.819908 0.528046 -0.532520
v -0.821074 0.565453 -0.550052
v -0.818423 0.491892 -0.531931
v -0.818905 0.496170 -0.485358
v -0.810737 0.955778 -0.686393
v -0.811208 0.939901 -0.753703
v -0.813664 0.926382 -0.764898
v -0.816213 0.914382 -0.736071
v -0.815957 0.915068 -0.779026
v -0.782355 1.040363 -0.593276
v -0.781602 1.039777 -0.620438
v -0.803285 0.990827 -0.627414
v -0.765343 1.053189 -0.580494
v -0.749618 1.066062 -0.567343
v -0.744521 1.065245 -0.584646
v -0.764160 1.051893 -0.596796
v -0.728448 1.080469 -0.564386
v -0.729907 1.071027 -0.588810
v -0.740914 1.060584 -0.608975
v -0.765554 1.048405 -0.615968
v -0.706513 1.086245 -0.575520
v -0.711940 1.076065 -0.595294
v -0.722468 1.059439 -0.638614
v -0.733159 1.052623 -0.654495
v -0.718487 1.066710 -0.616636
v -0.762941 1.046002 -0.637340
v -0.713140 1.052324 -0.686579
v -0.696106 1.060415 -0.665308
v -0.684209 1.057956 -0.691748
v -0.750383 1.037269 -0.715185
v -0.741389 1.044879 -0.682774
v -0.715188 1.047079 -0.720176
v -0.693723 1.065632 -0.645549
v -0.674188 1.065721 -0.660607
v -0.686688 1.052889 -0.723907
v -0.515139 1.073814 -0.695146
v -0.468663 1.072769 -0.719239
v -0.543708 1.068998 -0.711868
v -0.605548 1.070414 -0.676367
v -0.536575 1.075741 -0.677432
v -0.421026 1.078293 -0.698269
v -0.457765 1.070513 -0.740788
v -0.517411 1.067707 -0.737118
v -0.608954 1.064672 -0.705058
v -0.649007 1.057712 -0.727166
v -0.355380 1.079640 -0.703261
v -0.409760 1.071731 -0.743019
v -0.365482 1.072593 -0.744655
v -0.302900 1.080151 -0.707718
v -0.312873 1.073128 -0.746161
v -0.245132 1.096819 -0.626940
v -0.256333 1.073439 -0.747384
v -0.167235 1.073836 -0.748746
v -0.034758 1.074056 -0.749611
v 0.053638 1.074076 -0.749537
v -0.295553 1.096804 -0.624625
v -0.339630 1.096720 -0.621819
v -0.412886 1.085479 -0.664166
v -0.384252 1.096578 -0.618349
v -0.425575 1.096257 -0.614771
v -0.552111 1.081028 -0.650642
v -0.531231 1.089652 -0.623673
v -0.515656 1.082213 -0.655374
v -0.466230 1.095792 -0.611096
v -0.476275 1.083372 -0.660015
v -0.584796 1.079889 -0.645902
v -0.597836 1.089257 -0.611428
v -0.580587 1.094847 -0.596830
v -0.546142 1.094927 -0.602276
v -0.507382 1.095309 -0.606972
v -0.710951 1.229166 -0.417364
v -0.699877 1.289118 -0.374834
v -0.712417 1.254022 -0.387621
v -0.700610 1.310367 -0.346432
v -0.680650 1.360030 -0.325934
v -0.691076 1.328027 -0.345737
v -0.671585 1.393361 -0.297333
v -0.691624 1.345555 -0.317916
v -0.682747 1.377161 -0.290032
v -0.664998 1.424109 -0.261905
v -0.619880 1.390147 1.464774
v -0.587625 1.428345 1.460232
v -0.638094 1.400443 1.440993
v -0.595609 1.404773 1.472625
v -0.663399 1.075215 -0.633848
v -0.651531 1.086486 -0.606621
v -0.635514 1.078644 -0.634355
v -0.631499 1.096659 -0.583553
v -0.612559 1.079100 -0.640456
v -0.646897 1.070544 -0.658238
v -0.669370 1.082048 -0.611343
v -0.667127 1.091557 -0.590192
v -0.662840 1.105190 -0.566510
v -0.650072 1.099910 -0.575233
v -0.609318 1.095306 -0.590476
v -0.650365 1.066010 -0.675872
v -0.652674 1.061648 -0.697534
v -0.287057 1.506426 1.410957
v -0.401423 1.498471 1.419765
v -0.386155 1.495367 1.429384
v -0.459310 1.496103 1.417644
v -0.454631 1.485796 1.447416
v -0.400003 1.505052 1.403195
v -0.461779 1.510687 1.378551
v -0.399196 1.488110 1.447605
v -0.299695 1.495018 1.435224
v -0.337347 1.488924 1.447911
v -0.242814 1.489033 1.448375
v -0.255033 1.501548 1.423227
v -0.654667 1.319519 1.489843
v -0.641219 1.312572 1.506227
v -0.612233 1.285200 1.548115
v -0.601384 1.373978 1.491279
v -0.672373 1.200913 1.566234
v -0.654879 1.197229 1.581650
v -0.621164 1.207036 1.598330
v -0.680081 1.071161 1.650708
v -0.662604 1.065334 1.667601
v -0.664602 1.128795 1.623092
v -0.689767 1.128865 1.603101
v -0.632390 1.104798 1.662710
v -0.684020 1.043851 1.667744
v -0.709572 1.031648 1.656330
v -0.680176 1.029707 1.678811
v -0.636618 1.054361 1.692593
v -0.638460 1.011276 1.715289
v -0.765063 1.044721 1.515304
v -0.771750 1.035812 1.509405
v -0.758395 1.035858 1.552640
v -0.753612 1.045382 1.551142
v -0.776548 1.026554 1.504720
v -0.760568 1.023301 1.559545
v -0.737049 1.109172 1.433658
v -0.749525 1.088357 1.372257
v -0.752856 1.081675 1.371606
v -0.821655 0.816128 0.890240
v -0.771057 1.039184 -0.659723
v -0.726077 0.898304 1.696595
v -0.732818 0.904590 1.685512
v -0.733221 0.817959 1.688687
v -0.738744 0.904043 1.673164
v -0.715461 0.857918 1.711461
v -0.715200 0.904508 1.708528
v -0.739434 0.817385 1.674825
v -0.745111 0.888405 1.657394
v -0.813467 0.647179 1.458291
v -0.799199 0.780050 1.486268
v -0.813311 0.698174 1.439802
v -0.802732 0.687864 1.494559
v -0.794110 0.769766 1.512915
v -0.803733 0.787874 1.457328
v -0.816804 0.639416 1.440791
v -0.817338 0.685523 1.416299
v -0.746223 0.586701 1.644032
v -0.725499 0.566784 1.695328
v -0.742255 0.533098 1.648306
v -0.725504 0.537157 1.691610
v -0.739367 0.503457 1.649846
v -0.738151 0.474901 1.646055
v -0.732531 0.477647 1.658131
v -0.725514 0.513707 1.685897
v -0.750470 0.501887 1.624375
v -0.757972 0.474171 1.604933
v -0.726376 0.492733 1.676287
v -0.728964 0.482067 1.666568
v -0.773477 0.846785 1.578328
v -0.768934 0.800461 1.594387
v -0.746660 0.905317 1.651562
v -0.773442 0.906201 1.571707
v -0.802721 0.473632 1.507241
v -0.806742 0.530907 1.497803
v -0.811932 0.473460 1.484945
v -0.811246 0.580285 1.483532
v -0.791309 0.526135 1.534061
v -0.793714 0.577573 1.530295
v -0.815151 0.582126 1.468580
v -0.818331 0.473130 1.463026
v -0.818289 0.578073 1.452150
v -0.821149 0.474101 1.443579
v -0.821932 0.569839 1.416023
v -0.822011 0.476584 1.433349
v -0.822861 0.506142 1.411874
v -0.822703 0.490287 1.418023
v -0.822473 0.481637 1.424422
v -0.822875 0.556236 1.401828
v -0.820101 0.583945 1.434972
v -0.822875 0.574923 1.395547
v -0.822875 0.588791 1.388327
v -0.819791 0.618133 1.423346
v -0.822197 0.622053 1.386781
v -0.819860 0.645104 1.411826
v -0.819234 0.685975 1.394790
v -0.821184 0.653160 1.388560
v -0.821268 0.691648 1.352561
v -0.822888 0.657246 1.307800
v -0.822871 0.616487 1.362517
v -0.822875 0.601407 1.378487
v -0.773515 0.581399 1.578289
v -0.776810 0.644190 1.573220
v -0.759490 0.544973 1.608086
v -0.809005 0.782626 1.422004
v -0.818633 0.743710 1.351039
v -0.781549 0.835798 1.552388
v -0.790453 0.838279 1.514698
v -0.791203 0.728576 1.530345
v -0.779798 0.785948 1.563370
v -0.725892 0.818319 1.701382
v -0.741023 0.948636 1.646634
v -0.734756 0.951590 1.659986
v -0.730005 1.005658 1.644609
v -0.736254 1.010136 1.629761
v -0.728626 0.952133 1.671088
v -0.723846 1.005214 1.654395
v -0.720871 0.953214 1.681139
v -0.716229 1.004774 1.663363
v -0.710483 0.954286 1.691256
v -0.706263 1.003391 1.672913
v -0.723466 1.031640 1.641195
v -0.733515 1.032149 1.621934
v -0.674684 1.308052 1.440272
v -0.542594 1.523812 1.305488
v -0.564512 1.520072 1.304241
v -0.542721 1.516060 1.336156
v -0.564886 1.512143 1.334881
v -0.777649 1.043153 1.466473
v -0.765562 1.049255 1.499148
v -0.781762 1.035886 1.467602
v -0.774167 0.509628 1.571934
v -0.703305 1.144174 1.568664
v -0.691400 1.188039 1.555454
v -0.694052 1.190072 1.545931
v -0.693932 1.150789 1.582453
v -0.678698 1.205440 1.557791
v -0.680743 1.221892 1.542569
v -0.680542 1.245654 1.521297
v -0.696626 1.195262 1.515834
v -0.681370 1.256505 1.506436
v -0.646017 1.392919 1.438560
v -0.649182 1.398990 1.427742
v -0.657700 1.388013 1.413534
v -0.649846 1.421243 1.395314
v -0.639917 1.419415 1.421340
v -0.642192 1.434198 1.399942
v -0.652432 1.398849 1.419722
v -0.762123 0.722325 1.611936
v -0.634640 1.453578 1.384440
v -0.632107 1.466945 1.362605
v -0.619726 1.481549 1.351694
v -0.604850 1.485745 1.363786
v -0.582412 1.491762 1.376984
v -0.666088 0.884571 1.750687
v -0.685282 0.875941 1.736987
v -0.701373 0.873205 1.723825
v -0.645303 0.869086 1.769016
v -0.565393 1.503847 1.361007
v -0.543148 1.508175 1.361733
v -0.205449 1.562490 1.223951
v -0.136966 1.565142 1.224546
v -0.136966 1.569412 1.197690
v -0.205449 1.566603 1.197294
v -0.068483 1.566922 1.224966
v -0.068483 1.571302 1.197970
v -0.136966 1.573562 1.163929
v -0.205449 1.570602 1.163723
v -0.068483 1.575554 1.164074
v -0.206894 1.555697 1.259483
v -0.309493 1.557416 1.222953
v -0.137702 1.558127 1.260811
v -0.068763 1.559774 1.261643
v 0.000000 1.559948 1.264017
v -0.000000 1.567573 1.225126
v -0.000000 1.571994 1.198076
v -0.000000 1.576283 1.164129
v -0.000000 1.580577 1.119189
v -0.068483 1.579831 1.119172
v -0.136966 1.577785 1.119125
v -0.205449 1.574722 1.119060
v -0.306995 1.565148 1.162995
v -0.304394 1.569295 1.117040
v -0.308600 1.561307 1.196592
v -0.140619 1.602867 0.550453
v -0.066700 1.601008 0.699427
v -0.070553 1.604290 0.540307
v -0.205724 1.599509 0.603660
v -0.206792 1.601177 0.530680
v -0.273925 1.594972 0.646594
v -0.204336 1.597071 0.700674
v -0.135790 1.599492 0.702758
v 0.000001 1.600591 0.736384
v 0.000002 1.604592 0.546255
v -0.274391 1.597212 0.564734
v -0.817574 0.791139 1.330371
v -0.322655 1.525217 1.359669
v -0.405053 1.519314 1.364379
v -0.318239 1.519033 1.377833
v -0.463238 1.517839 1.357284
v -0.798565 0.905586 1.451169
v -0.794142 0.911189 1.476992
v -0.798892 0.841619 1.468020
v -0.796013 0.640065 1.522822
v -0.800010 0.646898 1.510216
v -0.787296 0.657681 1.546365
v -0.786897 0.697468 1.546340
v -0.822885 0.743431 1.070441
v -0.822875 0.744570 1.036910
v -0.822875 0.740118 1.103357
v -0.822875 0.735007 1.134795
v -0.822495 0.793260 1.017378
v -0.822875 0.733506 0.938099
v -0.822875 0.739506 0.970522
v -0.822875 0.743242 1.003512
v -0.819761 0.851309 0.714577
v -0.817328 0.858468 0.940623
v -0.818020 0.858769 0.455406
v -0.816900 0.866068 0.455355
v -0.803256 0.845759 -1.400809
v -0.798924 0.863610 -1.391515
v -0.806112 0.866385 -1.192643
v -0.816721 0.904141 -0.733122
v -0.821094 0.904054 -0.548819
v -0.817898 0.889046 -0.623561
v -0.819687 0.843425 1.258911
v -0.818218 0.986298 0.543733
v -0.817886 1.002339 0.454078
v -0.818755 0.980471 0.455143
v -0.734766 1.050383 1.595352
v -0.742653 1.038845 1.592557
v -0.734660 1.066168 1.559215
v -0.746807 1.023212 1.596417
v -0.820612 0.846667 1.162375
v -0.821995 0.811065 1.054389
v -0.822234 0.784051 0.813523
v -0.751784 1.088130 1.225859
v -0.755079 1.081473 1.215115
v -0.804302 0.589346 1.503465
v -0.819540 0.852560 1.186500
v -0.817479 0.858185 1.216028
v -0.815868 0.860674 1.262244
v -0.812750 0.860820 1.318569
v -0.816337 0.865517 1.184917
v -0.816576 0.983271 1.009008
v -0.815666 1.001266 1.050047
v -0.810293 1.026728 1.026699
v -0.819960 0.910551 0.455561
v -0.819594 0.904770 0.455537
v -0.819022 0.937814 0.610005
v -0.818421 0.937288 0.788681
v -0.709642 1.091127 1.604633
v -0.816240 1.015373 0.452944
v -0.813268 1.026853 0.451155
v -0.821240 0.836903 0.455557
v -0.820360 0.849961 0.455524
v -0.799118 1.043122 0.990844
v -0.805279 1.035971 0.820621
v -0.805408 1.035871 1.010838
v -0.791938 1.049288 0.993641
v -0.813796 0.822895 -1.242323
v -0.818187 0.794024 -1.144571
v -0.816884 0.795502 -1.191713
v -0.819256 0.789774 -1.103993
v -0.813076 0.811616 -1.283884
v -0.813930 0.781607 -1.294475
v -0.814558 0.787011 -1.272281
v -0.815213 0.790970 -1.249515
v -0.815879 0.793609 -1.226428
v -0.797423 0.853203 -1.474241
v -0.792670 0.869262 -1.487086
v -0.797300 0.845887 -1.497562
v -0.794826 0.861137 -1.507967
v -0.819139 0.891002 -0.549163
v -0.803171 0.824508 -1.442269
v -0.797174 0.834761 -1.518734
v -0.807739 0.826509 -1.365178
v -0.811081 0.797684 -1.346318
v -0.811653 0.740515 -1.379332
v -0.812214 0.754412 -1.357993
v -0.812770 0.765651 -1.336997
v -0.813337 0.774595 -1.315953
v -0.815549 0.899916 -0.874340
v -0.804842 0.899958 -1.199149
v -0.804081 0.896245 -1.195056
v -0.817318 0.902477 -0.875472
v -0.806624 0.902466 -1.198622
v -0.803522 0.891476 -1.201902
v -0.814579 0.893944 -0.861985
v -0.820022 0.785495 -1.074179
v -0.820820 0.779394 -1.042755
v -0.821624 0.770815 -1.011038
v -0.822416 0.759113 -0.980367
v -0.788664 0.859204 -1.612168
v -0.796842 0.803629 -1.558827
v -0.810512 0.703987 -1.423416
v -0.811096 0.723679 -1.401261
v -0.800385 0.591839 -1.579436
v -0.794413 0.594704 -1.613359
v -0.792319 0.555068 -1.613370
v -0.799279 0.548001 -1.578697
v -0.804165 0.629409 -1.548753
v -0.807784 0.572404 -1.520151
v -0.808272 0.601295 -1.504342
v -0.805191 0.555115 -1.544650
v -0.803070 0.546791 -1.558126
v -0.807543 0.547420 -1.531443
v -0.808788 0.629424 -1.486426
v -0.800865 1.007284 -0.537676
v -0.808622 0.989227 -0.541471
v -0.791226 0.494128 -1.592048
v -0.779851 0.464314 -1.611612
v -0.790319 0.472226 -1.587043
v -0.795058 0.519161 -1.588429
v -0.787516 0.510971 -1.613321
v -0.778551 0.448610 -1.606970
v -0.782737 0.446769 -1.597451
v -0.807160 0.522435 -1.540105
v -0.801048 0.521359 -1.564909
v -0.798443 0.497606 -1.570269
v -0.803363 0.501418 -1.555351
v -0.799288 0.479211 -1.565325
v -0.793240 0.454909 -1.576378
v -0.799361 0.464249 -1.563892
v -0.805760 0.490233 -1.549101
v -0.803161 0.474307 -1.555708
v -0.824560 0.702411 -0.902678
v -0.824531 0.758514 -0.795964
v -0.823853 0.724779 -0.925848
v -0.823106 0.743748 -0.951824
v -0.823279 0.771709 -0.550984
v -0.823063 0.672952 -0.552275
v -0.822691 0.813595 -0.804030
v -0.794351 1.048702 1.194188
v -0.801548 1.042878 1.220487
v -0.807284 1.035833 1.173061
v -0.812102 1.026691 1.175130
v -0.677999 1.137513 -0.534698
v -0.675979 1.161557 -0.515244
v -0.680581 1.111145 -0.554334
v -0.691189 1.109120 -0.549759
v -0.683192 1.123623 -0.541292
v -0.679246 1.101028 -0.567725
v -0.671124 1.112991 -0.557196
v -0.693609 1.098552 -0.562933
v -0.675747 1.122774 -0.547544
v -0.548023 1.533798 -0.189418
v -0.571932 1.530519 -0.187271
v -0.569734 1.534362 -0.171956
v -0.546033 1.537947 -0.174046
v -0.590124 1.525545 -0.190107
v -0.585853 1.530836 -0.169981
v -0.568233 1.537812 -0.150733
v -0.544854 1.541706 -0.152744
v -0.523468 1.528773 -0.210782
v -0.555763 1.525913 -0.208649
v -0.513360 1.537189 -0.191755
v -0.578606 1.522970 -0.206635
v -0.510727 1.545898 -0.154968
v -0.511607 1.541734 -0.176339
v -0.561222 1.516724 -0.225736
v -0.584306 1.514085 -0.223083
v -0.568070 1.506956 -0.239703
v -0.590407 1.504646 -0.236216
v -0.597568 1.514410 -0.215751
v -0.524436 1.519238 -0.229375
v -0.533629 1.509909 -0.242988
v -0.542089 1.575095 0.476763
v -0.542736 1.573662 0.420818
v -0.564421 1.569136 0.410894
v -0.563714 1.571028 0.476886
v -0.578228 1.564953 0.402196
v -0.577503 1.567360 0.484731
v -0.542343 1.573538 0.548216
v -0.563409 1.569645 0.547579
v -0.508193 1.571020 0.739994
v -0.577141 1.564962 0.575508
v -0.684521 1.090099 -0.584827
v -0.687795 1.080553 -0.604493
v -0.691045 1.072306 -0.625077
v -0.672072 1.414612 -0.253163
v -0.541881 1.552690 1.060342
v -0.542340 1.556580 0.975208
v -0.563828 1.549863 1.042132
v -0.563802 1.555731 0.903475
v -0.577602 1.551956 0.909496
v -0.577578 1.546484 1.041664
v -0.510106 1.557910 1.036234
v -0.509308 1.564122 0.903419
v -0.542020 1.562446 0.835233
v -0.587259 1.546217 0.969037
v -0.205449 1.579105 1.060888
v -0.136966 1.582186 1.060895
v -0.136966 1.586543 0.993845
v -0.205449 1.583511 0.993830
v -0.068483 1.584214 1.060899
v -0.068483 1.588491 0.993856
v -0.136966 1.590544 0.924335
v -0.205449 1.587606 0.924270
v -0.068483 1.592381 0.924381
v -0.273933 1.575212 1.060880
v -0.000000 1.584944 1.060901
v -0.000000 1.589180 0.993860
v -0.000000 1.593016 0.924399
v -0.000000 1.596181 0.858851
v -0.068483 1.595600 0.858816
v -0.136966 1.593881 0.858724
v -0.205449 1.591057 0.858594
v -0.273933 1.583670 0.924195
v -0.273933 1.587162 0.858445
v -0.273933 1.579573 0.993812
v -0.668163 1.434096 0.988413
v -0.668193 1.432468 1.055638
v -0.660142 1.459484 0.807784
v -0.664927 1.448560 0.694479
v -0.668310 1.435553 0.900377
v -0.623057 1.522833 1.038017
v -0.629384 1.518510 0.969936
v -0.622416 1.527412 0.899147
v -0.636336 1.508204 1.040440
v -0.635534 1.511653 0.904094
v -0.616376 1.528188 1.034593
v -0.615841 1.533178 0.896902
v -0.628349 1.523308 0.785514
v -0.642362 1.499645 0.972263
v -0.610295 1.532703 1.025344
v -0.597840 1.539109 1.033799
v -0.609083 1.541827 0.785408
v -0.611133 1.529239 -0.050290
v -0.619007 1.524263 -0.050748
v -0.341815 1.590610 0.326117
v -0.341817 1.587822 0.252541
v -0.406106 1.582324 0.253324
v -0.406094 1.585327 0.326567
v -0.341818 1.584571 0.173495
v -0.406119 1.578890 0.174637
v -0.463882 1.578519 0.298953
v -0.273933 1.595164 0.325656
v -0.273933 1.592603 0.251738
v -0.273933 1.589545 0.172323
v -0.510004 1.573310 0.303757
v -0.648226 1.485825 -0.065948
v -0.646664 1.490109 0.005457
v -0.068483 1.602314 0.324525
v -0.068483 1.600311 0.249771
v -0.136966 1.598829 0.250258
v -0.136966 1.600970 0.324805
v -0.068483 1.597729 0.169452
v -0.136966 1.596129 0.170164
v -0.205449 1.596281 0.250948
v -0.205449 1.598617 0.325201
v -0.205449 1.593415 0.171170
v -0.000001 1.604629 0.411828
v 0.000000 1.602741 0.324419
v -0.069874 1.604323 0.415670
v -0.000000 1.600791 0.249586
v -0.000000 1.598254 0.169183
v -0.000000 1.595115 0.089853
v -0.068483 1.594567 0.090210
v -0.136966 1.592906 0.091152
v -0.205449 1.590104 0.092483
v -0.207124 1.601003 0.415743
v -0.138575 1.603128 0.415480
v -0.468575 1.558318 1.102996
v -0.406058 1.566006 1.060831
v -0.406446 1.571616 0.962444
v -0.464337 1.566034 0.967927
v -0.341811 1.570755 1.060868
v -0.340941 1.577111 0.958145
v -0.406059 1.562206 1.118800
v -0.340598 1.583916 0.827079
v -0.404359 1.578498 0.826487
v -0.461795 1.572775 0.827830
v -0.068483 1.534860 1.362136
v -0.154337 1.532511 1.361435
v -0.153502 1.526957 1.376746
v -0.068482 1.529063 1.377817
v -0.151720 1.521592 1.389609
v -0.068481 1.523080 1.391505
v -0.000000 1.541248 1.343971
v -0.068483 1.540570 1.343752
v -0.000000 1.535549 1.362334
v -0.155439 1.538129 1.343244
v -0.087708 1.517767 1.401533
v -0.000000 1.523724 1.391652
v 0.000002 1.514523 1.409296
v -0.000000 1.529742 1.377991
v -0.408571 1.587084 0.582623
v -0.341856 1.590456 0.645125
v -0.342390 1.592899 0.563574
v -0.465177 1.581913 0.577511
v -0.443467 1.549229 1.221949
v -0.443208 1.552721 1.196189
v -0.406060 1.558696 1.162979
v -0.463051 1.554444 1.162675
v -0.064020 1.508301 1.418988
v -0.201658 1.501171 1.426663
v -0.175571 1.495516 1.437507
v -0.099670 1.489035 1.448817
v 0.001900 1.501940 1.429638
v -0.422281 1.534541 -0.216639
v -0.345391 1.541329 -0.213848
v -0.363298 1.516959 -0.259412
v -0.484366 1.526213 -0.223584
v -0.431434 1.512591 -0.257541
v -0.468723 1.535417 -0.206705
v -0.492269 1.505415 -0.258595
v -0.463755 1.550461 -0.157452
v -0.406313 1.555156 -0.160151
v -0.406820 1.549981 -0.181665
v -0.464414 1.545803 -0.178894
v -0.341891 1.559669 -0.162992
v -0.342291 1.554032 -0.184580
v -0.408115 1.544462 -0.197172
v -0.465934 1.540779 -0.194355
v -0.343368 1.548078 -0.200135
v -0.068483 1.590829 0.017766
v -0.068483 1.586545 -0.045837
v -0.136966 1.584970 -0.044462
v -0.136966 1.589186 0.018932
v -0.068483 1.581748 -0.099472
v -0.136966 1.580252 -0.097920
v -0.205449 1.582301 -0.042519
v -0.205449 1.586411 0.020582
v -0.205449 1.577717 -0.095727
v 0.000000 1.591370 0.017323
v -0.000000 1.587061 -0.046358
v -0.000000 1.582239 -0.100060
v -0.068720 1.605049 0.478045
v -0.137331 1.603943 0.477625
v -0.205848 1.601928 0.477261
v -0.000000 1.605382 0.476090
v -0.135829 1.546718 1.313032
v -0.067669 1.548341 1.314029
v -0.203995 1.544339 1.311683
v 0.000001 1.548508 1.316172
v -0.821467 0.455989 0.560389
v -0.820145 0.440223 0.565203
v -0.820828 0.453977 0.445984
v -0.822607 0.477388 0.390441
v -0.820388 0.429089 0.642101
v -0.822852 0.490889 0.414315
v -0.822404 0.465612 0.337620
v -0.724228 1.068688 1.589556
v -0.804043 1.035928 1.309049
v -0.798427 1.035752 1.361180
v -0.794853 1.044025 1.335473
v -0.786525 1.043393 1.410399
v -0.789585 1.035929 1.422575
v -0.797627 1.044830 1.290053
v -0.753114 1.065132 1.490649
v -0.808737 1.036253 0.448569
v -0.801573 1.042890 0.530397
v -0.801685 1.044963 0.444915
v -0.807664 1.035765 0.537020
v -0.799504 1.043111 0.785328
v -0.807161 1.035898 1.253296
v -0.811993 1.026710 1.253681
v -0.815307 1.015109 1.236736
v -0.817021 1.001603 1.236823
v -0.814178 1.014962 1.274037
v -0.817859 0.985566 1.237145
v -0.816753 0.984395 1.273930
v -0.815223 1.015170 1.174587
v -0.817008 1.001637 1.177566
v -0.817900 0.986919 1.185224
v -0.795408 0.994730 1.440620
v -0.788657 0.998235 1.474245
v -0.784866 1.014756 1.481861
v -0.746230 0.999383 1.611005
v -0.766120 0.994435 1.559267
v -0.755132 0.949622 1.608001
v -0.780940 0.999845 1.506678
v -0.788438 0.946966 1.494054
v -0.780651 0.949828 1.526754
v -0.773242 1.014928 1.525662
v -0.724679 0.909542 1.695911
v -0.687418 1.008431 1.684584
v -0.695242 0.973312 1.695244
v -0.676202 0.959439 1.715513
v -0.641432 0.952547 1.742377
v -0.813685 0.905952 1.332430
v -0.809329 0.906003 1.371582
v -0.816146 0.905994 1.304034
v -0.822408 0.849591 -0.549676
v -0.819126 0.865143 -0.549616
v -0.823116 0.833203 -0.549980
v -0.791722 0.848651 1.503483
v -0.779200 0.854783 1.556640
v -0.790009 0.860166 1.496567
v -0.778657 0.866716 1.545296
v -0.788283 0.867881 1.499701
v -0.817431 0.898868 0.455419
v -0.816567 0.892464 0.455368
v -0.791869 0.902456 -1.502245
v -0.784905 0.902464 -1.611508
v -0.791633 0.883261 -1.536516
v -0.792010 0.884588 -1.516934
v -0.812139 0.835470 -1.247931
v -0.811153 0.858721 -1.080801
v -0.820365 0.848237 -0.826960
v -0.817205 0.861726 -0.841039
v -0.821623 0.832854 -0.821916
v -0.719749 1.170435 1.363839
v -0.733670 1.171669 1.278569
v -0.733201 1.150171 1.314135
v -0.688621 1.273482 1.375238
v -0.681758 1.322362 1.343957
v -0.753530 1.087455 0.532610
v -0.751985 1.092600 0.533082
v -0.756215 1.080896 0.552798
v -0.744833 1.123308 0.505271
v -0.750047 1.100967 0.527493
v -0.750142 1.100104 0.553631
v -0.748677 1.106982 0.512516
v -0.747825 1.100128 1.201645
v -0.750287 1.093975 0.993157
v -0.817926 0.874406 -0.637721
v -0.808569 0.873734 1.350324
v -0.812570 0.879175 1.300717
v -0.808438 0.889972 1.349941
v -0.815005 0.897727 1.279028
v -0.816087 0.866782 0.928071
v -0.815627 0.877955 0.901396
v -0.816189 0.882362 0.455337
v -0.815638 0.882104 1.187382
v -0.796692 0.896701 1.444380
v -0.796512 0.882708 1.443058
v -0.814950 0.890005 1.256804
v -0.814723 0.873630 1.262980
v -0.804329 0.882119 -1.189639
v -0.797151 0.877870 -1.380720
v -0.795831 0.890494 -1.385157
v -0.814652 0.884874 -0.857601
v -0.815492 0.873004 -0.851777
v -0.815251 0.887676 -0.756102
v -0.790580 0.888192 -1.484294
v -0.790807 0.881836 -1.500836
v -0.798484 0.902467 -1.387402
v -0.796405 0.898900 -1.383510
v -0.809330 0.898385 1.350446
v -0.775853 0.871908 1.565839
v -0.816393 0.902759 -0.790749
v -0.817217 0.908150 -0.794849
v -0.817721 0.903965 -0.816273
v -0.817784 0.905943 1.275395
v -0.818741 0.906011 1.246583
v -0.792898 0.902442 -1.487963
v -0.791827 0.898271 -1.468984
v -0.670489 1.325851 1.442091
v -0.666541 1.338274 1.446923
v -0.649120 1.483476 1.098131
v -0.648168 1.487747 0.972296
v -0.654166 1.472750 1.031174
v -0.653179 1.477319 0.768412
v -0.655254 1.466854 1.138625
v -0.648994 1.476379 1.187849
v -0.683555 1.254984 1.496893
v -0.701397 1.164533 1.547944
v -0.720036 1.087254 1.576153
v -0.650059 1.488465 0.488896
v -0.647349 1.491956 0.542024
v -0.706393 1.154525 1.532449
v -0.652611 1.490736 0.412822
v -0.657206 1.479531 0.430055
v -0.727790 0.804190 1.700984
v 0.722245 1.114710 -0.505640
v 0.709427 1.126204 -0.513237
v 0.705054 1.169458 -0.481988
v 0.713705 1.167023 -0.472667
v 0.696023 1.169484 -0.491296
v 0.691144 1.123159 -0.534783
v 0.768239 1.053143 -0.562043
v 0.754622 1.065888 -0.548213
v 0.764950 1.058353 -0.531376
v 0.739978 1.078993 -0.543869
v 0.750086 1.074911 -0.518466
v 0.736386 1.089082 -0.520010
v 0.751121 1.076924 -0.502569
v 0.768599 1.055614 -0.517280
v 0.785519 1.037782 -0.530064
v 0.782847 1.040387 -0.577358
v 0.809684 0.769981 -1.397577
v 0.804307 0.697124 -1.529676
v 0.800173 0.753013 -1.555440
v 0.809928 0.681646 -1.445267
v 0.809337 0.656596 -1.466513
v 0.800936 0.706914 -1.565262
v 0.807820 0.793715 -1.407511
v 0.792089 0.807863 -1.612782
v 0.794462 0.744878 -1.613202
v 0.801654 0.626252 -1.571291
v 0.795285 0.675429 -1.613341
v 0.816788 0.898402 1.191965
v 0.815985 0.892445 1.194036
v 0.815626 0.889043 0.932026
v 0.816753 0.898727 0.897146
v 0.819194 0.905352 1.210996
v 0.819464 0.826364 -0.954863
v 0.819022 0.808744 -1.065648
v 0.817171 0.848616 -0.959361
v 0.816615 0.820888 -1.157153
v 0.815413 0.833969 -1.149186
v 0.821608 0.791533 -0.934849
v 0.813020 0.846285 -1.161108
v 0.823000 0.838567 -0.549871
v 0.824438 0.734692 -0.652889
v 0.824986 0.728978 -0.716318
v 0.824010 0.795291 -0.705318
v 0.822895 0.838593 -0.656316
v 0.826484 0.600239 -0.779095
v 0.826057 0.584778 -0.838406
v 0.825962 0.617103 -0.850778
v 0.826394 0.638530 -0.793855
v 0.825602 0.648013 -0.865262
v 0.825885 0.682221 -0.811041
v 0.826236 0.572124 -0.772033
v 0.825810 0.552118 -0.827674
v 0.825099 0.676675 -0.882407
v 0.801877 0.850126 1.439932
v 0.807202 0.860965 1.372871
v 0.797408 0.862699 1.447289
v 0.764735 1.069490 0.904769
v 0.759912 1.075329 0.544087
v 0.759067 1.075620 1.143270
v 0.743502 0.713888 1.659619
v 0.725422 0.747562 1.709921
v 0.725523 0.667833 1.703474
v 0.730069 0.782230 1.698539
v 0.725423 0.802955 1.714427
v 0.746077 0.587443 1.644465
v 0.813782 1.014922 0.750590
v 0.811168 1.026605 0.677595
v 0.809926 1.026667 0.877284
v 0.813134 1.015037 0.981908
v 0.815098 1.001173 0.946210
v 0.815504 1.001292 0.789747
v 0.816808 0.983653 0.765356
v 0.776685 1.058600 1.327412
v 0.793275 1.049127 1.258354
v 0.772542 1.063286 1.250143
v 0.772791 1.063320 1.180553
v 0.764561 1.069945 1.246884
v 0.758370 1.075200 1.318921
v 0.769041 1.064388 1.330983
v 0.810462 1.001361 1.337256
v 0.811511 1.015392 1.311533
v 0.805648 1.014840 1.360589
v 0.811638 0.985458 1.335182
v 0.804402 0.997693 1.382995
v 0.815062 0.984746 1.300658
v 0.815064 1.002285 1.288821
v 0.808585 1.026810 1.310386
v 0.802798 1.026503 1.360491
v 0.789304 1.026635 1.447689
v 0.794511 1.014527 1.432351
v 0.804691 0.951953 1.394200
v 0.807552 0.848478 -1.298344
v 0.804152 0.858405 -1.298627
v 0.809508 0.851120 -1.228153
v 0.774328 1.063317 0.493635
v 0.765121 1.069912 0.531427
v 0.772828 1.063462 0.540934
v 0.763355 1.073123 0.484741
v 0.702947 1.206266 1.402912
v 0.713378 1.219101 1.321630
v 0.700748 1.235566 1.374457
v 0.727952 1.196808 1.272504
v 0.717431 1.240907 1.258355
v 0.695031 1.253966 1.377674
v 0.705843 1.259336 1.300026
v 0.691427 1.268573 1.370596
v 0.697628 1.242083 1.385090
v 0.707298 1.288938 1.242323
v 0.689821 1.273497 1.370637
v 0.684734 1.306644 1.352468
v 0.702827 1.309067 1.234524
v 0.688317 1.339096 1.272441
v 0.692894 1.350555 1.217968
v 0.681148 1.353506 1.297470
v 0.680417 1.368155 1.273805
v 0.675028 1.365444 1.326593
v 0.680183 1.329878 1.340914
v 0.683709 1.385474 1.202413
v 0.667985 1.393472 1.309431
v 0.671453 1.402856 1.256521
v 0.665592 1.407638 1.299590
v 0.678225 1.402762 1.193726
v 0.672099 1.411469 1.219721
v 0.673996 1.414336 1.185378
v 0.659309 1.420768 1.328684
v 0.813769 0.781572 1.378137
v 0.817254 0.842244 1.308312
v 0.812184 0.841174 1.363808
v 0.818339 0.850367 1.278535
v 0.813039 0.850847 1.345018
v 0.806866 0.840110 1.410329
v 0.666077 1.436876 1.138362
v 0.671597 1.420058 1.177808
v 0.670343 1.424252 1.165637
v 0.656705 1.458336 1.187377
v 0.669288 1.427632 1.144101
v 0.668549 1.430363 1.108399
v 0.665856 1.450731 0.489015
v 0.667522 1.445385 0.500674
v 0.669097 1.448636 0.437433
v 0.674656 1.418221 0.503338
v 0.677900 1.414185 0.437326
v 0.682266 1.387167 0.501127
v 0.649472 1.439392 1.356757
v 0.648897 1.448198 1.328682
v 0.642023 1.461422 1.334729
v 0.642423 1.449633 1.370410
v 0.643234 1.456259 -0.260726
v 0.659927 1.411028 -0.295995
v 0.647176 1.426778 -0.292722
v 0.630881 1.462772 -0.266207
v 0.642207 1.474017 -0.234444
v 0.652799 1.448487 -0.254383
v 0.656166 1.393922 -0.320374
v 0.637968 1.421616 -0.305927
v 0.630316 1.482180 -0.240737
v 0.613614 1.489118 -0.246497
v 0.671765 1.366633 -0.333351
v 0.667116 1.349651 -0.355503
v 0.682030 1.331519 -0.358635
v 0.692358 1.292711 -0.384418
v 0.683650 1.297037 -0.390499
v 0.674008 1.295803 -0.399082
v 0.655974 1.336628 -0.374396
v 0.650453 1.375469 -0.342677
v 0.310582 1.548405 1.270286
v 0.312299 1.542983 1.294972
v 0.407396 1.534717 1.308205
v 0.405641 1.545804 1.256004
v 0.315315 1.537153 1.318946
v 0.463478 1.531242 1.307267
v 0.463039 1.542018 1.255142
v 0.319413 1.531158 1.340770
v 0.446847 1.524511 1.338971
v 0.509792 1.517828 1.344698
v 0.509522 1.528064 1.304272
v 0.509217 1.538587 1.252393
v 0.309991 1.553184 1.246421
v 0.750174 1.102178 0.437329
v 0.749598 1.103214 0.499912
v 0.752490 1.094367 0.469591
v 0.694283 1.236092 -0.434890
v 0.686693 1.229553 -0.447136
v 0.703045 1.233268 -0.426907
v 0.579735 1.480790 1.401381
v 0.560792 1.479625 1.418692
v 0.576128 1.467058 1.427312
v 0.553051 1.466184 1.448994
v 0.538001 1.485714 1.419662
v 0.530539 1.474967 1.447948
v 0.565113 1.492336 1.389592
v 0.542548 1.496759 1.391667
v 0.511230 1.506646 1.377879
v 0.505584 1.491500 1.418685
v 0.498193 1.481614 1.447496
v 0.568954 1.454985 1.451048
v 0.586147 1.453123 1.436103
v 0.753842 1.086561 0.517264
v 0.755724 1.087102 0.461665
v 0.756333 1.080818 0.521629
v 0.760525 1.080979 0.437379
v 0.752059 1.092505 0.516657
v 0.779876 1.057556 0.915625
v 0.771130 1.064058 0.902903
v 0.792153 1.049454 0.728388
v 0.777909 1.050051 1.428100
v 0.761730 1.068808 1.388582
v 0.758099 1.067808 1.444276
v 0.773723 1.057456 1.390215
v 0.754413 1.075765 1.419260
v 0.746329 1.077832 1.478078
v 0.771815 1.049511 1.469116
v 0.818582 0.936785 1.094635
v 0.819377 0.910089 1.154838
v 0.819169 0.910338 0.993610
v 0.818869 0.904596 0.910091
v 0.821285 0.835592 0.455558
v 0.822035 0.780405 0.595039
v 0.822013 0.782950 0.573173
v 0.821209 0.826955 0.721119
v 0.822046 0.780405 0.551310
v 0.822690 0.731825 0.455584
v 0.822279 0.760468 0.521950
v 0.822442 0.745621 0.518202
v 0.822594 0.730774 0.521950
v 0.822141 0.772770 0.533195
v 0.822731 0.718473 0.533194
v 0.822875 0.630417 0.453582
v 0.822858 0.531899 0.674750
v 0.822876 0.592424 0.449721
v 0.822875 0.609707 0.721754
v 0.822849 0.673786 0.703560
v 0.822876 0.630522 0.739536
v 0.822704 0.718473 0.613154
v 0.822538 0.730766 0.624394
v 0.822823 0.738084 0.848540
v 0.822876 0.661300 0.773407
v 0.822876 0.676268 0.794742
v 0.822876 0.645927 0.755095
v 0.822798 0.710837 0.595038
v 0.822876 0.583520 0.703981
v 0.822869 0.505299 0.423567
v 0.822876 0.528682 0.433516
v 0.822468 0.485634 0.486853
v 0.822864 0.559009 0.443242
v 0.822109 0.446826 0.645728
v 0.822078 0.465336 0.594319
v 0.822735 0.496144 0.658629
v 0.822630 0.516500 0.565881
v 0.822876 0.690466 0.819224
v 0.822375 0.745627 0.628147
v 0.822876 0.715324 0.875655
v 0.822876 0.725389 0.906399
v 0.822876 0.703584 0.846396
v 0.820690 0.850192 -0.751001
v 0.817284 0.862068 -0.824759
v 0.819021 0.861806 -0.646625
v 0.821793 0.850448 -0.652025
v 0.822627 0.731173 1.254143
v 0.822461 0.785406 1.174106
v 0.821858 0.768706 1.260319
v 0.820613 0.845609 1.195076
v 0.822203 0.697256 1.318587
v 0.820485 0.774770 1.293082
v 0.776697 0.899801 1.557191
v 0.776191 0.885897 1.552024
v 0.787255 0.887812 1.499892
v 0.788379 0.898511 1.498664
v 0.779885 0.904742 1.547625
v 0.789437 0.905386 1.505250
v 0.683048 0.811920 1.745088
v 0.703572 0.809862 1.728853
v 0.701226 0.819901 1.728761
v 0.646737 0.802982 1.773368
v 0.664225 0.850184 1.756512
v 0.718489 0.808428 1.714670
v 0.715581 0.819933 1.714480
v 0.822917 0.711996 1.213812
v 0.822878 0.685886 1.264919
v 0.822876 0.701949 1.235789
v 0.822875 0.720821 1.190052
v 0.822829 0.754833 1.136296
v 0.822876 0.728476 1.163892
v 0.707062 1.046008 1.648983
v 0.701766 1.073452 1.630483
v 0.692897 1.073144 1.639053
v 0.719577 1.046508 1.634804
v 0.707583 1.074541 1.622334
v 0.713870 1.069488 1.616882
v 0.728871 1.045233 1.618522
v 0.718752 1.070775 1.603229
v 0.700327 0.905415 1.721515
v 0.678407 0.909648 1.736291
v 0.685087 0.899651 1.734169
v 0.644161 0.902380 1.762989
v 0.786775 1.056595 0.439636
v 0.775805 1.064923 0.437974
v 0.794855 1.049067 0.494233
v 0.707197 1.170019 1.457788
v 0.727013 1.137367 1.402693
v 0.715832 1.160876 1.410536
v 0.722871 1.153109 1.380688
v 0.710804 1.170152 1.414812
v 0.739707 1.091644 1.474772
v 0.722124 1.120743 1.506206
v 0.736301 1.081150 1.519863
v 0.729297 1.094117 1.525578
v 0.742463 1.070212 1.520403
v 0.705341 1.174509 1.467336
v 0.699484 1.200402 1.445589
v 0.694840 1.207036 1.476151
v 0.704704 1.166262 1.503069
v 0.691267 1.242229 1.422343
v 0.683967 1.264699 1.438736
v 0.684359 1.270590 1.407097
v 0.679677 1.306825 1.388837
v 0.675377 1.336420 1.374807
v 0.672675 1.341584 1.389364
v 0.671411 1.365356 1.359092
v 0.668634 1.377767 1.351868
v 0.665638 1.393431 1.339692
v 0.655981 1.418346 1.361827
v 0.664768 1.370739 1.387868
v 0.625306 1.491780 1.297307
v 0.631792 1.479471 1.323126
v 0.629776 1.505712 1.201576
v 0.623207 1.508680 1.221443
v 0.637044 1.470386 1.332748
v 0.636188 1.498485 1.196166
v 0.618047 1.490864 1.325379
v 0.627211 1.480933 1.334857
v 0.616368 1.499428 1.295578
v 0.642372 1.488996 1.192222
v 0.614496 1.510759 1.246737
v 0.714693 1.123180 1.545998
v 0.713893 1.136045 1.520169
v 0.601109 1.518251 1.248805
v 0.602088 1.507083 1.299017
v 0.580856 1.526159 1.253513
v 0.581244 1.515074 1.304994
v 0.582014 1.503906 1.345164
v 0.603804 1.495201 1.339860
v 0.623172 1.515263 1.175320
v 0.629671 1.510567 1.159386
v 0.636531 1.503986 1.141008
v 0.613566 1.519317 1.201094
v 0.644971 1.488814 1.158539
v 0.642987 1.495915 1.100872
v 0.630002 1.513975 1.099228
v 0.620607 1.521515 1.117135
v 0.613352 1.523655 1.160196
v 0.599848 1.526821 1.202541
v 0.599507 1.531245 1.160356
v 0.580228 1.532583 1.217942
v 0.605564 1.531142 1.116695
v 0.588973 1.539252 1.107838
v 0.580181 1.538976 1.160605
v 0.580180 1.535937 1.192816
v 0.563973 1.544203 1.146192
v 0.563763 1.538702 1.205371
v 0.541914 1.546576 1.161878
v 0.541947 1.543542 1.194244
v 0.542005 1.540246 1.219637
v 0.577408 1.542652 1.117425
v 0.541895 1.549571 1.118111
v 0.509145 1.553460 1.118420
v 0.509156 1.550359 1.162311
v 0.509173 1.547263 1.194839
v 0.509203 1.543936 1.220404
v 0.542189 1.534460 1.253804
v 0.563977 1.530883 1.252681
v 0.736366 1.120448 1.368771
v 0.743661 1.104747 1.345429
v 0.741389 1.113332 1.331197
v 0.748550 1.085313 1.421992
v 0.749210 1.094102 1.282788
v 0.747422 1.100866 1.260338
v 0.746710 1.103393 1.283371
v 0.745609 1.110673 1.286774
v 0.738954 1.125666 1.317269
v 0.344088 1.594385 0.498948
v 0.408391 1.589442 0.498336
v 0.406067 1.589706 0.465046
v 0.341812 1.594615 0.465293
v 0.464878 1.584267 0.497779
v 0.463074 1.584506 0.464814
v 0.406074 1.589072 0.432598
v 0.341813 1.594039 0.432669
v 0.465104 1.583239 0.419188
v 0.510616 1.578163 0.539596
v 0.509412 1.579598 0.476646
v 0.510449 1.578201 0.420084
v 0.406083 1.587640 0.387803
v 0.341814 1.592731 0.387642
v 0.275289 1.598603 0.451944
v 0.273933 1.597084 0.387478
v 0.275905 1.598604 0.499579
v 0.615653 1.538854 0.714355
v 0.615750 1.545305 0.484415
v 0.608506 1.549094 0.581897
v 0.609983 1.550605 0.472824
v 0.601954 1.555000 0.539029
v 0.599359 1.557737 0.482388
v 0.593787 1.558036 0.581252
v 0.586924 1.563469 0.504935
v 0.586272 1.560174 0.613190
v 0.603517 1.539842 0.941562
v 0.621596 1.533052 0.706154
v 0.627070 1.528624 0.586684
v 0.622491 1.538234 0.462349
v 0.634387 1.515491 0.725432
v 0.633401 1.519533 0.534441
v 0.639492 1.507899 0.558846
v 0.640405 1.507944 0.502616
v 0.629679 1.528861 0.451371
v 0.669682 1.439604 0.528523
v 0.671170 1.434003 0.510857
v 0.669300 1.439980 0.561355
v 0.603234 1.552989 0.391418
v 0.595717 1.557534 0.403065
v 0.618514 1.541335 0.390196
v 0.612093 1.544875 0.337686
v 0.587884 1.558823 0.349629
v 0.587675 1.562964 0.453261
v 0.639715 1.504177 0.084438
v 0.633545 1.515915 0.154495
v 0.640081 1.511487 0.301293
v 0.632280 1.524558 0.372208
v 0.628233 1.522892 0.155415
v 0.625426 1.533297 0.372869
v 0.645425 1.495649 0.109091
v 0.645030 1.499404 0.183376
v 0.638998 1.514860 0.386063
v 0.646403 1.502472 0.325815
v 0.648805 1.498940 0.379135
v 0.645250 1.502153 0.258089
v 0.543178 1.552710 -0.013191
v 0.565877 1.548156 -0.012998
v 0.566548 1.542126 -0.110256
v 0.543733 1.548456 -0.081696
v 0.581452 1.542567 -0.038798
v 0.509684 1.565934 0.147159
v 0.543045 1.567019 0.272946
v 0.509473 1.557836 -0.013225
v 0.564899 1.560440 0.228313
v 0.592352 1.540195 -0.004080
v 0.599087 1.531881 -0.109991
v 0.583162 1.535341 -0.139722
v 0.544176 1.545173 -0.122691
v 0.510100 1.553260 -0.083629
v 0.510333 1.549720 -0.124799
v 0.341821 1.577434 0.024395
v 0.406144 1.571691 0.026268
v 0.406158 1.568032 -0.035820
v 0.341823 1.573615 -0.038027
v 0.463335 1.565732 0.028042
v 0.463383 1.562221 -0.033728
v 0.406178 1.564152 -0.088163
v 0.341826 1.569465 -0.090656
v 0.463450 1.558604 -0.085799
v 0.273933 1.586135 0.094008
v 0.341820 1.581059 0.095560
v 0.273933 1.582475 0.022472
v 0.406132 1.575282 0.097071
v 0.462953 1.571376 0.140339
v 0.463548 1.554726 -0.127162
v 0.406207 1.559897 -0.129732
v 0.341829 1.564846 -0.132440
v 0.273933 1.574106 -0.093213
v 0.273933 1.569187 -0.135217
v 0.273933 1.578500 -0.040292
v 0.622474 1.502824 -0.214306
v 0.613308 1.513718 -0.199618
v 0.625022 1.507613 -0.195431
v 0.626037 1.494105 -0.226731
v 0.636749 1.490075 -0.214699
v 0.607937 1.501660 -0.232123
v 0.607910 1.511824 -0.212400
v 0.605108 1.521045 -0.186858
v 0.636600 1.498362 -0.186107
v 0.205483 1.566927 -0.168769
v 0.205721 1.560831 -0.190505
v 0.137148 1.563214 -0.193068
v 0.136989 1.569307 -0.171267
v 0.203960 1.554209 -0.207108
v 0.137807 1.556255 -0.210234
v 0.068574 1.564740 -0.194880
v 0.068494 1.570771 -0.173034
v 0.069347 1.557544 -0.212823
v 0.273978 1.563683 -0.165905
v 0.205449 1.572599 -0.137947
v 0.274295 1.557721 -0.187568
v 0.269527 1.551354 -0.204313
v 0.068483 1.576474 -0.142014
v 0.136966 1.575025 -0.140329
v 0.219183 1.522680 -0.266204
v 0.145862 1.525093 -0.269285
v 0.072890 1.526792 -0.271454
v 0.291679 1.519948 -0.262714
v 0.617050 1.517640 -0.171943
v 0.606449 1.524819 -0.158425
v 0.624580 1.512799 -0.169352
v 0.613555 1.523298 -0.134178
v 0.621477 1.518404 -0.132103
v 0.631225 1.507115 -0.166501
v 0.597061 1.528308 -0.161845
v 0.627447 1.514867 -0.109493
v 0.706605 1.106567 -0.538671
v 0.709779 1.116136 -0.523174
v 0.717267 1.103963 -0.529478
v 0.727220 1.100678 -0.516548
v 0.723957 1.092211 -0.541844
v 0.712218 1.095200 -0.551378
v 0.634745 1.505559 -0.135150
v 0.639961 1.498400 -0.132512
v 0.645036 1.489415 -0.158711
v 0.649932 1.481835 -0.118267
v 0.652201 1.476860 -0.153739
v 0.655249 1.469969 -0.176598
v 0.602018 1.536609 0.008611
v 0.637173 1.517508 0.440235
v 0.644255 1.505131 0.437522
v 0.647140 1.480700 -0.199560
v 0.658542 1.461019 -0.195820
v 0.663655 1.444240 -0.219798
v 0.651926 1.465328 -0.222734
v 0.611683 1.434978 -0.307711
v 0.597856 1.457699 -0.289990
v 0.620815 1.455948 -0.280906
v 0.597814 1.489017 -0.254319
v 0.612849 1.475535 -0.263568
v 0.575429 1.477971 -0.274865
v 0.541035 1.494187 -0.264058
v 0.577901 1.493586 -0.255096
v 0.620318 1.411664 -0.325929
v 0.633852 1.361023 -0.364677
v 0.626863 1.389203 -0.343259
v 0.658736 1.243938 -0.452843
v 0.676012 1.219615 -0.463472
v 0.671252 1.186223 -0.496483
v 0.726995 1.172272 -0.443150
v 0.737064 1.112043 -0.480565
v 0.721879 1.161079 -0.464110
v 0.739559 1.101277 -0.487033
v 0.742998 1.091713 -0.493009
v 0.105663 1.096856 -0.629761
v 0.129621 1.084759 -0.693397
v 0.194392 1.096913 -0.628431
v 0.802051 0.990089 -0.655086
v 0.805809 0.975473 -0.690848
v 0.793434 1.014229 -0.688791
v 0.794235 1.010547 -0.667553
v 0.800317 0.993924 -0.708594
v 0.807988 0.972748 -0.654697
v 0.803279 0.982756 -0.729288
v 0.787831 1.029985 -0.681401
v 0.783115 1.036798 -0.645268
v 0.793068 1.013567 -0.644988
v 0.819911 0.942689 -0.547157
v 0.821571 0.921373 -0.548242
v 0.818308 0.923089 -0.643562
v 0.817709 0.957191 -0.545999
v 0.812423 0.954193 -0.661951
v 0.819355 0.913814 -0.632217
v 0.815673 0.938665 -0.656141
v 0.813977 0.973380 -0.544120
v 0.824768 0.594793 -0.681532
v 0.821620 0.459602 -0.801777
v 0.823630 0.488017 -0.809256
v 0.824301 0.501193 -0.758726
v 0.825071 0.520079 -0.818136
v 0.825516 0.539118 -0.748843
v 0.819141 0.439886 -0.737192
v 0.822121 0.475522 -0.717287
v 0.818103 0.429385 -0.794021
v 0.813600 0.425880 -0.250631
v 0.814396 0.423126 -0.076308
v 0.809084 0.396032 -0.052436
v 0.808504 0.397605 -0.249934
v 0.816572 0.428280 0.157662
v 0.804366 0.373254 0.051235
v 0.803185 0.372811 -0.326444
v 0.818477 0.472039 -0.393916
v 0.818804 0.457231 -0.250815
v 0.812923 0.428726 -0.397330
v 0.819674 0.450777 -0.077803
v 0.820765 0.451072 0.096093
v 0.821759 0.456512 0.241844
v 0.810593 0.394559 0.438668
v 0.799450 0.352737 0.176770
v 0.798791 0.352768 -0.160203
v 0.798320 0.352622 -0.461200
v 0.807885 0.398541 -0.465484
v 0.805593 0.373180 0.485153
v 0.800097 0.352779 0.540738
v 0.815027 0.415528 0.442276
v 0.818308 0.434393 0.445153
v 0.814212 0.406978 0.549658
v 0.812716 0.391191 0.636327
v 0.809623 0.387411 0.548340
v 0.802011 0.353946 0.632019
v 0.804010 0.365562 0.563580
v 0.817704 0.422934 0.569083
v 0.817962 0.414351 0.639582
v 0.794976 0.336328 0.535669
v 0.786637 0.312822 0.547913
v 0.789370 0.320305 0.366406
v 0.804388 0.365582 -0.727145
v 0.806622 0.372875 -0.779452
v 0.809947 0.387838 -0.724859
v 0.814146 0.405705 -0.787942
v 0.799334 0.348438 -0.706634
v 0.794412 0.333437 -0.769180
v 0.814974 0.413730 -0.720937
v 0.791325 0.324441 0.596920
v 0.780398 0.296715 0.603771
v 0.790083 0.319688 0.627722
v 0.785234 0.307957 0.623123
v 0.782488 0.301640 0.617267
v 0.779633 0.295132 0.576906
v 0.794183 0.335443 0.052587
v 0.789120 0.320603 -0.152022
v 0.783482 0.305392 -0.537554
v 0.793721 0.335377 -0.320488
v 0.779598 0.295145 -0.575214
v 0.793659 0.335200 -0.567116
v 0.798283 0.351599 -0.575047
v 0.788658 0.319513 -0.570468
v 0.794601 0.334053 -0.663646
v 0.799498 0.351184 -0.641108
v 0.779665 0.295234 -0.736769
v 0.786016 0.310744 -0.761823
v 0.789511 0.319710 -0.673202
v 0.781491 0.299664 -0.752981
v 0.809822 0.393723 -0.655941
v 0.802743 0.368860 -0.589556
v 0.804987 0.369688 -0.678187
v 0.822406 0.570235 -0.599651
v 0.820588 0.529567 -0.582813
v 0.823735 0.511452 -0.708704
v 0.818425 0.489788 -0.580539
v 0.818376 0.448734 -0.671042
v 0.824456 0.642688 -0.648430
v 0.824318 0.685560 -0.632726
v 0.822106 0.606477 -0.552630
v 0.815555 0.454206 -0.579269
v 0.814790 0.419073 -0.675691
v 0.811774 0.422209 -0.577565
v 0.807558 0.395156 -0.576134
v 0.616746 1.446899 1.415264
v 0.618273 1.459766 1.396553
v 0.625028 1.426128 1.430012
v 0.631729 1.439728 1.408525
v 0.621570 1.468295 1.378520
v 0.605555 1.476125 1.383260
v 0.802947 0.372621 -0.525692
v 0.812240 0.426967 -0.496952
v 0.816073 0.459588 -0.505991
v 0.821073 0.565453 -0.550052
v 0.819908 0.528046 -0.532520
v 0.818423 0.491892 -0.531931
v 0.818905 0.496170 -0.485358
v 0.814168 0.926016 -0.765293
v 0.811889 0.939593 -0.753950
v 0.808887 0.955911 -0.743539
v 0.816326 0.914396 -0.736178
v 0.816142 0.915068 -0.779026
v 0.782346 1.040387 -0.593513
v 0.795871 1.009049 -0.623010
v 0.781605 1.039767 -0.620531
v 0.765343 1.053216 -0.580494
v 0.764160 1.051901 -0.596796
v 0.744521 1.065249 -0.584646
v 0.749618 1.066080 -0.567342
v 0.765554 1.048406 -0.615968
v 0.740922 1.060580 -0.608980
v 0.729907 1.071028 -0.588810
v 0.728445 1.080472 -0.564387
v 0.762941 1.046002 -0.637343
v 0.722469 1.059439 -0.638614
v 0.718484 1.066711 -0.616636
v 0.733156 1.052624 -0.654492
v 0.711937 1.076066 -0.595295
v 0.706511 1.086245 -0.575521
v 0.713139 1.052324 -0.686579
v 0.696105 1.060415 -0.665308
v 0.684208 1.057956 -0.691747
v 0.750741 1.037250 -0.715158
v 0.715188 1.047079 -0.720176
v 0.741386 1.044880 -0.682775
v 0.686687 1.052889 -0.723907
v 0.674187 1.065721 -0.660607
v 0.693723 1.065632 -0.645549
v 0.515139 1.073814 -0.695147
v 0.543708 1.068998 -0.711868
v 0.468663 1.072769 -0.719239
v 0.605549 1.070414 -0.676367
v 0.536574 1.075742 -0.677432
v 0.608955 1.064672 -0.705057
v 0.649006 1.057712 -0.727166
v 0.517414 1.067707 -0.737118
v 0.457765 1.070513 -0.740788
v 0.421031 1.078293 -0.698265
v 0.409759 1.071731 -0.743019
v 0.355379 1.079640 -0.703260
v 0.365482 1.072593 -0.744655
v 0.312875 1.073128 -0.746161
v 0.302901 1.080150 -0.707726
v 0.256328 1.073439 -0.747384
v 0.245132 1.096819 -0.626940
v 0.167230 1.073836 -0.748747
v 0.339631 1.096720 -0.621819
v 0.384253 1.096578 -0.618349
v 0.412885 1.085479 -0.664165
v 0.295552 1.096804 -0.624625
v 0.425574 1.096257 -0.614771
v 0.552112 1.081028 -0.650642
v 0.515656 1.082212 -0.655375
v 0.531231 1.089652 -0.623674
v 0.476275 1.083372 -0.660015
v 0.466230 1.095792 -0.611096
v 0.584796 1.079889 -0.645902
v 0.507382 1.095309 -0.606972
v 0.546142 1.094927 -0.602276
v 0.597836 1.089258 -0.611427
v 0.580587 1.094847 -0.596830
v 0.699875 1.289121 -0.374835
v 0.710951 1.229167 -0.417363
v 0.700610 1.310367 -0.346432
v 0.712416 1.254024 -0.387620
v 0.680651 1.360026 -0.325937
v 0.691074 1.328028 -0.345740
v 0.671583 1.393371 -0.297322
v 0.664998 1.424107 -0.261907
v 0.682747 1.377160 -0.290033
v 0.691624 1.345555 -0.317916
v 0.619881 1.390150 1.464770
v 0.638093 1.400443 1.440993
v 0.663398 1.075216 -0.633848
v 0.635514 1.078645 -0.634353
v 0.651531 1.086486 -0.606621
v 0.631499 1.096659 -0.583553
v 0.612559 1.079100 -0.640456
v 0.646896 1.070544 -0.658239
v 0.609318 1.095306 -0.590476
v 0.650072 1.099910 -0.575233
v 0.667127 1.091557 -0.590192
v 0.662840 1.105190 -0.566510
v 0.669370 1.082048 -0.611343
v 0.650366 1.066010 -0.675871
v 0.652676 1.061648 -0.697531
v 0.287079 1.506426 1.410956
v 0.386160 1.495365 1.429388
v 0.401421 1.498471 1.419766
v 0.454631 1.485796 1.447416
v 0.459310 1.496103 1.417641
v 0.255041 1.501547 1.423228
v 0.299686 1.495018 1.435225
v 0.242799 1.489033 1.448375
v 0.337347 1.488924 1.447912
v 0.399196 1.488110 1.447605
v 0.461778 1.510686 1.378553
v 0.400007 1.505052 1.403193
v 0.654685 1.319441 1.489888
v 0.641219 1.312566 1.506232
v 0.671764 1.200833 1.566760
v 0.654883 1.197222 1.581652
v 0.680082 1.071157 1.650710
v 0.664606 1.128805 1.623082
v 0.662608 1.065328 1.667603
v 0.684593 1.122640 1.611835
v 0.631112 1.117262 1.655083
v 0.635706 1.068259 1.684457
v 0.637039 1.042600 1.699292
v 0.680171 1.029708 1.678814
v 0.684021 1.043851 1.667743
v 0.709572 1.031647 1.656330
v 0.765062 1.044721 1.515308
v 0.758395 1.035858 1.552639
v 0.771749 1.035812 1.509406
v 0.753613 1.045381 1.551139
v 0.760568 1.023301 1.559547
v 0.776547 1.026555 1.504721
v 0.752856 1.081675 1.371586
v 0.749526 1.088356 1.372242
v 0.737047 1.109176 1.433658
v 0.820680 0.843306 0.853702
v 0.820311 0.847971 0.646498
v 0.819735 0.851413 0.720694
v 0.771057 1.039184 -0.659725
v 0.726078 0.898307 1.696594
v 0.733221 0.817961 1.688687
v 0.732818 0.904591 1.685511
v 0.738744 0.904042 1.673163
v 0.739434 0.817392 1.674824
v 0.745114 0.888405 1.657386
v 0.715461 0.857910 1.711462
v 0.715200 0.904508 1.708528
v 0.813467 0.647173 1.458290
v 0.813311 0.698168 1.439806
v 0.799198 0.780061 1.486271
v 0.802731 0.687877 1.494560
v 0.816804 0.639415 1.440788
v 0.817338 0.685521 1.416300
v 0.803732 0.787880 1.457332
v 0.794112 0.769747 1.512911
v 0.725500 0.566918 1.695340
v 0.752938 0.653638 1.632247
v 0.725504 0.537154 1.691610
v 0.742257 0.533101 1.648302
v 0.739367 0.503452 1.649844
v 0.732531 0.477647 1.658132
v 0.738151 0.474901 1.646055
v 0.725514 0.513704 1.685896
v 0.726376 0.492734 1.676288
v 0.728964 0.482067 1.666568
v 0.757969 0.474171 1.604938
v 0.750468 0.501890 1.624378
v 0.773477 0.846782 1.578327
v 0.746662 0.905318 1.651558
v 0.773442 0.906201 1.571708
v 0.768930 0.800452 1.594397
v 0.811832 0.473462 1.485127
v 0.818331 0.473130 1.463024
v 0.815151 0.582123 1.468580
v 0.811246 0.580288 1.483532
v 0.806242 0.582501 1.498608
v 0.802722 0.473632 1.507238
v 0.796233 0.577720 1.524371
v 0.782376 0.515619 1.553960
v 0.821149 0.474101 1.443579
v 0.818289 0.578071 1.452151
v 0.822011 0.476584 1.433349
v 0.821933 0.569841 1.416019
v 0.822473 0.481637 1.424422
v 0.822703 0.490287 1.418023
v 0.822849 0.504846 1.412313
v 0.822878 0.554757 1.402276
v 0.822875 0.574923 1.395547
v 0.822875 0.588791 1.388327
v 0.820101 0.583945 1.434970
v 0.819792 0.618134 1.423343
v 0.821235 0.626435 1.401731
v 0.819589 0.651898 1.411585
v 0.822188 0.641100 1.372610
v 0.821129 0.671510 1.375283
v 0.822876 0.601407 1.378487
v 0.822871 0.616487 1.362516
v 0.822888 0.657245 1.307803
v 0.819234 0.685966 1.394801
v 0.773519 0.581388 1.578278
v 0.776817 0.644159 1.573202
v 0.759483 0.544967 1.608101
v 0.757891 0.778096 1.624275
v 0.809003 0.782633 1.422012
v 0.818633 0.743712 1.351032
v 0.779799 0.785929 1.563367
v 0.791866 0.694772 1.531211
v 0.781548 0.835811 1.552389
v 0.795582 0.699964 1.518329
v 0.790454 0.838280 1.514697
v 0.725893 0.818321 1.701382
v 0.741023 0.948631 1.646636
v 0.736255 1.010134 1.629761
v 0.730005 1.005654 1.644611
v 0.734756 0.951600 1.659983
v 0.733514 1.032147 1.621938
v 0.723466 1.031641 1.641195
v 0.723845 1.005214 1.654395
v 0.716229 1.004776 1.663362
v 0.706263 1.003385 1.672916
v 0.720871 0.953199 1.681144
v 0.710482 0.954299 1.691250
v 0.728627 0.952120 1.671092
v 0.672107 1.321319 1.433372
v 0.542593 1.523813 1.305484
v 0.564512 1.520072 1.304243
v 0.542721 1.516060 1.336156
v 0.564886 1.512143 1.334881
v 0.765562 1.049256 1.499146
v 0.777650 1.043153 1.466467
v 0.781761 1.035887 1.467602
v 0.693930 1.150800 1.582446
v 0.678113 1.207910 1.556408
v 0.691835 1.127642 1.601855
v 0.703303 1.144184 1.568661
v 0.694051 1.190076 1.545929
v 0.691399 1.188042 1.555452
v 0.680743 1.221892 1.542569
v 0.680541 1.245661 1.521293
v 0.696625 1.195264 1.515832
v 0.681371 1.256500 1.506439
v 0.646016 1.392923 1.438558
v 0.649182 1.398989 1.427743
v 0.649846 1.421244 1.395313
v 0.657702 1.388006 1.413538
v 0.639918 1.419414 1.421340
v 0.652432 1.398851 1.419721
v 0.642192 1.434198 1.399943
v 0.762123 0.722363 1.611937
v 0.634640 1.453578 1.384440
v 0.632108 1.466945 1.362605
v 0.619726 1.481549 1.351694
v 0.604846 1.485747 1.363788
v 0.582412 1.491763 1.376983
v 0.666091 0.884574 1.750684
v 0.685283 0.875937 1.736986
v 0.701372 0.873192 1.723827
v 0.645303 0.869089 1.769016
v 0.565393 1.503847 1.361007
v 0.543148 1.508175 1.361735
v 0.205449 1.562490 1.223951
v 0.205449 1.566603 1.197294
v 0.136966 1.569412 1.197690
v 0.136966 1.565142 1.224546
v 0.205449 1.570602 1.163723
v 0.136966 1.573562 1.163929
v 0.068483 1.571302 1.197970
v 0.068483 1.566922 1.224966
v 0.068483 1.575554 1.164074
v 0.309475 1.557417 1.222954
v 0.206883 1.555696 1.259490
v 0.308601 1.561307 1.196591
v 0.306995 1.565148 1.162995
v 0.304394 1.569295 1.117040
v 0.205449 1.574722 1.119060
v 0.136966 1.577785 1.119125
v 0.068483 1.579831 1.119172
v 0.068761 1.559774 1.261644
v 0.137709 1.558131 1.260794
v 0.205724 1.599510 0.603657
v 0.206793 1.601177 0.530691
v 0.140617 1.602867 0.550476
v 0.070550 1.604290 0.540313
v 0.066701 1.601009 0.699408
v 0.273925 1.594972 0.646582
v 0.204336 1.597071 0.700683
v 0.274393 1.597212 0.564717
v 0.135788 1.599491 0.702785
v 0.817575 0.791144 1.330361
v 0.322637 1.525218 1.359670
v 0.318240 1.519033 1.377834
v 0.405053 1.519314 1.364379
v 0.463238 1.517840 1.357284
v 0.798564 0.905586 1.451174
v 0.794142 0.911191 1.476993
v 0.798892 0.841617 1.468021
v 0.787294 0.657700 1.546373
v 0.786898 0.697479 1.546339
v 0.822886 0.740118 1.103359
v 0.822857 0.758070 1.001937
v 0.822876 0.735007 1.134795
v 0.822875 0.743432 1.070440
v 0.822876 0.744570 1.036910
v 0.822602 0.793878 1.012509
v 0.822876 0.743242 1.003512
v 0.822876 0.739506 0.970522
v 0.822875 0.733506 0.938099
v 0.818020 0.858769 0.455406
v 0.816899 0.866068 0.455355
v 0.817328 0.858469 0.940611
v 0.803256 0.845758 -1.400805
v 0.798925 0.863609 -1.391512
v 0.806111 0.866387 -1.192656
v 0.821496 0.907690 -0.548703
v 0.817916 0.893624 -0.637695
v 0.816751 0.904204 -0.732715
v 0.819687 0.843424 1.258912
v 0.818313 0.984793 0.536132
v 0.818756 0.980465 0.455143
v 0.817886 1.002338 0.454078
v 0.734765 1.050383 1.595355
v 0.742651 1.038845 1.592562
v 0.734660 1.066167 1.559217
v 0.746810 1.023211 1.596411
v 0.821826 0.800698 0.788289
v 0.755079 1.081473 1.215121
v 0.751945 1.087747 1.227339
v 0.822246 0.760468 0.624397
v 0.822112 0.772770 0.613153
v 0.798945 0.606832 1.516844
v 0.819820 0.851768 1.179743
v 0.817479 0.858183 1.216030
v 0.815868 0.860673 1.262244
v 0.816337 0.865516 1.184901
v 0.812750 0.860821 1.318568
v 0.816409 0.983303 0.928081
v 0.816679 0.983981 1.030408
v 0.810293 1.026728 1.026695
v 0.815666 1.001266 1.050027
v 0.819960 0.910552 0.455561
v 0.819277 0.909667 0.830819
v 0.819604 0.904805 0.455537
v 0.709642 1.091128 1.604632
v 0.816240 1.015373 0.452944
v 0.813268 1.026853 0.451155
v 0.820362 0.849951 0.455524
v 0.799118 1.043122 0.990874
v 0.805409 1.035870 1.010862
v 0.805278 1.035971 0.820648
v 0.791939 1.049288 0.993668
v 0.819256 0.789774 -1.103993
v 0.818187 0.794024 -1.144571
v 0.816884 0.795502 -1.191714
v 0.813796 0.822890 -1.242334
v 0.813076 0.811628 -1.283848
v 0.815879 0.793609 -1.226428
v 0.815213 0.790970 -1.249515
v 0.814559 0.787011 -1.272281
v 0.813930 0.781607 -1.294475
v 0.797423 0.853203 -1.474243
v 0.792670 0.869260 -1.487085
v 0.797299 0.845889 -1.497574
v 0.794826 0.861138 -1.507965
v 0.819139 0.891001 -0.549163
v 0.807739 0.826510 -1.365183
v 0.803170 0.824506 -1.442283
v 0.797172 0.834772 -1.518741
v 0.813337 0.774595 -1.315953
v 0.811082 0.797687 -1.346297
v 0.812770 0.765651 -1.336997
v 0.812214 0.754412 -1.357993
v 0.811653 0.740515 -1.379332
v 0.815548 0.899916 -0.874379
v 0.804080 0.896245 -1.195075
v 0.804842 0.899957 -1.199158
v 0.814578 0.893944 -0.861996
v 0.803524 0.891476 -1.201852
v 0.817320 0.902477 -0.875402
v 0.806624 0.902466 -1.198622
v 0.820022 0.785495 -1.074179
v 0.820820 0.779394 -1.042755
v 0.821624 0.770815 -1.011038
v 0.822416 0.759113 -0.980367
v 0.796845 0.803616 -1.558806
v 0.788664 0.859206 -1.612168
v 0.810512 0.703987 -1.423416
v 0.811096 0.723679 -1.401261
v 0.800385 0.591835 -1.579433
v 0.804165 0.629409 -1.548755
v 0.794413 0.594708 -1.613360
v 0.799279 0.548000 -1.578695
v 0.792319 0.555067 -1.613370
v 0.808272 0.601295 -1.504342
v 0.807784 0.572403 -1.520151
v 0.805191 0.555121 -1.544649
v 0.808788 0.629424 -1.486426
v 0.807543 0.547420 -1.531443
v 0.803070 0.546786 -1.558124
v 0.800761 1.007784 -0.537623
v 0.808595 0.989456 -0.541458
v 0.791227 0.494128 -1.592046
v 0.790319 0.472229 -1.587044
v 0.779851 0.464315 -1.611612
v 0.782737 0.446769 -1.597451
v 0.778551 0.448610 -1.606969
v 0.787516 0.510976 -1.613321
v 0.795057 0.519161 -1.588431
v 0.807160 0.522433 -1.540105
v 0.803363 0.501418 -1.555351
v 0.798444 0.497606 -1.570268
v 0.801048 0.521362 -1.564910
v 0.799288 0.479212 -1.565325
v 0.805760 0.490232 -1.549101
v 0.803161 0.474307 -1.555708
v 0.799361 0.464249 -1.563892
v 0.793240 0.454909 -1.576378
v 0.823106 0.743748 -0.951824
v 0.823853 0.724779 -0.925848
v 0.824531 0.758526 -0.795935
v 0.824560 0.702411 -0.902678
v 0.823268 0.739622 -0.551430
v 0.822691 0.813593 -0.804038
v 0.794350 1.048702 1.194190
v 0.801548 1.042878 1.220489
v 0.807284 1.035833 1.173036
v 0.812102 1.026691 1.175125
v 0.675979 1.161556 -0.515245
v 0.677999 1.137512 -0.534699
v 0.680581 1.111145 -0.554334
v 0.683192 1.123623 -0.541292
v 0.691189 1.109120 -0.549759
v 0.671124 1.112991 -0.557196
v 0.679246 1.101028 -0.567725
v 0.675747 1.122774 -0.547544
v 0.693610 1.098552 -0.562932
v 0.548023 1.533798 -0.189418
v 0.546033 1.537947 -0.174046
v 0.569734 1.534362 -0.171956
v 0.571932 1.530519 -0.187271
v 0.544854 1.541706 -0.152744
v 0.568233 1.537812 -0.150733
v 0.585853 1.530836 -0.169981
v 0.590124 1.525545 -0.190107
v 0.523468 1.528773 -0.210782
v 0.513360 1.537189 -0.191755
v 0.555763 1.525913 -0.208649
v 0.511607 1.541734 -0.176339
v 0.510727 1.545898 -0.154968
v 0.578606 1.522970 -0.206635
v 0.584305 1.514085 -0.223083
v 0.561222 1.516724 -0.225736
v 0.597568 1.514410 -0.215750
v 0.590407 1.504646 -0.236216
v 0.568069 1.506956 -0.239703
v 0.533629 1.509909 -0.242988
v 0.524435 1.519238 -0.229375
v 0.542089 1.575095 0.476763
v 0.563714 1.571028 0.476885
v 0.564421 1.569136 0.410896
v 0.542736 1.573663 0.420825
v 0.577503 1.567360 0.484729
v 0.578228 1.564953 0.402193
v 0.542342 1.573539 0.548207
v 0.563410 1.569645 0.547574
v 0.508194 1.571021 0.739955
v 0.577141 1.564962 0.575505
v 0.684522 1.090098 -0.584827
v 0.687795 1.080553 -0.604493
v 0.691047 1.072306 -0.625076
v 0.672071 1.414612 -0.253163
v 0.541881 1.552690 1.060342
v 0.563828 1.549863 1.042134
v 0.542339 1.556581 0.975192
v 0.563803 1.555731 0.903481
v 0.577578 1.546485 1.041644
v 0.577602 1.551957 0.909480
v 0.510107 1.557909 1.036240
v 0.587259 1.546216 0.969083
v 0.542019 1.562449 0.835158
v 0.509307 1.564122 0.903432
v 0.205449 1.579105 1.060888
v 0.205449 1.583511 0.993830
v 0.136966 1.586543 0.993845
v 0.136966 1.582186 1.060894
v 0.205449 1.587606 0.924270
v 0.136966 1.590544 0.924335
v 0.068483 1.588491 0.993856
v 0.068483 1.584214 1.060899
v 0.068483 1.592381 0.924381
v 0.273933 1.575212 1.060880
v 0.273933 1.579573 0.993812
v 0.273933 1.583670 0.924196
v 0.273933 1.587162 0.858445
v 0.205449 1.591057 0.858594
v 0.136966 1.593881 0.858724
v 0.068483 1.595600 0.858816
v 0.668188 1.432466 1.055642
v 0.668131 1.434073 0.988990
v 0.668383 1.435611 0.897973
v 0.659310 1.457513 1.093558
v 0.664047 1.448895 0.812904
v 0.623057 1.522833 1.038014
v 0.629384 1.518510 0.969931
v 0.636336 1.508204 1.040435
v 0.622416 1.527412 0.899152
v 0.635534 1.511653 0.904101
v 0.616376 1.528187 1.034617
v 0.642362 1.499644 0.972279
v 0.628349 1.523308 0.785512
v 0.615841 1.533178 0.896890
v 0.610295 1.532703 1.025321
v 0.597842 1.539109 1.033796
v 0.609083 1.541827 0.785418
v 0.611133 1.529239 -0.050290
v 0.619007 1.524262 -0.050757
v 0.341815 1.590610 0.326117
v 0.406094 1.585327 0.326567
v 0.406106 1.582324 0.253324
v 0.341817 1.587822 0.252541
v 0.463884 1.578520 0.298979
v 0.406119 1.578890 0.174637
v 0.341818 1.584571 0.173495
v 0.273933 1.595164 0.325656
v 0.510004 1.573311 0.303769
v 0.273933 1.589545 0.172323
v 0.273933 1.592603 0.251738
v 0.648226 1.485825 -0.065948
v 0.646664 1.490110 0.005459
v 0.068483 1.602314 0.324525
v 0.136966 1.600970 0.324805
v 0.136966 1.598829 0.250258
v 0.068483 1.600311 0.249771
v 0.205449 1.598617 0.325202
v 0.205449 1.596281 0.250948
v 0.136966 1.596129 0.170164
v 0.068483 1.597729 0.169452
v 0.205449 1.593415 0.171170
v 0.069874 1.604324 0.415674
v 0.138575 1.603128 0.415479
v 0.207123 1.601003 0.415739
v 0.205449 1.590104 0.092483
v 0.136966 1.592906 0.091152
v 0.068483 1.594567 0.090210
v 0.468576 1.558318 1.102992
v 0.464334 1.566035 0.967906
v 0.406441 1.571616 0.962444
v 0.406058 1.566006 1.060831
v 0.340943 1.577111 0.958144
v 0.341811 1.570755 1.060868
v 0.461796 1.572774 0.827855
v 0.404359 1.578498 0.826483
v 0.340601 1.583917 0.827058
v 0.406059 1.562206 1.118800
v 0.068483 1.534860 1.362135
v 0.068482 1.529063 1.377817
v 0.153507 1.526957 1.376745
v 0.154334 1.532511 1.361435
v 0.068481 1.523080 1.391505
v 0.151708 1.521593 1.389609
v 0.068483 1.540570 1.343752
v 0.087721 1.517769 1.401529
v 0.155436 1.538129 1.343245
v 0.408566 1.587083 0.582659
v 0.342389 1.592899 0.563575
v 0.341857 1.590456 0.645104
v 0.465177 1.581913 0.577522
v 0.443210 1.552721 1.196189
v 0.463051 1.554444 1.162675
v 0.406060 1.558696 1.162979
v 0.443468 1.549228 1.221950
v 0.064016 1.508302 1.418986
v 0.175559 1.495515 1.437509
v 0.201653 1.501172 1.426661
v 0.121297 1.489025 1.448751
v 0.484366 1.526213 -0.223584
v 0.431434 1.512591 -0.257541
v 0.422282 1.534540 -0.216639
v 0.363298 1.516959 -0.259412
v 0.345391 1.541329 -0.213848
v 0.468723 1.535417 -0.206705
v 0.492269 1.505415 -0.258595
v 0.463755 1.550461 -0.157452
v 0.464414 1.545803 -0.178894
v 0.406820 1.549980 -0.181665
v 0.406313 1.555156 -0.160151
v 0.465934 1.540779 -0.194355
v 0.408115 1.544462 -0.197172
v 0.342291 1.554031 -0.184580
v 0.341891 1.559669 -0.162992
v 0.343368 1.548078 -0.200135
v 0.068483 1.590829 0.017766
v 0.136966 1.589186 0.018932
v 0.136966 1.584970 -0.044462
v 0.068483 1.586545 -0.045837
v 0.205449 1.586411 0.020582
v 0.205449 1.582301 -0.042519
v 0.136966 1.580252 -0.097920
v 0.068483 1.581748 -0.099472
v 0.205449 1.577717 -0.095727
v 0.068720 1.605049 0.478045
v 0.137333 1.603943 0.477627
v 0.205844 1.601928 0.477254
v 0.067666 1.548340 1.314032
v 0.135837 1.546720 1.313024
v 0.203993 1.544340 1.311682
v 0.822810 0.710837 0.551310
v 0.822835 0.708292 0.573174
v 0.822868 0.668128 0.455200
v 0.820145 0.440223 0.565192
v 0.820828 0.453975 0.445988
v 0.821467 0.455991 0.560373
v 0.822607 0.477388 0.390441
v 0.820388 0.429089 0.642101
v 0.822852 0.490889 0.414315
v 0.822404 0.465612 0.337620
v 0.724228 1.068689 1.589554
v 0.804043 1.035928 1.309049
v 0.794852 1.044025 1.335484
v 0.798426 1.035752 1.361187
v 0.786526 1.043392 1.410395
v 0.797627 1.044831 1.290049
v 0.789584 1.035929 1.422582
v 0.753115 1.065131 1.490648
v 0.808737 1.036253 0.448570
v 0.801685 1.044963 0.444915
v 0.801573 1.042890 0.530408
v 0.807663 1.035765 0.537050
v 0.799504 1.043111 0.785318
v 0.807161 1.035898 1.253298
v 0.811993 1.026710 1.253683
v 0.815307 1.015109 1.236733
v 0.814178 1.014962 1.274037
v 0.817021 1.001605 1.236838
v 0.816753 0.984396 1.273931
v 0.817859 0.985568 1.237146
v 0.815223 1.015170 1.174592
v 0.817008 1.001638 1.177589
v 0.817900 0.986920 1.185237
v 0.795408 0.994724 1.440622
v 0.784867 1.014756 1.481858
v 0.788658 0.998234 1.474243
v 0.746225 0.999386 1.611015
v 0.766121 0.994437 1.559264
v 0.755129 0.949620 1.608009
v 0.780940 0.999845 1.506679
v 0.773242 1.014928 1.525663
v 0.780652 0.949830 1.526750
v 0.788439 0.946947 1.494056
v 0.724679 0.909541 1.695911
v 0.687413 1.008419 1.684593
v 0.639160 0.997413 1.721863
v 0.641432 0.952554 1.742374
v 0.676204 0.959443 1.715510
v 0.695243 0.973306 1.695246
v 0.813685 0.905952 1.332429
v 0.809329 0.906003 1.371582
v 0.816146 0.905994 1.304034
v 0.818676 0.937897 0.702117
v 0.819194 0.863664 -0.549637
v 0.822261 0.849999 -0.549678
v 0.791722 0.848651 1.503483
v 0.790008 0.860166 1.496570
v 0.779199 0.854785 1.556641
v 0.778657 0.866716 1.545294
v 0.788283 0.867882 1.499698
v 0.816567 0.892463 0.455368
v 0.791633 0.883260 -1.536515
v 0.784905 0.902464 -1.611508
v 0.791870 0.902456 -1.502242
v 0.792010 0.884587 -1.516931
v 0.812139 0.835466 -1.247946
v 0.811152 0.858722 -1.080818
v 0.820365 0.848234 -0.826963
v 0.816890 0.861514 -0.854744
v 0.821623 0.832853 -0.821918
v 0.823015 0.668034 -0.552316
v 0.719750 1.170432 1.363837
v 0.733200 1.150172 1.314136
v 0.733670 1.171674 1.278568
v 0.678611 1.336583 1.341067
v 0.750274 1.100104 0.511122
v 0.750287 1.093976 0.993292
v 0.747808 1.100127 1.202613
v 0.815492 0.873004 -0.851787
v 0.818169 0.869729 -0.644218
v 0.817755 0.882172 -0.631134
v 0.812570 0.879174 1.300717
v 0.808569 0.873738 1.350326
v 0.808439 0.889974 1.349940
v 0.815005 0.897727 1.279028
v 0.816087 0.866783 0.928084
v 0.815627 0.877953 0.901418
v 0.816189 0.882359 0.455337
v 0.815638 0.882104 1.187388
v 0.796512 0.882705 1.443057
v 0.796692 0.896701 1.444379
v 0.814950 0.890006 1.256804
v 0.814723 0.873629 1.262973
v 0.797151 0.877868 -1.380715
v 0.804329 0.882119 -1.189642
v 0.795831 0.890494 -1.385164
v 0.814652 0.884873 -0.857607
v 0.815305 0.890430 -0.756068
v 0.816106 0.874587 -0.752647
v 0.790580 0.888192 -1.484291
v 0.790807 0.881837 -1.500837
v 0.796406 0.898900 -1.383493
v 0.798483 0.902467 -1.387421
v 0.809330 0.898384 1.350446
v 0.775853 0.871909 1.565841
v 0.816414 0.902769 -0.790542
v 0.817295 0.908150 -0.794849
v 0.817733 0.903965 -0.816292
v 0.817784 0.905944 1.275396
v 0.818741 0.906012 1.246583
v 0.791827 0.898271 -1.468985
v 0.792898 0.902442 -1.487961
v 0.817389 0.898625 0.455417
v 0.666542 1.338270 1.446927
v 0.670491 1.325840 1.442096
v 0.665491 1.357537 1.420191
v 0.649120 1.483474 1.098149
v 0.654166 1.472750 1.031150
v 0.648169 1.487745 0.972369
v 0.655255 1.466852 1.138623
v 0.654544 1.473959 0.784828
v 0.648994 1.476380 1.187844
v 0.683553 1.254990 1.496889
v 0.701397 1.164536 1.547943
v 0.720036 1.087254 1.576153
v 0.656611 1.471149 0.544756
v 0.647455 1.491734 0.542191
v 0.648621 1.491153 0.495236
v 0.706393 1.154526 1.532449
v 0.657120 1.479481 0.430061
v 0.652611 1.490736 0.412822
v 0.661891 1.467545 0.436419
v 0.727790 0.804190 1.700984
v 0.462745 1.576610 0.730625
v 0.405440 1.582187 0.733422
v 0.340988 1.587597 0.735487
v 0.273060 1.592330 0.737115
v 0.273933 1.589800 0.801477
v 0.205449 1.593625 0.801694
v 0.205449 1.595459 0.752494
v 0.136966 1.598064 0.752735
v 0.136966 1.596337 0.801883
v 0.068483 1.599591 0.752905
v 0.068483 1.597953 0.802017
v 0.000000 1.598488 0.802068
v -0.405440 1.582186 0.733437
v -0.462742 1.576609 0.730672
v -0.340986 1.587597 0.735499
v -0.273933 1.589800 0.801477
v -0.273060 1.592329 0.737119
v -0.205449 1.593625 0.801694
v -0.136966 1.596337 0.801883
v -0.136966 1.598064 0.752735
v -0.205449 1.595459 0.752494
v -0.068483 1.597953 0.802017
v -0.068483 1.599591 0.752905
v -0.674495 1.420236 0.499586
v 0.729177 1.190859 0.474442
v 0.713068 1.262799 0.437329
v 0.699666 1.316889 0.472508
v 0.693798 1.338669 0.500306
v 0.710811 1.266953 0.499861
v -0.717638 1.139741 1.481213
v -0.728502 1.150486 1.346498
v -0.731383 1.136660 1.358449
v -0.738750 1.146216 1.282588
v 0.714769 1.145885 1.482774
v 0.731383 1.136659 1.358449
v 0.728502 1.150487 1.346496
v 0.738749 1.146220 1.282587
v 0.683657 1.273520 1.404121
v -0.692067 1.242123 1.420080
v 0.698092 1.206438 1.440781
v -0.706579 1.287144 -0.296174
v -0.700913 1.309694 -0.278492
v -0.689956 1.351770 -0.311351
v -0.698066 1.320602 -0.337016
v -0.693247 1.338023 -0.254436
v -0.677452 1.395679 -0.270919
v -0.712411 1.261726 -0.314757
v -0.704199 1.294166 -0.357430
v -0.666118 1.458966 0.336384
v -0.667016 1.458600 0.374173
v -0.648398 1.510951 0.384343
v -0.668629 1.453674 0.382361
v -0.663079 1.454632 0.119779
v -0.683793 1.399462 0.387295
v -0.706065 1.298237 0.387274
v -0.682859 1.408049 0.436439
v -0.823650 0.512527 -0.249635
v -0.824141 0.533577 -0.218517
v -0.823002 0.535552 -0.552999
v -0.822367 0.513399 -0.552773
v -0.823798 0.557939 -0.337570
v -0.823301 0.566376 -0.553120
v -0.823846 0.610506 -0.217813
v -0.823245 0.616178 -0.552898
v -0.823851 0.741109 0.047977
v -0.824440 0.654345 0.203749
v -0.824282 0.712862 0.233698
v -0.823694 0.656376 -0.204038
v -0.824583 0.617497 0.155390
v -0.825986 0.607371 0.451512
v -0.824014 0.780672 0.237693
v -0.738683 1.154681 0.386623
v -0.716168 1.254756 0.436385
v -0.745167 1.127843 0.436386
v -0.749399 1.109012 0.382501
v -0.753850 1.093637 0.436638
v -0.757799 1.082047 0.387724
v -0.765723 1.075292 0.438748
v -0.757718 1.084008 0.437092
v -0.753936 1.089563 0.381618
v -0.764941 1.073972 0.387890
v -0.779360 1.062524 0.415310
v -0.771313 1.067607 0.387884
v -0.802419 1.046573 0.448130
v -0.796815 1.042702 0.365693
v -0.789039 1.047755 0.218330
v -0.795239 1.040615 0.184034
v -0.804448 1.033955 0.383458
v -0.820570 0.950837 0.348374
v -0.819504 0.954711 0.223477
v -0.821024 0.940281 0.222238
v -0.822471 0.940576 0.456543
v -0.823375 0.743321 -0.319046
v -0.823139 0.780847 -0.550725
v -0.826485 0.575567 0.446632
v -0.825694 0.569839 0.282622
v -0.822035 0.446567 0.076406
v -0.825211 0.447035 0.392041
v -0.823982 0.461710 0.180254
v -0.826651 0.483476 0.378490
v -0.827016 0.515339 0.375208
v -0.825389 0.512448 0.107715
v -0.674354 1.435834 0.386388
v -0.798251 1.018966 -0.464198
v -0.795887 1.026660 -0.375201
v -0.793519 1.025427 -0.500603
v -0.803528 1.012763 -0.330791
v -0.800323 1.020020 -0.329078
v -0.790799 1.033094 -0.407225
v -0.785431 1.035550 -0.529295
v -0.798505 1.012989 -0.536586
v -0.672720 1.444398 0.436642
v -0.663048 1.472034 0.436848
v -0.824898 0.493963 0.094515
v -0.822867 0.493839 -0.249720
v -0.821742 0.476914 -0.249775
v -0.824174 0.477204 0.094488
v -0.820647 0.461203 -0.218799
v -0.817725 0.445769 -0.380111
v -0.827603 0.502987 0.422196
v -0.827406 0.528307 0.432947
v -0.821733 0.909028 0.205761
v -0.821356 0.917616 -0.548247
v -0.821090 0.906172 -0.548643
v -0.807628 1.010163 -0.089082
v -0.806209 1.016287 -0.052271
v -0.802609 1.023294 -0.089574
v -0.808537 1.019982 0.168800
v -0.799794 1.029492 -0.045677
v -0.823428 0.796728 -0.133219
v -0.822825 0.819688 -0.549998
v -0.797628 1.042876 0.389123
v -0.812452 1.035372 0.451098
v -0.808573 1.027358 0.383314
v -0.760943 1.061918 -0.427118
v -0.751586 1.073127 -0.504649
v -0.764659 1.058363 -0.481858
v -0.768307 1.056074 -0.327622
v -0.761507 1.062937 -0.325138
v -0.754545 1.072546 -0.269132
v -0.748743 1.076706 -0.448716
v -0.776290 1.047289 -0.522951
v -0.747584 1.080958 -0.395905
v -0.744149 1.083500 -0.497821
v -0.747228 1.086933 -0.328493
v -0.743794 1.089913 -0.443822
v -0.742644 1.103025 -0.416127
v -0.731244 1.164684 -0.378539
v -0.730492 1.152370 -0.455274
v -0.720196 1.223958 -0.340565
v -0.717564 1.225743 -0.406255
v -0.710212 1.264958 -0.378768
v -0.745596 1.090317 -0.383486
v -0.744209 1.095691 -0.409327
v -0.739999 1.097494 -0.489122
v -0.671908 1.414524 -0.172812
v -0.656678 1.467415 -0.182916
v -0.661392 1.452458 -0.208546
v -0.668309 1.426981 -0.150852
v -0.653633 1.475212 -0.161400
v -0.676385 1.398451 -0.193397
v -0.651135 1.480543 -0.138971
v -0.664080 1.439135 -0.114187
v -0.649366 1.483354 -0.113107
v -0.661827 1.446489 -0.070157
v -0.661497 1.449829 -0.029716
v -0.648357 1.485206 -0.075493
v -0.661988 1.452286 0.032437
v -0.822608 0.843092 0.234233
v -0.823348 0.847089 0.456665
v -0.821710 0.851194 0.218973
v -0.786876 1.043627 -0.079656
v -0.788110 1.039412 -0.244943
v -0.798247 1.034458 0.068700
v -0.766488 1.060376 -0.194404
v -0.781529 1.041544 -0.496745
v -0.764626 1.072199 0.216009
v -0.771833 1.064491 0.218910
v -0.760960 1.077092 0.224328
v -0.821260 0.494157 -0.552290
v -0.818506 0.464939 -0.547346
v -0.817489 0.455470 -0.541353
v -0.816863 0.449791 -0.530047
v -0.816682 0.446823 -0.506818
v -0.816935 0.445790 -0.463145
v -0.819873 0.477837 -0.550772
v -0.823982 0.839658 0.456697
v -0.823371 0.826579 0.216779
v -0.824803 0.809972 0.456714
v -0.825329 0.732658 0.456687
v -0.823088 0.917505 0.456719
v -0.821970 0.918585 0.213773
v -0.822612 0.906665 0.456667
v -0.818949 0.894188 -0.548983
v -0.819292 0.894578 0.219987
v -0.822512 0.834183 -0.549734
v -0.822013 0.844134 -0.549561
v -0.824418 0.571619 -0.098999
v -0.825615 0.533276 0.155225
v -0.825156 0.571111 0.155289
v -0.821033 0.930211 -0.547825
v -0.825499 0.685927 0.456061
v -0.825706 0.644752 0.454503
v -0.826803 0.472372 0.407191
v -0.776016 1.047446 -0.465565
v -0.683741 1.372018 -0.221975
v -0.666787 1.433576 -0.231586
v -0.814777 1.005322 0.381139
v -0.817935 0.971822 0.361144
v -0.820690 0.982492 0.454894
v -0.821034 0.959336 0.423673
v -0.822208 0.949526 0.456323
v -0.819806 0.959287 -0.435690
v -0.818969 0.966840 -0.443343
v -0.818115 0.966465 -0.014930
v -0.817689 0.973367 -0.449764
v -0.819102 0.963867 -0.546620
v -0.816042 0.976855 -0.545022
v -0.809046 0.964105 0.253108
v -0.809740 0.959215 0.263457
v -0.807454 0.967513 0.271911
v -0.808247 0.970030 0.249781
v -0.807582 0.976008 0.253227
v -0.806987 0.981007 0.263757
v -0.756945 1.085383 0.215053
v -0.758403 1.081501 0.221997
v -0.756010 1.093317 0.210984
v -0.756175 1.089654 0.209865
v -0.754764 1.093837 0.300474
v -0.753658 1.095200 0.334536
v -0.752554 1.097623 0.357351
v -0.752840 1.088755 -0.011505
v -0.818774 0.885786 0.223829
v -0.818390 0.885613 -0.549120
v -0.818341 0.873437 -0.549305
v -0.818762 0.873921 0.222479
v -0.819207 0.861549 -0.549404
v -0.819571 0.862311 0.226883
v -0.819918 0.890336 0.456514
v -0.819906 0.870840 0.456492
v -0.820571 0.862757 0.456529
v -0.821244 0.904540 0.215606
v -0.821067 0.899003 0.456597
v -0.815329 0.990606 0.278223
v -0.816518 0.986736 0.361575
v -0.815239 0.989359 0.229459
v -0.815085 0.988960 0.300212
v -0.815390 0.988003 0.324268
v -0.819221 1.011453 0.453657
v -0.815500 0.980154 0.011812
v -0.814765 0.982339 -0.217181
v -0.816606 0.975528 -0.218683
v -0.812910 0.988616 -0.217057
v -0.812883 0.995598 0.066149
v -0.812084 0.993308 -0.096728
v -0.808746 1.001010 -0.244039
v -0.807688 1.001216 -0.367940
v -0.812490 0.988903 -0.415942
v -0.815616 0.980318 -0.458944
v -0.811120 0.990639 -0.501217
v -0.806367 1.002476 -0.441783
v -0.809697 0.991501 -0.541810
v -0.806354 0.984046 0.319853
v -0.808026 0.964633 0.312887
v -0.808283 0.976797 0.347272
v -0.807652 0.981712 0.336923
v -0.808947 0.970817 0.350601
v -0.809648 0.964804 0.347153
v -0.810077 0.959769 0.336626
v -0.810424 0.956567 0.320076
v -0.810235 0.955418 0.288491
v -0.806721 0.985290 0.289266
v -0.649350 1.508485 0.422766
v -0.648305 1.511290 0.412185
v -0.655479 1.492334 0.435072
v -0.825087 0.792202 0.456737
v -0.827010 0.549726 0.440270
v -0.751302 1.101580 0.372091
v -0.816848 0.975164 0.211709
v -0.821223 0.851412 -0.549463
v -0.750937 1.086822 -0.129173
v -0.749070 1.085967 -0.239083
v -0.805641 1.026802 0.185551
v -0.811966 1.011147 0.214935
v -0.811886 1.002622 0.097895
v -0.811428 1.020552 0.383028
v -0.813318 1.013770 0.382908
v -0.817511 1.023317 0.452845
v -0.814385 0.987216 0.276363
v -0.815016 0.983657 0.256380
v -0.815624 0.984446 0.343819
v -0.818626 0.954995 0.276138
v -0.818921 0.953982 0.300081
v -0.819224 0.955247 0.324174
v -0.818619 0.959067 0.343896
v -0.818047 0.958407 0.256405
v -0.818027 0.964909 0.356072
v -0.816338 0.978768 0.355985
v -0.815612 0.977849 0.244194
v -0.816396 0.970927 0.240151
v -0.817233 0.964056 0.244227
v -0.648364 1.511690 0.400334
v -0.635144 1.509740 0.420206
v -0.634639 1.511657 0.399749
v -0.649344 1.508482 0.422767
v -0.651208 1.503574 0.429607
v -0.638326 1.501376 0.431661
v -0.760339 1.049650 -0.521308
v -0.735088 1.076062 -0.502602
v -0.699731 1.267083 0.436386
v -0.732681 1.122254 0.436386
v -0.756207 1.085931 0.436827
v -0.742248 1.087246 0.436820
v -0.728579 1.162359 -0.449459
v -0.727665 1.090396 -0.493484
v -0.714857 1.162344 -0.449470
v -0.791607 1.044333 0.448907
v -0.801791 1.029627 0.452091
v -0.655183 1.493125 0.434882
v -0.646347 1.480447 0.436788
v -0.750048 1.076749 0.438326
v -0.809457 0.910821 0.456733
v -0.808538 0.948552 0.456374
v -0.817663 0.465057 -0.547398
v -0.818519 0.477936 -0.550790
v -0.805011 0.480829 -0.551374
v -0.803938 0.465057 -0.547398
v -0.819679 0.497003 -0.552470
v -0.807961 0.545299 -0.553173
v -0.817009 0.455629 -0.541199
v -0.803284 0.455629 -0.541199
v -0.772345 1.034792 -0.529808
v -0.786414 1.009661 -0.537270
v -0.811218 0.811412 0.456742
v -0.809647 0.847555 0.456664
v -0.825514 0.693404 0.456286
v -0.825738 0.644594 0.454494
v -0.811802 0.644593 0.454494
v -0.811736 0.699124 0.456402
v -0.826055 0.606790 0.451448
v -0.811828 0.606790 0.451448
v -0.826516 0.575363 0.446593
v -0.827017 0.549724 0.440269
v -0.811843 0.575363 0.446593
v -0.827419 0.528401 0.432982
v -0.811853 0.539751 0.437307
v -0.827588 0.502832 0.422130
v -0.811855 0.503533 0.422448
v -0.643341 1.466243 -0.185740
v -0.647019 1.454663 -0.205583
v -0.818677 0.891641 -0.549027
v -0.804950 0.891632 -0.549025
v -0.804842 0.866909 -0.549386
v -0.825038 0.447082 0.388421
v -0.817004 0.445691 -0.452490
v -0.803283 0.445670 -0.450689
v -0.811327 0.447058 0.387488
v -0.806294 0.867029 0.456501
v -0.816631 0.446825 -0.505648
v -0.802905 0.446825 -0.505648
v -0.816653 0.449791 -0.529900
v -0.802927 0.449791 -0.529900
v -0.815349 0.969851 -0.544325
v -0.804573 0.967086 -0.544592
v -0.806706 0.943807 -0.547041
v -0.820879 0.933076 -0.547638
v -0.800112 0.983199 -0.542065
v -0.821585 0.545861 -0.553076
v -0.822941 0.627207 -0.552833
v -0.809307 0.648129 -0.552584
v -0.809396 0.813417 -0.550164
v -0.807711 0.908922 -0.548559
v -0.808069 0.848264 -0.549492
v -0.717979 1.223288 -0.407991
v -0.710328 1.264352 -0.379200
v -0.692955 1.282891 -0.365908
v -0.704319 1.222920 -0.408247
v -0.701447 1.306805 -0.347976
v -0.805318 1.015069 0.453471
v -0.681817 1.330924 -0.328839
v -0.669436 1.375752 -0.289825
v -0.661022 1.405218 -0.261393
v -0.653819 1.430863 -0.234711
v -0.826128 0.456230 0.397869
v -0.811734 0.450856 0.393665
v -0.638096 1.479150 -0.147246
v -0.666767 1.418652 0.436450
v -0.806249 0.891901 0.456516
v -0.811839 0.471675 0.406716
v -0.648411 1.485341 -0.073615
v -0.635682 1.483175 -0.115981
v -0.634685 1.485334 -0.073441
v 0.706579 1.287144 -0.296175
v 0.698066 1.320602 -0.337017
v 0.691936 1.344377 -0.317487
v 0.700913 1.309694 -0.278492
v 0.684498 1.371049 -0.294055
v 0.693247 1.338022 -0.254436
v 0.712411 1.261727 -0.314757
v 0.704191 1.294211 -0.357396
v 0.662031 1.452340 0.035291
v 0.648409 1.496138 0.119583
v 0.662859 1.454073 0.102492
v 0.648370 1.485109 -0.077303
v 0.665630 1.455226 0.254874
v 0.668045 1.458405 0.436769
v 0.667460 1.453419 0.316683
v 0.664075 1.455239 0.179587
v 0.821592 0.548810 -0.553077
v 0.822458 0.587821 -0.553063
v 0.822798 0.602865 -0.403201
v 0.821744 0.512524 -0.229424
v 0.819750 0.499783 -0.552536
v 0.822148 0.545788 -0.324159
v 0.823856 0.781164 0.171243
v 0.824245 0.702493 0.241592
v 0.823962 0.704141 0.089431
v 0.825482 0.644800 0.454506
v 0.824286 0.538693 0.263014
v 0.823806 0.609824 0.036592
v 0.706182 1.297779 0.387270
v 0.685055 1.398471 0.436422
v 0.710793 1.279450 0.436387
v 0.728868 1.198398 0.436389
v 0.734934 1.170817 0.386894
v 0.747546 1.118266 0.436400
v 0.748277 1.113952 0.383945
v 0.756513 1.085723 0.436837
v 0.754029 1.089188 0.382928
v 0.756576 1.083996 0.380767
v 0.760085 1.079237 0.384717
v 0.765739 1.075292 0.438747
v 0.764654 1.074250 0.387722
v 0.777571 1.064283 0.418600
v 0.797964 1.050331 0.446880
v 0.771434 1.067499 0.389898
v 0.796777 1.042712 0.365634
v 0.804412 1.034031 0.383623
v 0.796428 1.040310 0.228482
v 0.808508 1.027472 0.383243
v 0.804754 1.027316 0.151778
v 0.799791 1.034077 0.132792
v 0.788681 1.048397 0.229018
v 0.820210 0.954183 0.353483
v 0.821364 0.948713 0.398887
v 0.819517 0.953758 0.299411
v 0.819986 0.950460 0.246872
v 0.821389 0.934106 0.223489
v 0.822616 0.937621 0.456607
v 0.822538 0.906162 0.456663
v 0.820272 0.894416 0.456533
v 0.819281 0.894354 0.237360
v 0.823147 0.780875 -0.550691
v 0.823397 0.783435 -0.214063
v 0.823116 0.686351 -0.552098
v 0.823529 0.676280 -0.194921
v 0.824781 0.446979 0.351506
v 0.825526 0.606794 0.451448
v 0.822957 0.446736 0.172472
v 0.823153 0.478574 0.146094
v 0.674462 1.435568 0.386080
v 0.675864 1.434191 0.436563
v 0.684872 1.394921 0.387287
v 0.798909 1.019916 -0.414506
v 0.799861 1.014098 -0.499675
v 0.793475 1.025886 -0.496425
v 0.794930 1.027382 -0.398564
v 0.794483 1.021413 -0.534542
v 0.783898 1.037874 -0.528258
v 0.790650 1.033623 -0.388910
v 0.671714 1.443622 0.377052
v 0.821349 0.493859 -0.196633
v 0.821393 0.469232 -0.068873
v 0.819442 0.468959 -0.324517
v 0.823043 0.522969 0.004953
v 0.817856 0.445796 -0.364026
v 0.825574 0.575363 0.446593
v 0.825576 0.523988 0.431357
v 0.825576 0.549724 0.440269
v 0.825553 0.486204 0.414222
v 0.821739 0.908959 0.217066
v 0.821134 0.906564 -0.548632
v 0.821341 0.917303 -0.548261
v 0.810079 1.007364 0.035833
v 0.805510 1.012394 -0.193965
v 0.803319 1.018178 -0.191029
v 0.808311 1.014722 0.049277
v 0.800325 1.024566 -0.185674
v 0.805839 1.021435 0.050337
v 0.807051 1.007679 -0.196173
v 0.802742 1.013628 -0.359916
v 0.796342 1.031104 -0.177856
v 0.822824 0.819730 -0.549998
v 0.808408 1.040617 0.449879
v 0.798015 1.042746 0.391247
v 0.814044 1.032372 0.451621
v 0.763429 1.059649 -0.404069
v 0.764769 1.058251 -0.481768
v 0.753553 1.070455 -0.450096
v 0.747780 1.077487 -0.501727
v 0.772671 1.051128 -0.520302
v 0.758586 1.067315 -0.275161
v 0.754085 1.074116 -0.237803
v 0.749839 1.077214 -0.366210
v 0.743258 1.085793 -0.496390
v 0.747651 1.081095 -0.390004
v 0.743779 1.090030 -0.443140
v 0.747357 1.087115 -0.319868
v 0.742640 1.103045 -0.416094
v 0.730496 1.152327 -0.455288
v 0.731243 1.164689 -0.378536
v 0.717634 1.225381 -0.406506
v 0.720196 1.223958 -0.340566
v 0.710212 1.264956 -0.378769
v 0.745650 1.090394 -0.379847
v 0.741303 1.090897 -0.493172
v 0.744230 1.095712 -0.408257
v 0.671908 1.414524 -0.172813
v 0.661194 1.453137 -0.207647
v 0.657131 1.466051 -0.186062
v 0.668309 1.426981 -0.150851
v 0.676385 1.398451 -0.193397
v 0.652870 1.476925 -0.155674
v 0.664080 1.439135 -0.114188
v 0.649819 1.482615 -0.123196
v 0.661825 1.446499 -0.070068
v 0.661507 1.449844 -0.028987
v 0.821718 0.851167 0.228105
v 0.819642 0.861817 0.230798
v 0.820651 0.862267 0.456532
v 0.823411 0.846522 0.456668
v 0.822585 0.843118 0.228404
v 0.790194 1.042674 0.034365
v 0.791465 1.037434 -0.157591
v 0.784863 1.044024 -0.160162
v 0.768779 1.058569 -0.177150
v 0.781600 1.041436 -0.497066
v 0.777854 1.045672 -0.459076
v 0.768381 1.056148 -0.322119
v 0.648369 1.510897 0.385371
v 0.771155 1.065343 0.225414
v 0.764736 1.072302 0.224850
v 0.761159 1.077099 0.233894
v 0.818444 0.477791 -0.550765
v 0.817578 0.464949 -0.547352
v 0.816973 0.445763 -0.457119
v 0.816631 0.446825 -0.505648
v 0.816653 0.449791 -0.529900
v 0.816996 0.455470 -0.541353
v 0.824514 0.825931 0.456707
v 0.823383 0.826578 0.233381
v 0.825086 0.783564 0.456728
v 0.821993 0.916983 0.228347
v 0.823122 0.915308 0.456727
v 0.821248 0.904586 0.222527
v 0.819088 0.895524 -0.548948
v 0.822511 0.834197 -0.549734
v 0.821786 0.847485 -0.549507
v 0.823312 0.571568 -0.068406
v 0.823833 0.531873 0.171534
v 0.821093 0.928393 -0.547912
v 0.825464 0.693557 0.456324
v 0.825373 0.447108 0.391219
v 0.825535 0.460494 0.400655
v 0.683741 1.372018 -0.221975
v 0.671171 1.417945 -0.248458
v 0.665746 1.437242 -0.227340
v 0.821287 0.969685 0.455473
v 0.818341 0.981628 0.403307
v 0.819100 1.013231 0.453580
v 0.819743 0.959645 -0.379068
v 0.818982 0.966741 -0.439449
v 0.820019 0.953087 -0.547087
v 0.817924 0.971242 -0.330557
v 0.818583 0.962899 0.058707
v 0.819045 0.964351 -0.546560
v 0.816153 0.976941 -0.545062
v 0.816704 0.976949 -0.481838
v 0.806987 0.981007 0.263757
v 0.807696 0.965189 0.280145
v 0.807582 0.976008 0.253227
v 0.808247 0.970030 0.249780
v 0.809046 0.964105 0.253108
v 0.809740 0.959215 0.263457
v 0.756292 1.093696 0.228015
v 0.754782 1.093860 0.301620
v 0.755225 1.088285 0.319851
v 0.756719 1.087067 0.227753
v 0.753660 1.095203 0.334671
v 0.752554 1.097623 0.357351
v 0.757892 1.082792 0.222709
v 0.753308 1.089421 0.019924
v 0.818675 0.882415 0.229726
v 0.818338 0.873551 -0.549299
v 0.818388 0.885598 -0.549120
v 0.818938 0.870405 0.231036
v 0.819111 0.862149 -0.549415
v 0.819678 0.882462 0.456496
v 0.814730 1.005774 0.381846
v 0.815255 0.992258 0.284548
v 0.815296 0.988263 0.222349
v 0.816629 0.986489 0.363974
v 0.815389 0.988002 0.324276
v 0.815084 0.988959 0.300241
v 0.815417 0.983837 0.255965
v 0.812591 1.010133 0.238735
v 0.817213 0.971623 -0.066592
v 0.815709 0.979318 -0.283064
v 0.815695 0.978676 -0.067166
v 0.813113 0.988092 -0.194144
v 0.815823 0.980069 0.105482
v 0.812580 0.988873 -0.406836
v 0.809601 0.997433 -0.312402
v 0.810919 0.997048 -0.123366
v 0.813577 0.990627 0.043831
v 0.812602 0.986473 -0.543181
v 0.806229 1.002568 -0.467770
v 0.806812 0.975311 0.320013
v 0.810077 0.959769 0.336626
v 0.809648 0.964804 0.347153
v 0.808947 0.970817 0.350601
v 0.808283 0.976798 0.347272
v 0.807652 0.981712 0.336923
v 0.810235 0.955418 0.288490
v 0.810424 0.956567 0.320076
v 0.807073 0.984578 0.320215
v 0.806721 0.985291 0.289265
v 0.819917 0.870581 0.456489
v 0.817801 0.971846 0.360916
v 0.648280 1.511283 0.412368
v 0.649350 1.508485 0.422766
v 0.654252 1.495554 0.433913
v 0.651153 1.503719 0.429727
v 0.659163 1.482638 0.436460
v 0.669525 1.449417 0.356326
v 0.751302 1.101580 0.372091
v 0.749948 1.106741 0.380016
v 0.817292 0.971230 0.238863
v 0.817586 0.964044 0.243852
v 0.751301 1.087345 -0.104458
v 0.749313 1.086312 -0.222776
v 0.809684 1.019324 0.220289
v 0.812403 0.997942 0.070402
v 0.811398 1.020584 0.382772
v 0.817424 1.023598 0.452788
v 0.813305 1.013792 0.382777
v 0.806951 1.004368 -0.319173
v 0.814728 0.987375 0.276196
v 0.815624 0.984446 0.343819
v 0.818616 0.954997 0.276202
v 0.818892 0.955353 0.324085
v 0.818031 0.958416 0.256477
v 0.818619 0.959067 0.343896
v 0.818028 0.964909 0.356072
v 0.816338 0.978768 0.355985
v 0.815651 0.977838 0.244215
v 0.634638 1.511674 0.401054
v 0.635197 1.509574 0.420661
v 0.650231 1.506117 0.427456
v 0.637482 1.503574 0.429607
v 0.667139 1.417339 0.436434
v 0.731546 1.080448 -0.499712
v 0.762659 1.047143 -0.523072
v 0.710745 1.217671 0.436389
v 0.733501 1.119311 0.436406
v 0.742672 1.085665 0.436850
v 0.726209 1.097909 -0.488866
v 0.715980 1.156915 -0.452498
v 0.791610 1.044328 0.448903
v 0.812516 1.035356 0.451114
v 0.801757 1.029709 0.452077
v 0.654252 1.495554 0.433913
v 0.646350 1.480438 0.436790
v 0.659376 1.481968 0.436523
v 0.640527 1.495554 0.433913
v 0.753548 1.073950 0.439164
v 0.808556 0.948116 0.456383
v 0.809457 0.910851 0.456739
v 0.817663 0.465057 -0.547398
v 0.803938 0.465057 -0.547398
v 0.804793 0.477936 -0.550790
v 0.818808 0.482085 -0.551559
v 0.805941 0.496738 -0.552458
v 0.817009 0.455629 -0.541199
v 0.803284 0.455629 -0.541199
v 0.777832 1.026212 -0.533160
v 0.811218 0.811423 0.456744
v 0.809647 0.847556 0.456665
v 0.811802 0.644594 0.454494
v 0.825527 0.644594 0.454494
v 0.811740 0.697278 0.456372
v 0.811828 0.606790 0.451448
v 0.825567 0.583629 0.448327
v 0.811843 0.575363 0.446593
v 0.825576 0.549724 0.440269
v 0.811851 0.549724 0.440269
v 0.811854 0.523839 0.431297
v 0.825580 0.523225 0.431053
v 0.644169 1.463946 -0.190883
v 0.649990 1.444436 -0.219020
v 0.639063 1.477132 -0.155330
v 0.825163 0.447047 0.389443
v 0.811323 0.447085 0.389445
v 0.804842 0.866913 -0.549387
v 0.804950 0.891632 -0.549026
v 0.818677 0.891641 -0.549026
v 0.803253 0.445730 -0.455245
v 0.806294 0.867029 0.456499
v 0.802905 0.446825 -0.505648
v 0.816631 0.446825 -0.505647
v 0.816653 0.449791 -0.529900
v 0.802927 0.449791 -0.529900
v 0.819101 0.964197 -0.546573
v 0.806075 0.954349 -0.546160
v 0.801460 0.980642 -0.542673
v 0.814262 0.982533 -0.543811
v 0.808554 0.571542 -0.553180
v 0.809499 0.702505 -0.551905
v 0.805351 1.014872 0.453493
v 0.808062 0.913910 -0.548460
v 0.808997 0.840149 -0.549634
v 0.698725 1.253622 -0.386909
v 0.710287 1.264603 -0.379022
v 0.690451 1.294293 -0.357336
v 0.695516 1.331031 -0.328758
v 0.681817 1.330925 -0.328838
v 0.669702 1.374809 -0.290690
v 0.658451 1.414335 -0.252281
v 0.825528 0.459352 0.399573
v 0.811809 0.460836 0.400508
v 0.635935 1.482815 -0.121850
v 0.806249 0.891897 0.456517
v 0.825576 0.483719 0.412966
v 0.811852 0.486335 0.414269
v 0.634685 1.485338 -0.073669
v 0.822778 0.828714 -0.549835
v -0.401260 1.513824 1.430091
v -0.403176 1.521557 1.417730
v -0.403848 1.510091 1.438179
v -0.440417 1.510156 1.439089
v -0.450934 1.521506 1.419456
v -0.452667 1.514134 1.430480
v -0.414001 1.510653 1.438898
v -0.451022 1.500327 1.399316
v -0.452745 1.492521 1.414935
v -0.408893 1.522680 1.413898
v -0.407006 1.502789 1.394486
v -0.402315 1.500363 1.399917
v -0.453003 1.490372 1.458095
v -0.453008 1.471541 1.439814
v -0.440693 1.490864 1.458762
v -0.401706 1.490404 1.458859
v -0.414114 1.490857 1.459124
v -0.448510 1.522765 1.415921
v -0.444307 1.522693 1.413267
v -0.446512 1.502700 1.394072
v -0.407474 1.522738 1.417845
v -0.413580 1.490793 1.420682
v -0.413851 1.471397 1.440226
v -0.440160 1.490793 1.420313
v -0.440431 1.471397 1.439857
v -0.401276 1.471532 1.440523
v -0.400877 1.492569 1.415582
v 0.401260 1.513823 1.430091
v 0.403756 1.503820 1.445124
v 0.402550 1.521150 1.420848
v 0.440419 1.510157 1.439092
v 0.451959 1.507999 1.439358
v 0.450933 1.521515 1.419469
v 0.413856 1.510227 1.439531
v 0.452750 1.513584 1.427693
v 0.452746 1.492521 1.414935
v 0.451022 1.500327 1.399316
v 0.409203 1.522700 1.413766
v 0.407006 1.502789 1.394486
v 0.405112 1.522837 1.416592
v 0.402315 1.500363 1.399917
v 0.453128 1.489747 1.457505
v 0.453008 1.471516 1.439790
v 0.440696 1.490933 1.458829
v 0.401748 1.490412 1.458865
v 0.414114 1.490857 1.459124
v 0.448396 1.522823 1.415963
v 0.446610 1.502677 1.394101
v 0.444601 1.522661 1.413365
v 0.413851 1.471397 1.440226
v 0.413580 1.490793 1.420682
v 0.440160 1.490793 1.420313
v 0.440431 1.471397 1.439857
v 0.439032 1.490793 1.420329
v 0.401016 1.471384 1.440418
v 0.401072 1.485326 1.425736
v 0.401009 1.495459 1.410004
v -0.749085 0.980546 -1.619563
v -0.750577 0.973897 -1.631439
v -0.755817 0.977244 -1.603756
v -0.761185 0.966502 -1.608983
v -0.746367 0.984491 -1.613364
v -0.751717 0.988422 -1.581008
v -0.729399 0.987981 -1.636422
v -0.714228 0.993031 -1.648102
v -0.729639 0.979192 -1.648719
v -0.714244 0.974727 -1.666440
v -0.733433 0.967631 -1.655978
v -0.724768 0.992714 -1.620255
v -0.709769 0.997233 -1.623484
v -0.080093 1.073440 -0.756153
v -0.447404 1.071079 -0.758776
v -0.418737 1.072324 -0.744118
v -0.075143 1.072543 -0.764101
v -0.429860 1.069558 -0.767635
v -0.437906 1.051892 -0.876022
v -0.455522 1.059538 -0.841823
v -0.423174 1.047198 -0.832701
v -0.451490 1.059600 -0.815322
v -0.443612 1.050902 -1.001371
v -0.440293 1.057401 -0.803443
v -0.418866 1.047570 -0.807093
v -0.423609 1.044840 -0.984641
v -0.786387 0.964113 -1.302469
v -0.781161 0.960449 -1.420336
v -0.786601 0.953662 -1.361367
v -0.784990 0.976990 -1.264406
v -0.780662 0.976028 -1.353298
v -0.775153 0.968383 -1.470765
v -0.778221 0.951180 -1.513621
v -0.784622 0.933173 -1.513677
v -0.790400 0.931622 -1.425694
v -0.792169 0.949813 -1.259375
v -0.726216 1.045669 -0.717999
v -0.738762 1.039070 -0.789809
v -0.749789 1.036748 -0.784608
v -0.748600 1.040362 -0.714718
v -0.690120 1.050368 -0.721821
v -0.721722 1.041425 -0.798968
v -0.759097 1.034653 -0.762962
v -0.796666 1.020430 -0.779218
v -0.792787 1.023368 -0.710327
v -0.797689 1.004822 -0.737139
v -0.798731 1.002094 -0.768704
v -0.802309 0.979036 -0.772837
v -0.803282 0.978255 -0.746701
v -0.804971 0.973649 -0.734045
v -0.704365 0.952040 -1.684469
v -0.712871 0.939895 -1.685998
v -0.714034 0.959619 -1.676209
v -0.663841 0.976959 -1.678259
v -0.691305 0.950294 -1.689201
v -0.685527 0.974381 -1.676355
v -0.671090 0.948071 -1.694140
v -0.692593 0.938566 -1.699108
v -0.699020 0.938561 -1.693542
v -0.728076 0.930298 -1.679432
v -0.724695 0.955010 -1.671766
v -0.701191 0.974055 -1.672727
v -0.438002 1.029823 -1.463583
v -0.444344 1.034452 -1.410689
v -0.413805 1.032496 -1.410650
v -0.436747 1.037460 -1.348002
v -0.443337 1.042323 -1.266934
v -0.431091 1.040672 -1.257654
v -0.421589 1.039779 -1.252795
v -0.416342 1.036131 -1.344630
v -0.408622 1.028895 -1.464098
v -0.450281 1.025766 -1.511880
v -0.407645 1.024951 -1.510706
v -0.035840 1.044832 -0.991794
v -0.422845 1.043193 -1.079351
v 0.029867 1.043192 -1.085400
v 0.023893 1.041060 -1.185083
v -0.404483 1.041102 -1.178804
v 0.052441 1.047703 -0.802893
v 0.074447 1.038445 -1.277474
v -0.234052 1.038550 -1.273236
v -0.770655 0.964424 -1.541965
v -0.780711 0.933482 -1.559957
v -0.774446 0.943376 -1.585096
v -0.763593 0.970644 -1.580275
v -0.765200 0.977950 -1.536566
v -0.771202 0.943608 -1.605129
v -0.761420 0.956892 -1.625266
v -0.771532 0.927862 -1.622854
v -0.753612 0.957971 -1.642111
v -0.761276 0.928409 -1.646417
v -0.755744 0.933639 -1.653437
v -0.766632 0.928066 -1.635847
v -0.758058 0.903381 -1.662441
v -0.769587 0.903599 -1.642844
v -0.776695 0.903731 -1.625611
v -0.782443 0.903844 -1.605248
v -0.741694 0.930084 -1.668106
v -0.734592 0.903761 -1.681716
v -0.706640 0.926952 -1.693372
v -0.692738 0.903273 -1.703553
v -0.472308 0.966607 -1.701065
v -0.463991 0.948955 -1.709644
v -0.469562 0.941819 -1.713121
v -0.617585 0.939672 -1.703843
v -0.572176 0.968549 -1.692263
v -0.449742 1.067479 -0.780461
v -0.462065 1.067142 -0.788041
v -0.474282 1.069883 -0.766877
v -0.471514 1.071858 -0.741497
v -0.110589 0.932710 -1.729550
v -0.046864 0.937876 -1.730054
v -0.046815 0.920057 -1.733865
v -0.114185 0.919119 -1.732568
v -0.167618 0.938693 -1.725505
v -0.093787 0.946603 -1.726201
v 0.000003 0.938714 -1.730305
v 0.020492 0.923256 -1.733638
v -0.048939 0.903758 -1.736783
v -0.202851 0.903687 -1.733343
v -0.206078 0.918758 -1.729356
v -0.807466 0.952181 -0.787619
v -0.819382 0.903931 -0.773720
v -0.812940 0.936652 -0.755925
v -0.508969 1.062579 -0.814510
v -0.579968 1.055678 -0.818866
v -0.607413 1.054734 -0.789569
v -0.657077 1.048788 -0.801429
v -0.694623 1.044516 -0.805873
v -0.797398 1.019188 -0.823930
v -0.800240 0.989865 -0.818177
v -0.802840 0.969677 -0.822648
v -0.416664 0.969828 -1.700186
v -0.421181 0.958239 -1.705506
v -0.798725 0.903894 -1.429824
v -0.794287 0.903905 -1.507493
v -0.804247 0.903885 -1.284064
v -0.787630 0.903865 -1.575909
v -0.740264 0.952064 -1.659366
v -0.165241 0.949021 -1.722206
v -0.117269 0.958888 -1.720597
v -0.420476 0.946282 -1.710492
v -0.154254 0.966334 -1.715129
v -0.298848 0.973686 -1.703647
v -0.112885 0.974066 -1.712346
v -0.763831 0.988038 -1.511988
v -0.758497 0.983510 -1.564419
v -0.769504 0.983817 -1.475075
v -0.766766 0.997075 -1.463273
v -0.758547 0.991839 -1.535995
v -0.732932 1.000723 -1.541830
v -0.722702 1.010148 -1.488595
v -0.715922 1.006231 -1.541830
v -0.707535 1.011627 -1.506338
v -0.701744 1.006383 -1.562150
v -0.684917 1.012107 -1.527033
v -0.686388 1.007807 -1.563917
v -0.694601 1.014665 -1.489859
v -0.659677 1.017038 -1.495705
v -0.654334 1.009758 -1.566831
v -0.677255 1.001278 -1.620811
v -0.696452 0.995389 -1.657057
v -0.576380 1.005897 -1.621513
v -0.467264 1.010220 -1.625458
v -0.464907 1.006804 -1.642855
v -0.539005 1.004867 -1.636822
v -0.492800 1.002495 -1.656613
v -0.477372 0.996579 -1.679354
v -0.470961 0.982312 -1.691098
v -0.573514 0.996785 -1.672246
v -0.578741 0.982335 -1.682854
v -0.641282 0.999397 -1.647447
v -0.649499 0.996676 -1.665259
v -0.681315 0.996239 -1.660606
v -0.706728 0.994506 -1.652796
v -0.793033 0.974563 -1.082448
v -0.794553 0.965329 -1.091141
v -0.420042 0.980331 -1.693721
v -0.366365 0.989224 -1.689412
v -0.419871 0.997499 -1.681108
v -0.636647 0.948241 -1.697804
v -0.631709 0.979476 -1.680105
v -0.807895 0.933419 -0.917332
v -0.802819 0.927743 -1.128231
v -0.810577 0.903892 -1.075564
v -0.796116 0.952539 -1.131750
v -0.794788 0.988266 -0.975875
v -0.788833 0.996313 -1.104960
v -0.789207 0.982910 -1.142672
v -0.788841 1.013613 -1.058201
v -0.784182 1.010541 -1.170095
v -0.780121 1.007550 -1.260176
v -0.781965 0.993354 -1.265847
v -0.778126 0.991659 -1.339495
v -0.775139 0.984903 -1.404738
v -0.776191 1.004477 -1.333881
v -0.772277 1.001325 -1.394801
v -0.734368 1.017744 -1.344280
v -0.730663 1.014896 -1.404916
v -0.727216 1.012138 -1.453205
v -0.738198 1.020756 -1.267827
v -0.478437 1.023522 -1.531824
v -0.470974 1.019180 -1.567967
v -0.623678 1.015540 -1.532822
v -0.472695 1.014077 -1.601862
v -0.628702 1.004385 -1.616022
v -0.568604 1.022524 -1.496926
v -0.454991 1.022207 -1.543855
v -0.476538 1.027468 -1.498901
v -0.110130 0.980984 -1.706971
v -0.161785 0.988983 -1.697337
v -0.064207 0.988681 -1.700829
v -0.020802 0.980878 -1.709393
v -0.255211 0.980631 -1.700840
v -0.105769 0.998465 -1.688600
v 0.041324 0.998624 -1.689550
v 0.020295 0.988286 -1.701977
v -0.047784 0.974695 -1.713916
v 0.020135 0.974691 -1.714422
v -0.065913 1.008813 -1.647563
v -0.716715 1.033180 -1.054259
v -0.711510 1.027136 -1.232380
v -0.727272 1.024780 -1.232837
v -0.733451 1.031070 -1.041411
v -0.741343 1.024132 -1.173874
v -0.744745 1.027793 -1.061301
v -0.691214 1.036956 -1.032851
v -0.687090 1.029516 -1.241548
v -0.697469 1.023673 -1.347160
v -0.700622 1.018905 -1.425216
v -0.716090 1.016874 -1.424006
v -0.722259 1.020848 -1.336172
v -0.678221 1.022668 -1.398526
v -0.674451 1.019686 -1.449068
v -0.066109 1.005974 -1.662470
v -0.014001 1.003009 -1.675462
v -0.085104 1.002634 -1.675841
v -0.431699 1.045012 -1.101154
v -0.443986 1.046255 -1.164326
v -0.545176 1.027912 -1.455544
v -0.625334 1.023032 -1.452486
v -0.601844 1.028421 -1.401476
v -0.546546 1.032174 -1.403574
v -0.643103 1.025460 -1.399838
v -0.604225 1.032153 -1.339092
v -0.548126 1.036416 -1.340874
v -0.646189 1.028793 -1.337899
v -0.648978 1.032223 -1.262399
v -0.606367 1.035927 -1.263253
v -0.549788 1.040611 -1.264939
v -0.630103 1.056829 -0.727488
v -0.390080 1.035663 -1.348116
v -0.405946 1.038775 -1.267094
v -0.421938 1.066937 -0.775393
v -0.431631 1.063582 -0.784296
v -0.419835 1.058126 -0.790399
v -0.442508 1.062085 -0.792437
v -0.399570 1.053051 -0.794293
v -0.390203 1.058346 -0.788656
v -0.400969 1.063185 -0.782288
v -0.401143 1.047691 -0.799671
v -0.131822 1.047697 -0.802167
v -0.487184 1.064385 -0.814809
v -0.473288 1.066251 -0.800201
v -0.476748 1.064201 -0.829378
v -0.467774 1.063846 -0.820433
v -0.469205 1.056211 -1.037862
v -0.489316 1.058318 -0.973868
v -0.476321 1.055837 -1.055336
v -0.489285 1.054408 -1.074128
v -0.473271 1.050919 -1.172683
v -0.491444 1.050258 -1.167410
v -0.547849 1.052433 -0.989686
v -0.470996 1.046619 -1.260338
v -0.489554 1.045613 -1.263407
v -0.547240 1.049051 -1.079436
v -0.119026 1.031780 -1.422627
v -0.190265 1.028144 -1.474753
v -0.155305 1.035346 -1.356064
v -0.424412 1.003153 -1.660895
v -0.058760 1.012213 -1.626249
v -0.413145 1.017394 -1.579388
v -0.291934 0.997813 -1.684261
v -0.404498 0.927445 -1.717912
v -0.095709 1.070837 -0.771440
v -0.180164 1.073473 -0.747892
v -0.086818 1.064357 -0.784907
v -0.051128 1.057908 -0.792981
v -0.028122 1.068368 -0.778883
v 0.057776 1.064387 -0.785189
v -0.460183 0.926999 -1.716943
v -0.424005 0.904374 -1.724588
v -0.469629 0.903536 -1.722996
v -0.655412 1.043995 -0.939010
v -0.611232 1.048302 -0.939516
v -0.609594 1.043372 -1.078622
v -0.654034 1.036493 -1.148868
v -0.586532 1.041646 -1.173950
v -0.476673 1.037180 -1.400203
v -0.489982 1.040824 -1.340753
v -0.472615 1.041706 -1.340460
v -0.476662 1.032244 -1.454088
v -0.580109 1.000720 -1.650790
v -0.519568 0.999289 -1.665934
v -0.453389 1.062065 -0.802568
v -0.462780 1.058018 -0.956049
v -0.460716 1.050932 -1.142124
v -0.455627 1.044613 -1.265233
v -0.413492 1.021240 -1.547120
v -0.458593 1.031445 -1.459935
v -0.461028 1.036239 -1.407017
v -0.458962 1.040788 -1.341944
v 0.749085 0.980546 -1.619563
v 0.755816 0.977245 -1.603756
v 0.750576 0.973897 -1.631439
v 0.746367 0.984491 -1.613364
v 0.751718 0.988423 -1.581007
v 0.761185 0.966501 -1.608982
v 0.729398 0.987982 -1.636422
v 0.729638 0.979192 -1.648719
v 0.733432 0.967631 -1.655979
v 0.714244 0.974728 -1.666440
v 0.714228 0.993031 -1.648101
v 0.724767 0.992714 -1.620257
v 0.709769 0.997233 -1.623482
v 0.429860 1.069558 -0.767635
v 0.095988 1.072673 -0.762665
v 0.444620 1.071214 -0.757548
v 0.437906 1.051892 -0.876027
v 0.423159 1.047193 -0.832656
v 0.455523 1.059538 -0.841826
v 0.451490 1.059600 -0.815322
v 0.443611 1.050902 -1.001387
v 0.423644 1.044831 -0.985815
v 0.418870 1.047572 -0.807092
v 0.440293 1.057401 -0.803443
v 0.786387 0.964112 -1.302476
v 0.786602 0.953662 -1.361342
v 0.781161 0.960448 -1.420351
v 0.784990 0.976988 -1.264412
v 0.780662 0.976028 -1.353306
v 0.792169 0.949814 -1.259371
v 0.790401 0.931620 -1.425699
v 0.784624 0.933168 -1.513679
v 0.778222 0.951177 -1.513619
v 0.775154 0.968379 -1.470767
v 0.726216 1.045669 -0.717999
v 0.748599 1.040362 -0.714718
v 0.749789 1.036748 -0.784608
v 0.738762 1.039070 -0.789809
v 0.759095 1.034653 -0.762957
v 0.721722 1.041425 -0.798968
v 0.690120 1.050368 -0.721821
v 0.792759 1.023407 -0.710372
v 0.796577 1.020504 -0.777338
v 0.798381 1.003022 -0.739815
v 0.802324 0.979428 -0.772886
v 0.798708 1.002595 -0.767833
v 0.804646 0.977861 -0.731412
v 0.704365 0.952042 -1.684468
v 0.714034 0.959618 -1.676210
v 0.712870 0.939893 -1.685999
v 0.663844 0.976956 -1.678260
v 0.685528 0.974381 -1.676355
v 0.691304 0.950295 -1.689201
v 0.701191 0.974052 -1.672728
v 0.724695 0.955007 -1.671768
v 0.728077 0.930297 -1.679431
v 0.699020 0.938561 -1.693542
v 0.671089 0.948071 -1.694139
v 0.692593 0.938566 -1.699108
v 0.438003 1.029823 -1.463582
v 0.413805 1.032496 -1.410650
v 0.444345 1.034452 -1.410689
v 0.436747 1.037460 -1.348002
v 0.450281 1.025766 -1.511879
v 0.407319 1.025009 -1.509981
v 0.408623 1.028895 -1.464098
v 0.416342 1.036131 -1.344630
v 0.419471 1.039074 -1.268808
v 0.431091 1.040672 -1.257654
v 0.443337 1.042323 -1.266932
v 0.404392 1.041124 -1.177757
v 0.422847 1.043222 -1.077697
v 0.780710 0.933484 -1.559958
v 0.770654 0.964426 -1.541964
v 0.774447 0.943376 -1.585095
v 0.763593 0.970644 -1.580274
v 0.771202 0.943608 -1.605129
v 0.765200 0.977949 -1.536565
v 0.771532 0.927863 -1.622854
v 0.761420 0.956892 -1.625266
v 0.766632 0.928067 -1.635847
v 0.761276 0.928409 -1.646417
v 0.753612 0.957971 -1.642111
v 0.755743 0.933642 -1.653436
v 0.782443 0.903844 -1.605248
v 0.776695 0.903731 -1.625611
v 0.769587 0.903599 -1.642845
v 0.758057 0.903381 -1.662441
v 0.734592 0.903761 -1.681715
v 0.741695 0.930083 -1.668105
v 0.706640 0.926949 -1.693372
v 0.692750 0.903273 -1.703560
v 0.572180 0.968547 -1.692264
v 0.617507 0.939674 -1.703848
v 0.472304 0.966607 -1.701065
v 0.469562 0.941819 -1.713121
v 0.463996 0.948951 -1.709645
v 0.471514 1.071858 -0.741497
v 0.474282 1.069883 -0.766877
v 0.462065 1.067143 -0.788040
v 0.449742 1.067479 -0.780461
v 0.110598 0.932711 -1.729550
v 0.114171 0.919121 -1.732568
v 0.046856 0.937883 -1.730053
v 0.167614 0.938694 -1.725505
v 0.206070 0.918755 -1.729357
v 0.202857 0.903687 -1.733343
v 0.077719 0.903719 -1.736286
v 0.093786 0.946601 -1.726202
v 0.813741 0.927399 -0.772831
v 0.810263 0.950271 -0.745973
v 0.818134 0.903589 -0.772639
v 0.818517 0.903900 -0.799583
v 0.810359 0.925035 -0.904476
v 0.657076 1.048788 -0.801429
v 0.694623 1.044516 -0.805872
v 0.607416 1.054734 -0.789569
v 0.579955 1.055679 -0.818868
v 0.508969 1.062579 -0.814510
v 0.797398 1.019188 -0.823937
v 0.800240 0.989820 -0.818308
v 0.802823 0.969659 -0.823291
v 0.420474 0.963234 -1.703328
v 0.420490 0.977374 -1.695696
v 0.298879 0.973686 -1.703645
v 0.798724 0.903894 -1.429842
v 0.804246 0.903885 -1.284109
v 0.794287 0.903906 -1.507497
v 0.787630 0.903865 -1.575907
v 0.740267 0.952061 -1.659366
v 0.165275 0.949018 -1.722205
v 0.117257 0.958889 -1.720597
v 0.117169 0.966459 -1.716871
v 0.420472 0.946279 -1.710493
v 0.112896 0.974066 -1.712346
v 0.758497 0.983510 -1.564420
v 0.763830 0.988038 -1.511990
v 0.769503 0.983817 -1.475082
v 0.758548 0.991840 -1.535991
v 0.766766 0.997075 -1.463271
v 0.732930 1.000725 -1.541823
v 0.715922 1.006231 -1.541830
v 0.722702 1.010147 -1.488596
v 0.701743 1.006382 -1.562154
v 0.707535 1.011627 -1.506338
v 0.686388 1.007808 -1.563915
v 0.684917 1.012107 -1.527033
v 0.696452 0.995389 -1.657057
v 0.677254 1.001278 -1.620811
v 0.654334 1.009758 -1.566831
v 0.694601 1.014665 -1.489859
v 0.659676 1.017038 -1.495705
v 0.576381 1.005897 -1.621512
v 0.539004 1.004867 -1.636822
v 0.464908 1.006804 -1.642855
v 0.466448 1.010170 -1.625907
v 0.492799 1.002494 -1.656614
v 0.573506 0.996785 -1.672246
v 0.578738 0.982336 -1.682854
v 0.470961 0.982311 -1.691099
v 0.477373 0.996579 -1.679354
v 0.706728 0.994506 -1.652796
v 0.681315 0.996239 -1.660606
v 0.641282 0.999397 -1.647448
v 0.649499 0.996676 -1.665259
v 0.793034 0.974563 -1.082434
v 0.794552 0.965330 -1.091168
v 0.807688 0.950418 -0.793149
v 0.366423 0.989225 -1.689410
v 0.419871 0.997499 -1.681108
v 0.636635 0.948243 -1.697804
v 0.631705 0.979476 -1.680106
v 0.810578 0.903892 -1.075524
v 0.802819 0.927743 -1.128231
v 0.796117 0.952544 -1.131706
v 0.794788 0.988259 -0.975903
v 0.789209 0.982911 -1.142622
v 0.788833 0.996307 -1.104961
v 0.781965 0.993351 -1.265854
v 0.784182 1.010541 -1.170090
v 0.780121 1.007550 -1.260179
v 0.788842 1.013614 -1.058179
v 0.778127 0.991660 -1.339489
v 0.775139 0.984901 -1.404736
v 0.776191 1.004477 -1.333881
v 0.772277 1.001325 -1.394803
v 0.734369 1.017744 -1.344282
v 0.730663 1.014896 -1.404916
v 0.727216 1.012138 -1.453205
v 0.738197 1.020756 -1.267832
v 0.478436 1.023522 -1.531825
v 0.623674 1.015541 -1.532822
v 0.470975 1.019179 -1.567968
v 0.628705 1.004385 -1.616022
v 0.472694 1.014077 -1.601862
v 0.568604 1.022524 -1.496926
v 0.476538 1.027468 -1.498901
v 0.454987 1.022207 -1.543856
v 0.078942 0.980841 -1.708285
v 0.092937 0.988940 -1.699742
v 0.161787 0.988985 -1.697336
v 0.255274 0.980633 -1.700836
v 0.234560 0.998009 -1.685651
v 0.716715 1.033180 -1.054257
v 0.733451 1.031070 -1.041408
v 0.727271 1.024779 -1.232843
v 0.711510 1.027136 -1.232381
v 0.744746 1.027793 -1.061289
v 0.741343 1.024132 -1.173880
v 0.691214 1.036956 -1.032851
v 0.687090 1.029516 -1.241551
v 0.697473 1.023673 -1.347160
v 0.722259 1.020848 -1.336172
v 0.716090 1.016874 -1.424006
v 0.700622 1.018905 -1.425213
v 0.674451 1.019686 -1.449068
v 0.678221 1.022668 -1.398526
v 0.092029 1.005957 -1.661650
v 0.076966 1.008962 -1.646145
v 0.084145 1.002673 -1.675727
v 0.443986 1.046256 -1.164325
v 0.431699 1.045012 -1.101156
v 0.422291 1.041480 -1.173784
v 0.545175 1.027912 -1.455544
v 0.546545 1.032174 -1.403574
v 0.601844 1.028421 -1.401476
v 0.625334 1.023032 -1.452487
v 0.548126 1.036416 -1.340874
v 0.604225 1.032153 -1.339092
v 0.643103 1.025460 -1.399838
v 0.646189 1.028793 -1.337898
v 0.549788 1.040611 -1.264938
v 0.606367 1.035927 -1.263253
v 0.648978 1.032223 -1.262399
v 0.630097 1.056830 -0.727488
v 0.390081 1.035663 -1.348116
v 0.393407 1.038690 -1.267820
v 0.431632 1.063582 -0.784296
v 0.423819 1.067181 -0.775011
v 0.442508 1.062085 -0.792437
v 0.409908 1.047656 -0.802504
v 0.411892 1.057071 -0.790923
v 0.386911 1.057114 -0.790169
v 0.400968 1.063186 -0.782288
v 0.392803 1.047691 -0.799757
v 0.489316 1.058318 -0.973868
v 0.487184 1.064385 -0.814809
v 0.476747 1.064201 -0.829378
v 0.469205 1.056211 -1.037864
v 0.467774 1.063846 -0.820433
v 0.473288 1.066251 -0.800201
v 0.489284 1.054408 -1.074127
v 0.476321 1.055837 -1.055336
v 0.491444 1.050258 -1.167411
v 0.473271 1.050919 -1.172683
v 0.547849 1.052433 -0.989686
v 0.547240 1.049051 -1.079436
v 0.489555 1.045613 -1.263407
v 0.470996 1.046619 -1.260339
v 0.208185 1.031960 -1.419466
v 0.124998 1.027958 -1.477437
v 0.095572 1.035283 -1.357615
v 0.424414 1.003153 -1.660895
v 0.085852 1.012250 -1.625345
v 0.413151 1.017394 -1.579387
v 0.404496 0.927444 -1.717912
v 0.068930 1.070967 -0.771579
v 0.180126 1.073473 -0.747893
v 0.418736 1.072324 -0.744118
v 0.141034 1.068078 -0.777938
v 0.078043 1.057971 -0.792683
v 0.460181 0.926997 -1.716943
v 0.469629 0.903536 -1.722996
v 0.424015 0.904374 -1.724588
v 0.655412 1.043995 -0.939010
v 0.654033 1.036493 -1.148862
v 0.609594 1.043372 -1.078622
v 0.611232 1.048302 -0.939516
v 0.586532 1.041646 -1.173950
v 0.476673 1.037180 -1.400203
v 0.472615 1.041706 -1.340460
v 0.489982 1.040824 -1.340753
v 0.476663 1.032244 -1.454089
v 0.580110 1.000720 -1.650789
v 0.519567 0.999289 -1.665934
v 0.453389 1.062065 -0.802568
v 0.460717 1.050931 -1.142133
v 0.462781 1.058019 -0.956012
v 0.455627 1.044613 -1.265233
v 0.413492 1.021240 -1.547120
v 0.458593 1.031445 -1.459935
v 0.461028 1.036239 -1.407017
v 0.458962 1.040788 -1.341945
v -0.038659 1.073950 -0.749469
v -0.000000 1.015695 -1.601411
v 0.017919 1.019760 -1.565883
v 0.023893 1.023712 -1.527035
v -0.261951 0.988811 -1.693666
v -0.046907 0.955446 -1.724409
v -0.063839 0.967225 -1.718374
v 0.000000 0.956223 -1.724620
v 0.020189 0.967828 -1.718908
v -0.296352 0.918959 -1.725489
v 0.065581 1.073888 -0.749246
v 0.261918 0.988811 -1.693667
v 0.046910 0.955446 -1.724409
v 0.296405 0.918949 -1.725489
v -0.444730 1.465233 1.472218
v -0.450245 1.469145 1.471581
v -0.446506 1.452085 1.459236
v -0.451583 1.456060 1.455160
v -0.452770 1.474508 1.466343
v -0.453380 1.471254 1.439822
v -0.453189 1.490256 1.458001
v -0.439566 1.490860 1.458777
v -0.415242 1.490865 1.459125
v -0.414991 1.508801 1.441024
v -0.439314 1.508801 1.440687
v -0.403328 1.471240 1.470327
v -0.401379 1.490213 1.458714
v -0.405619 1.468590 1.472569
v -0.410531 1.465157 1.472661
v -0.408138 1.452210 1.459643
v -0.403162 1.456003 1.455889
v -0.414979 1.471397 1.440211
v -0.414708 1.490793 1.420666
v -0.439032 1.490793 1.420329
v -0.439303 1.471397 1.439873
v -0.400955 1.471359 1.440444
v 0.453008 1.471516 1.439790
v 0.439032 1.490793 1.420329
v 0.401016 1.471384 1.440418
v 0.446705 1.466098 1.472704
v 0.446845 1.452253 1.459062
v 0.452414 1.457406 1.453791
v 0.451797 1.471261 1.469579
v 0.453386 1.490227 1.458011
v 0.439569 1.490934 1.458909
v 0.404874 1.469157 1.472219
v 0.401693 1.490415 1.458868
v 0.402028 1.475866 1.466619
v 0.415242 1.490862 1.459118
v 0.439314 1.508801 1.440687
v 0.414991 1.508801 1.441024
v 0.408026 1.452260 1.459594
v 0.410945 1.465027 1.472655
v 0.403003 1.456321 1.455572
v 0.414708 1.490793 1.420667
v 0.414979 1.471397 1.440211
v 0.439303 1.471397 1.439873
v -0.692738 0.903273 -1.703553
v -0.469629 0.903536 -1.722996
v 0.692750 0.903273 -1.703560
v 0.469629 0.903536 -1.722996
v -0.664962 0.547849 -1.698503
v -0.686525 0.550765 -1.694043
v -0.685393 0.568270 -1.699688
v -0.668984 0.561843 -1.702100
v -0.697192 0.567921 -1.695422
v -0.660890 0.572540 -1.705604
v -0.701687 0.583634 -1.696303
v -0.648013 0.530524 -1.693663
v -0.630306 0.545462 -1.703853
v -0.678403 0.532906 -1.687778
v -0.702078 0.533772 -1.678771
v -0.710140 0.552496 -1.684604
v -0.714449 0.569586 -1.688015
v -0.693656 0.601249 -1.700889
v -0.675295 0.599400 -1.705599
v -0.633063 0.557960 -1.707481
v -0.709066 0.631998 -1.697625
v -0.692789 0.657128 -1.705875
v -0.689220 0.637715 -1.706353
v 0.045521 0.539642 -1.729199
v -0.156658 0.539457 -1.728472
v -0.156008 0.548451 -1.732202
v 0.045212 0.548447 -1.732833
v -0.157812 0.555546 -1.733687
v -0.037582 0.555348 -1.734185
v 0.045765 0.527287 -1.722077
v -0.156937 0.526878 -1.721208
v -0.277704 0.527112 -1.719606
v -0.277555 0.539929 -1.726879
v -0.277124 0.549219 -1.730620
v -0.274621 0.556645 -1.732173
v -0.522763 0.561961 -1.720756
v -0.548602 0.553817 -1.716918
v -0.569536 0.563776 -1.716396
v -0.613144 0.566067 -1.711582
v -0.546258 0.542797 -1.713350
v -0.471363 0.560514 -1.724621
v -0.474300 0.552116 -1.722880
v -0.473486 0.541752 -1.719201
v -0.471620 0.528092 -1.712172
v -0.521283 0.528461 -1.708406
v -0.581001 0.529125 -1.702593
v -0.747605 0.580611 -1.670842
v -0.729665 0.582738 -1.682496
v -0.741063 0.566387 -1.672529
v -0.737442 0.550611 -1.669173
v -0.737330 0.623995 -1.681934
v -0.724510 0.625159 -1.689321
v -0.730370 0.532513 -1.663689
v -0.754166 0.549253 -1.656754
v -0.747849 0.532018 -1.652260
v -0.757594 0.564031 -1.659466
v -0.759648 0.578722 -1.660888
v -0.788514 0.578517 -1.624436
v -0.779663 0.576968 -1.637504
v -0.781096 0.562356 -1.633082
v -0.770276 0.577474 -1.649665
v -0.768254 0.563115 -1.648828
v -0.775350 0.548470 -1.635922
v -0.784806 0.548529 -1.624753
v -0.765244 0.548669 -1.646661
v -0.759741 0.531711 -1.643078
v -0.770886 0.531606 -1.633432
v -0.781533 0.531637 -1.623477
v -0.793939 0.548717 -1.613369
v -0.791931 0.531735 -1.613368
v -0.795206 0.567294 -1.613317
v -0.788287 0.642826 -1.626589
v -0.780622 0.625433 -1.639064
v -0.771884 0.623179 -1.651478
v -0.761796 0.624684 -1.663031
v -0.795383 0.660772 -1.613359
v -0.750271 0.627657 -1.673158
v -0.709685 0.742670 -1.700129
v -0.695836 0.706443 -1.705196
v -0.729081 0.746087 -1.691017
v -0.697756 0.770540 -1.704634
v -0.696708 0.792041 -1.704658
v -0.714471 0.806093 -1.698223
v -0.699611 0.825001 -1.701386
v -0.685436 0.820225 -1.703630
v -0.679400 0.807767 -1.705472
v -0.656850 0.810310 -1.706969
v -0.691596 0.802403 -1.704726
v -0.622202 0.811719 -1.709317
v -0.651198 0.828732 -1.706896
v -0.506119 0.843916 -1.717221
v -0.560344 0.812710 -1.713469
v -0.687966 0.854721 -1.704439
v -0.637032 0.853680 -1.708247
v -0.470131 0.853679 -1.719899
v -0.426299 0.813059 -1.721871
v -0.397794 0.848644 -1.723750
v -0.333435 0.858189 -1.727304
v -0.294193 0.813115 -1.728945
v -0.266405 0.862387 -1.730469
v -0.211970 0.903561 -1.732884
v -0.169919 0.813118 -1.733782
v -0.113811 0.903665 -1.735636
v -0.097723 0.813117 -1.735254
v -0.045303 0.903745 -1.736578
v -0.030695 0.813117 -1.735839
v 0.022934 0.903764 -1.736762
v -0.774591 0.813847 -1.655475
v -0.781978 0.814599 -1.643063
v -0.778865 0.856614 -1.640998
v -0.770740 0.859258 -1.653149
v -0.787955 0.815274 -1.630632
v -0.786084 0.852753 -1.627998
v -0.795457 0.804587 -1.613405
v -0.792986 0.854207 -1.612934
v -0.762890 0.848709 -1.665015
v -0.319857 0.903518 -1.729051
v -0.393113 0.884427 -1.725360
v -0.742761 0.775897 -1.683999
v -0.754162 0.776212 -1.676191
v -0.764197 0.727489 -1.665372
v -0.765535 0.808005 -1.666702
v -0.788756 0.724305 -1.627363
v -0.781633 0.724177 -1.640999
v -0.773587 0.724829 -1.653814
v -0.720392 0.877815 -1.690205
v -0.738445 0.853546 -1.682846
v -0.727380 0.903082 -1.682118
v -0.750787 0.853110 -1.674615
v -0.741104 0.903179 -1.671699
v -0.753164 0.903227 -1.660500
v -0.732795 0.812717 -1.689684
v -0.742387 0.815044 -1.684252
v -0.754293 0.816703 -1.676268
v -0.711726 0.837175 -1.697563
v -0.785233 0.902868 -1.611509
v -0.768313 0.903139 -1.641466
v -0.702332 0.871973 -1.699881
v -0.692617 0.866107 -1.703977
v -0.694115 0.847323 -1.702794
v -0.608099 0.596684 -1.714849
v -0.569446 0.591622 -1.718381
v -0.524154 0.587367 -1.721947
v -0.473598 0.583726 -1.725246
v -0.638483 0.602723 -1.711853
v -0.675238 0.618859 -1.708137
v -0.659503 0.609729 -1.709861
v -0.418499 0.580531 -1.727986
v -0.360593 0.577827 -1.730111
v -0.359280 0.558026 -1.729938
v -0.416515 0.559244 -1.727670
v -0.301094 0.575649 -1.731690
v -0.240870 0.574013 -1.732812
v -0.360859 0.540584 -1.724660
v -0.394757 0.550641 -1.727199
v -0.418530 0.541129 -1.722331
v -0.360487 0.527482 -1.717432
v -0.417656 0.527766 -1.715169
v -0.156403 0.572559 -1.733795
v -0.038383 0.571882 -1.734253
v -0.216120 0.510140 -1.709018
v -0.099052 0.510064 -1.709942
v -0.154889 0.484849 -1.690667
v -0.037988 0.485663 -1.691756
v 0.038338 0.510321 -1.710278
v 0.037798 0.443955 -1.658926
v -0.099792 0.443959 -1.658772
v -0.214579 0.443958 -1.657847
v -0.271816 0.468184 -1.676097
v -0.275028 0.490062 -1.693044
v -0.664978 0.512837 -1.678438
v -0.639084 0.490645 -1.668157
v -0.659852 0.491352 -1.663275
v -0.633778 0.511300 -1.684166
v -0.614233 0.489753 -1.672177
v -0.626090 0.468242 -1.653417
v -0.590896 0.466373 -1.658335
v -0.689652 0.513199 -1.669842
v -0.569140 0.443966 -1.644486
v -0.603979 0.443966 -1.638548
v -0.654364 0.467383 -1.645038
v -0.634871 0.443958 -1.631233
v -0.591866 0.511239 -1.690080
v -0.556865 0.510988 -1.693934
v -0.539832 0.484051 -1.676835
v -0.570179 0.484926 -1.674451
v -0.515587 0.510796 -1.697685
v -0.508036 0.490165 -1.683771
v -0.499248 0.467556 -1.667729
v -0.468483 0.510640 -1.701045
v -0.464308 0.490119 -1.686565
v -0.459441 0.467550 -1.669849
v -0.442223 0.443974 -1.652455
v -0.489841 0.443957 -1.650622
v -0.531574 0.443981 -1.648328
v -0.416155 0.510503 -1.703783
v -0.337273 0.510248 -1.706595
v -0.355262 0.485207 -1.687357
v -0.411181 0.484665 -1.685022
v -0.330185 0.443955 -1.655688
v -0.724300 0.512520 -1.653169
v -0.710424 0.512768 -1.660221
v -0.688817 0.490348 -1.651998
v -0.710274 0.490676 -1.643499
v -0.678060 0.467629 -1.637583
v -0.694098 0.467619 -1.632484
v -0.737997 0.512297 -1.645627
v -0.669137 0.443962 -1.622404
v -0.710575 0.467611 -1.627710
v -0.694935 0.443958 -1.617588
v -0.725251 0.490609 -1.637250
v -0.776332 0.512265 -1.621600
v -0.763927 0.512164 -1.629763
v -0.754789 0.490888 -1.625135
v -0.769122 0.491593 -1.619238
v -0.751193 0.512172 -1.637794
v -0.740138 0.490612 -1.631124
v -0.744039 0.468636 -1.619869
v -0.760020 0.470911 -1.616562
v -0.727392 0.467735 -1.623530
v -0.788569 0.512425 -1.613371
v -0.713796 0.444205 -1.615474
v -0.732456 0.445938 -1.614285
v -0.749701 0.450641 -1.613734
v -0.775397 0.474290 -1.613438
v -0.764477 0.459552 -1.613530
v -0.783270 0.492554 -1.613389
v 0.664962 0.547849 -1.698503
v 0.668984 0.561843 -1.702100
v 0.685393 0.568270 -1.699687
v 0.686524 0.550766 -1.694043
v 0.660895 0.572542 -1.705604
v 0.697192 0.567921 -1.695422
v 0.701686 0.583635 -1.696303
v 0.648012 0.530524 -1.693663
v 0.630310 0.545462 -1.703853
v 0.633063 0.557960 -1.707481
v 0.675291 0.599402 -1.705600
v 0.693657 0.601257 -1.700889
v 0.714448 0.569587 -1.688016
v 0.710140 0.552496 -1.684604
v 0.678402 0.532906 -1.687778
v 0.702080 0.533772 -1.678770
v 0.709064 0.632002 -1.697626
v 0.689220 0.637716 -1.706353
v 0.692788 0.657125 -1.705875
v 0.215646 0.548752 -1.731601
v 0.216225 0.539646 -1.727867
v 0.094435 0.555334 -1.734046
v 0.215389 0.555936 -1.733096
v 0.216456 0.526976 -1.720601
v 0.522768 0.561962 -1.720756
v 0.569529 0.563776 -1.716397
v 0.548580 0.553816 -1.716920
v 0.613143 0.566066 -1.711582
v 0.546262 0.542798 -1.713350
v 0.581006 0.529125 -1.702592
v 0.521283 0.528461 -1.708407
v 0.473486 0.541752 -1.719201
v 0.471620 0.528092 -1.712172
v 0.474300 0.552116 -1.722880
v 0.471367 0.560513 -1.724620
v 0.747605 0.580615 -1.670843
v 0.741060 0.566389 -1.672531
v 0.729663 0.582739 -1.682497
v 0.737444 0.550610 -1.669172
v 0.759648 0.578722 -1.660888
v 0.757594 0.564031 -1.659466
v 0.754166 0.549253 -1.656755
v 0.747849 0.532018 -1.652260
v 0.730372 0.532512 -1.663688
v 0.724509 0.625160 -1.689322
v 0.737330 0.623995 -1.681934
v 0.788514 0.578515 -1.624435
v 0.781095 0.562357 -1.633083
v 0.779663 0.576967 -1.637504
v 0.784806 0.548529 -1.624753
v 0.775349 0.548470 -1.635922
v 0.768254 0.563115 -1.648828
v 0.770276 0.577477 -1.649665
v 0.765244 0.548669 -1.646661
v 0.795206 0.567291 -1.613317
v 0.793939 0.548717 -1.613368
v 0.791931 0.531736 -1.613368
v 0.781533 0.531637 -1.623477
v 0.770886 0.531606 -1.633432
v 0.759741 0.531711 -1.643078
v 0.788287 0.642805 -1.626589
v 0.780621 0.625433 -1.639065
v 0.771884 0.623179 -1.651478
v 0.795383 0.660766 -1.613359
v 0.761796 0.624690 -1.663031
v 0.750271 0.627658 -1.673159
v 0.695836 0.706443 -1.705196
v 0.709693 0.742732 -1.700127
v 0.697756 0.770543 -1.704635
v 0.729081 0.746076 -1.691017
v 0.696723 0.791985 -1.704690
v 0.701417 0.817827 -1.701357
v 0.714470 0.806094 -1.698223
v 0.691596 0.802403 -1.704726
v 0.679795 0.807693 -1.705313
v 0.622202 0.811719 -1.709317
v 0.560341 0.812710 -1.713469
v 0.602131 0.835957 -1.710582
v 0.656850 0.810310 -1.706969
v 0.660584 0.837038 -1.706005
v 0.426292 0.813059 -1.721871
v 0.423363 0.846270 -1.722293
v 0.470131 0.853679 -1.719899
v 0.692620 0.853682 -1.704300
v 0.294167 0.813115 -1.728946
v 0.333472 0.858189 -1.727302
v 0.266413 0.862387 -1.730468
v 0.169916 0.813118 -1.733782
v 0.211983 0.903561 -1.732884
v 0.079827 0.813117 -1.735520
v 0.113803 0.903665 -1.735636
v 0.774591 0.813844 -1.655475
v 0.770740 0.859258 -1.653149
v 0.778865 0.856615 -1.640998
v 0.781978 0.814603 -1.643064
v 0.786084 0.852754 -1.627996
v 0.787955 0.815274 -1.630631
v 0.762890 0.848710 -1.665015
v 0.792986 0.854205 -1.612934
v 0.795457 0.804589 -1.613405
v 0.319914 0.903519 -1.729048
v 0.393166 0.884438 -1.725358
v 0.742761 0.775881 -1.683999
v 0.754162 0.776208 -1.676191
v 0.765536 0.808002 -1.666702
v 0.764197 0.727476 -1.665371
v 0.788756 0.724297 -1.627365
v 0.781633 0.724174 -1.640999
v 0.773587 0.724828 -1.653814
v 0.720392 0.877825 -1.690203
v 0.727379 0.903082 -1.682118
v 0.738443 0.853560 -1.682846
v 0.741105 0.903179 -1.671698
v 0.750787 0.853108 -1.674615
v 0.753164 0.903227 -1.660499
v 0.732798 0.812718 -1.689683
v 0.742388 0.815048 -1.684252
v 0.754293 0.816706 -1.676268
v 0.711729 0.837168 -1.697562
v 0.785233 0.902868 -1.611509
v 0.768312 0.903139 -1.641467
v 0.692715 0.881397 -1.703890
v 0.695181 0.851815 -1.702475
v 0.608100 0.596684 -1.714850
v 0.569445 0.591622 -1.718382
v 0.524155 0.587367 -1.721947
v 0.638483 0.602723 -1.711853
v 0.473598 0.583726 -1.725245
v 0.659503 0.609729 -1.709861
v 0.675238 0.618859 -1.708137
v 0.418498 0.580531 -1.727986
v 0.416518 0.559242 -1.727670
v 0.335443 0.557496 -1.730742
v 0.360593 0.577827 -1.730111
v 0.301094 0.575649 -1.731690
v 0.240901 0.574014 -1.732809
v 0.337050 0.540321 -1.725456
v 0.336606 0.549857 -1.729208
v 0.418886 0.551115 -1.726039
v 0.418530 0.541129 -1.722331
v 0.337418 0.527304 -1.718175
v 0.417656 0.527766 -1.715169
v 0.180670 0.572916 -1.733551
v 0.098919 0.572088 -1.734113
v 0.686988 0.839860 -1.703403
v 0.156928 0.510090 -1.709615
v 0.215247 0.489932 -1.693910
v 0.088651 0.486381 -1.692196
v 0.156013 0.467310 -1.676916
v 0.276976 0.510201 -1.708040
v 0.271841 0.468174 -1.676089
v 0.239411 0.443958 -1.657454
v 0.157294 0.443959 -1.658439
v 0.664979 0.512837 -1.678438
v 0.659854 0.491352 -1.663275
v 0.639084 0.490645 -1.668157
v 0.626090 0.468244 -1.653419
v 0.614231 0.489754 -1.672178
v 0.633776 0.511301 -1.684166
v 0.590891 0.466375 -1.658337
v 0.689651 0.513199 -1.669842
v 0.654363 0.467385 -1.645039
v 0.634871 0.443958 -1.631233
v 0.603979 0.443967 -1.638548
v 0.569138 0.443966 -1.644487
v 0.591866 0.511239 -1.690080
v 0.570181 0.484930 -1.674453
v 0.539831 0.484054 -1.676837
v 0.556865 0.510988 -1.693933
v 0.508036 0.490165 -1.683771
v 0.515587 0.510796 -1.697685
v 0.499248 0.467556 -1.667729
v 0.531572 0.443981 -1.648328
v 0.489841 0.443958 -1.650622
v 0.442214 0.443974 -1.652455
v 0.459441 0.467550 -1.669849
v 0.464308 0.490119 -1.686565
v 0.468483 0.510640 -1.701045
v 0.416155 0.510503 -1.703783
v 0.411180 0.484657 -1.685015
v 0.355268 0.485205 -1.687355
v 0.359827 0.510383 -1.705915
v 0.300409 0.490013 -1.692418
v 0.330185 0.443955 -1.655688
v 0.724300 0.512521 -1.653169
v 0.710274 0.490676 -1.643499
v 0.688817 0.490348 -1.651998
v 0.710424 0.512768 -1.660221
v 0.694098 0.467620 -1.632484
v 0.678060 0.467629 -1.637583
v 0.737997 0.512297 -1.645627
v 0.725250 0.490610 -1.637250
v 0.710575 0.467611 -1.627710
v 0.694935 0.443958 -1.617588
v 0.669136 0.443962 -1.622404
v 0.776332 0.512265 -1.621600
v 0.769122 0.491593 -1.619238
v 0.754789 0.490888 -1.625135
v 0.763927 0.512164 -1.629763
v 0.760020 0.470911 -1.616562
v 0.744039 0.468636 -1.619869
v 0.740138 0.490612 -1.631124
v 0.751193 0.512172 -1.637794
v 0.727392 0.467736 -1.623530
v 0.788569 0.512425 -1.613371
v 0.783270 0.492554 -1.613389
v 0.775397 0.474290 -1.613438
v 0.764477 0.459552 -1.613530
v 0.749701 0.450641 -1.613734
v 0.732456 0.445938 -1.614285
v 0.713796 0.444205 -1.615474
v -0.121626 0.791447 1.806897
v -0.288862 0.791352 1.802657
v -0.199344 0.786018 1.794918
v -0.208903 0.782279 1.788643
v -0.292346 0.776914 1.781838
v -0.182296 0.777054 1.782868
v 0.015882 0.782116 1.788178
v 0.011278 0.776959 1.782148
v 0.103807 0.785905 1.795085
v -0.037039 0.797685 1.813009
v -0.167016 0.797869 1.811588
v -0.204721 0.794229 1.808771
v -0.037055 0.794197 1.810842
v -0.038814 0.802917 1.813529
v -0.217943 0.802916 1.811147
v -0.296682 0.797887 1.807613
v -0.421810 0.791394 1.796123
v -0.364102 0.785982 1.790048
v -0.488498 0.785977 1.783318
v -0.487322 0.782174 1.778809
v -0.363011 0.782163 1.784759
v -0.490480 0.792875 1.793165
v -0.536046 0.777009 1.772137
v -0.422209 0.776897 1.777816
v -0.430944 0.797924 1.800381
v -0.365615 0.794247 1.802323
v -0.371422 0.802931 1.804802
v -0.492981 0.802947 1.796589
v -0.537215 0.797955 1.791597
v -0.587774 0.797900 1.784767
v -0.598281 0.792172 1.780356
v -0.549085 0.792519 1.787300
v -0.613923 0.796125 1.779257
v -0.575846 0.802957 1.787589
v -0.624907 0.802965 1.777693
v -0.633611 0.793992 1.773341
v -0.576085 0.785920 1.776051
v -0.627470 0.783451 1.765958
v -0.576476 0.782160 1.772339
v -0.635227 0.774799 1.760175
v -0.602311 0.776956 1.766617
v -0.664905 0.782073 1.752108
v -0.676966 0.794070 1.751578
v -0.683626 0.783428 1.742051
v -0.651757 0.784256 1.759164
v -0.650995 0.774271 1.755683
v -0.650783 0.794272 1.766835
v -0.663986 0.794227 1.760028
v -0.655438 0.802954 1.766192
v -0.681180 0.802950 1.749813
v -0.725321 0.786633 1.713291
v -0.695645 0.773637 1.731971
v -0.725255 0.676894 1.703966
v -0.711883 0.699762 1.715645
v -0.692621 0.745605 1.731906
v -0.725250 0.802952 1.714690
v -0.116429 0.498970 1.705238
v 0.060282 0.513908 1.721684
v -0.177487 0.513774 1.721159
v -0.171738 0.486174 1.687513
v -0.280569 0.498946 1.704393
v 0.289313 0.474603 1.669472
v 0.201001 0.486365 1.687778
v -0.292295 0.474609 1.669469
v 0.096188 0.499048 1.705390
v 0.096764 0.531776 1.735601
v -0.113071 0.531715 1.735503
v -0.234646 0.531674 1.734739
v -0.301205 0.513801 1.720002
v -0.349730 0.486039 1.686568
v -0.431228 0.498944 1.702491
v -0.399166 0.513791 1.718323
v -0.486273 0.486208 1.685754
v -0.488315 0.513736 1.716390
v -0.380880 0.531879 1.732535
v -0.541834 0.531547 1.727978
v -0.536125 0.498910 1.700729
v -0.459173 0.474593 1.669478
v -0.572963 0.486183 1.684930
v -0.604940 0.498854 1.699266
v -0.577307 0.513633 1.713991
v -0.656546 0.485116 1.682510
v -0.628513 0.513568 1.711965
v -0.608623 0.474609 1.669466
v -0.606541 0.531444 1.725293
v -0.646042 0.531304 1.722235
v -0.646833 0.498727 1.697786
v -0.674975 0.513791 1.707038
v -0.671492 0.498698 1.695840
v -0.660017 0.513458 1.709497
v -0.679939 0.486042 1.682069
v -0.678530 0.531718 1.715609
v -0.688264 0.514276 1.703381
v -0.685082 0.498988 1.693529
v -0.700875 0.474933 1.669558
v -0.670947 0.474633 1.669446
v -0.663862 0.531718 1.719643
v -0.687061 0.642814 1.729776
v -0.703837 0.592916 1.713581
v -0.688295 0.608477 1.726184
v -0.651195 0.756207 1.753931
v -0.664540 0.763392 1.748996
v -0.634858 0.756301 1.758344
v -0.675926 0.763174 1.743129
v -0.604207 0.770147 1.764623
v -0.614368 0.756237 1.761840
v -0.588103 0.755940 1.764585
v -0.554622 0.755399 1.766795
v -0.538965 0.770119 1.769623
v -0.511622 0.745410 1.768425
v -0.486551 0.760434 1.770471
v -0.426529 0.769837 1.774541
v -0.364268 0.760238 1.774124
v -0.459959 0.744320 1.770071
v -0.365783 0.747647 1.772590
v -0.298395 0.769855 1.777937
v -0.391410 0.727189 1.771096
v -0.329898 0.730385 1.772084
v -0.265937 0.730813 1.772604
v -0.233882 0.747433 1.773918
v -0.233083 0.760310 1.775813
v -0.189998 0.769999 1.778652
v 0.000021 0.760506 1.774757
v -0.013817 0.769928 1.777725
v 0.000048 0.748124 1.772983
v -0.195628 0.730338 1.772661
v 0.000002 0.732583 1.772031
v -0.634499 0.632729 1.751800
v -0.634511 0.660217 1.754725
v -0.650384 0.675065 1.751526
v -0.650762 0.632729 1.747510
v -0.634466 0.692248 1.756797
v -0.663574 0.674646 1.746065
v -0.674540 0.674392 1.740050
v -0.675490 0.612009 1.734423
v -0.663973 0.632729 1.742399
v -0.540581 0.660053 1.764080
v -0.555059 0.692185 1.765420
v -0.588077 0.692354 1.763257
v -0.587909 0.660217 1.761142
v -0.614072 0.692357 1.760448
v -0.614067 0.660217 1.758336
v -0.513954 0.691758 1.767126
v -0.614062 0.632729 1.755220
v -0.587908 0.632729 1.757911
v -0.542433 0.633072 1.760760
v -0.301791 0.660223 1.769285
v -0.302232 0.686630 1.770898
v -0.399167 0.686459 1.769638
v -0.433941 0.660274 1.767318
v -0.463694 0.690954 1.768553
v -0.437227 0.632946 1.764083
v -0.305035 0.632733 1.766289
v -0.179875 0.660907 1.769793
v -0.000025 0.686229 1.770775
v -0.187857 0.686926 1.771244
v -0.012757 0.632505 1.766795
v 0.015962 0.659854 1.769425
v -0.181954 0.632844 1.766989
v -0.687780 0.578506 1.722903
v -0.708707 0.553644 1.704543
v -0.687749 0.554002 1.718418
v -0.725270 0.570177 1.694417
v -0.725196 0.525711 1.687320
v -0.699278 0.531903 1.705663
v -0.650706 0.553452 1.730942
v -0.650723 0.578260 1.738124
v -0.663913 0.578260 1.734331
v -0.663887 0.553452 1.727981
v -0.650742 0.605049 1.743573
v -0.663942 0.605049 1.739026
v -0.675073 0.578260 1.729751
v -0.675039 0.553452 1.724240
v -0.634469 0.553452 1.733326
v -0.634478 0.578260 1.741237
v -0.634488 0.605049 1.747357
v -0.718478 0.482192 1.672647
v -0.702800 0.495881 1.686216
v -0.712698 0.509205 1.689561
v -0.712318 0.477822 1.670945
v -0.724846 0.503903 1.681613
v -0.722411 0.489503 1.676116
v -0.614057 0.605049 1.750404
v -0.614053 0.578260 1.743784
v -0.577995 0.577870 1.746482
v -0.587906 0.605049 1.752856
v -0.614049 0.553452 1.735319
v -0.578526 0.553133 1.737476
v -0.554391 0.605049 1.754885
v -0.490818 0.553575 1.741001
v -0.489910 0.578613 1.750344
v -0.490044 0.605637 1.757584
v -0.358820 0.553445 1.744344
v -0.362003 0.578235 1.753499
v -0.399166 0.605049 1.759775
v -0.303985 0.604672 1.761365
v -0.238542 0.553347 1.746209
v -0.241488 0.578125 1.755259
v -0.103366 0.553508 1.747019
v -0.117380 0.578302 1.755877
v -0.165580 0.605112 1.762444
v 0.113233 0.578293 1.755881
v 0.220058 0.782222 1.788399
v 0.103460 0.791484 1.806967
v 0.239029 0.785997 1.794030
v 0.225658 0.791345 1.804735
v 0.182443 0.777018 1.782861
v 0.292348 0.776914 1.781838
v 0.101290 0.797877 1.812745
v 0.103046 0.794251 1.810517
v 0.234044 0.794249 1.807973
v 0.195519 0.797879 1.811112
v 0.114651 0.802932 1.813208
v 0.296477 0.797926 1.807903
v 0.241997 0.802946 1.810781
v 0.316048 0.792509 1.803341
v 0.364048 0.785982 1.790058
v 0.421561 0.791409 1.796200
v 0.488505 0.785978 1.783321
v 0.363039 0.782163 1.784759
v 0.487333 0.782174 1.778809
v 0.422207 0.776897 1.777816
v 0.536059 0.777009 1.772137
v 0.533056 0.791316 1.787637
v 0.430962 0.794263 1.798550
v 0.431020 0.797927 1.800539
v 0.333918 0.802950 1.807055
v 0.537373 0.794254 1.789873
v 0.537445 0.797912 1.791602
v 0.433618 0.802953 1.801321
v 0.539060 0.802957 1.792282
v 0.598302 0.792164 1.780347
v 0.588250 0.802890 1.785841
v 0.613933 0.796123 1.779254
v 0.633611 0.793992 1.773341
v 0.624948 0.802965 1.777681
v 0.576089 0.785920 1.776051
v 0.627471 0.783451 1.765957
v 0.576480 0.782161 1.772339
v 0.602314 0.776956 1.766617
v 0.635227 0.774798 1.760175
v 0.664905 0.782072 1.752108
v 0.683626 0.783429 1.742051
v 0.676965 0.794070 1.751579
v 0.650995 0.774270 1.755683
v 0.651758 0.784256 1.759164
v 0.663986 0.794227 1.760028
v 0.650782 0.794272 1.766836
v 0.681180 0.802950 1.749813
v 0.655439 0.802954 1.766192
v 0.725321 0.786633 1.713291
v 0.695651 0.773636 1.731967
v 0.692624 0.745589 1.731903
v 0.711883 0.699770 1.715645
v 0.725255 0.676892 1.703966
v 0.725250 0.802952 1.714690
v 0.280526 0.498947 1.704394
v 0.241004 0.513771 1.720684
v 0.234651 0.531674 1.734739
v 0.371549 0.486187 1.686614
v 0.431232 0.498945 1.702491
v 0.486255 0.486208 1.685755
v 0.366962 0.513790 1.718945
v 0.488296 0.513736 1.716391
v 0.459169 0.474593 1.669478
v 0.536134 0.498910 1.700729
v 0.541835 0.531547 1.727978
v 0.380938 0.531879 1.732533
v 0.572955 0.486183 1.684931
v 0.604936 0.498854 1.699266
v 0.656547 0.485117 1.682510
v 0.577307 0.513633 1.713991
v 0.628512 0.513568 1.711965
v 0.608621 0.474609 1.669466
v 0.646833 0.498727 1.697786
v 0.646044 0.531304 1.722235
v 0.606540 0.531444 1.725293
v 0.674975 0.513791 1.707038
v 0.660016 0.513458 1.709497
v 0.671492 0.498698 1.695840
v 0.679939 0.486041 1.682068
v 0.678531 0.531718 1.715609
v 0.688265 0.514276 1.703380
v 0.663862 0.531718 1.719643
v 0.670947 0.474633 1.669446
v 0.700875 0.474934 1.669558
v 0.685082 0.498988 1.693529
v 0.687061 0.642805 1.729775
v 0.688293 0.608476 1.726186
v 0.703830 0.592919 1.713586
v 0.651195 0.756208 1.753931
v 0.664540 0.763392 1.748996
v 0.675926 0.763175 1.743129
v 0.634859 0.756300 1.758344
v 0.604204 0.770147 1.764624
v 0.588102 0.755941 1.764585
v 0.614367 0.756234 1.761840
v 0.538953 0.770118 1.769623
v 0.554622 0.755401 1.766795
v 0.486559 0.760435 1.770471
v 0.511619 0.745415 1.768425
v 0.426537 0.769838 1.774541
v 0.364277 0.760240 1.774124
v 0.298401 0.769855 1.777937
v 0.365787 0.747645 1.772590
v 0.459957 0.744317 1.770071
v 0.233064 0.760311 1.775813
v 0.233851 0.747433 1.773918
v 0.265936 0.730811 1.772604
v 0.329899 0.730387 1.772084
v 0.391412 0.727190 1.771096
v 0.188279 0.769889 1.778562
v 0.195645 0.730339 1.772661
v 0.634499 0.632729 1.751800
v 0.650762 0.632729 1.747510
v 0.650384 0.675070 1.751527
v 0.634511 0.660217 1.754725
v 0.663973 0.632729 1.742399
v 0.663574 0.674656 1.746066
v 0.675489 0.612010 1.734423
v 0.674540 0.674404 1.740051
v 0.634467 0.692245 1.756797
v 0.540576 0.660054 1.764081
v 0.587909 0.660217 1.761141
v 0.588076 0.692356 1.763257
v 0.555057 0.692185 1.765420
v 0.614067 0.660217 1.758336
v 0.614072 0.692358 1.760448
v 0.542435 0.633072 1.760760
v 0.587908 0.632729 1.757911
v 0.614062 0.632729 1.755220
v 0.513970 0.691742 1.767125
v 0.301771 0.660223 1.769286
v 0.433910 0.660274 1.767318
v 0.399166 0.686459 1.769638
v 0.302212 0.686631 1.770898
v 0.463689 0.690958 1.768553
v 0.305006 0.632733 1.766289
v 0.437246 0.632946 1.764083
v 0.185061 0.660415 1.769758
v 0.187941 0.686926 1.771244
v 0.174674 0.633119 1.767043
v 0.687782 0.578505 1.722902
v 0.687750 0.554001 1.718417
v 0.708710 0.553642 1.704540
v 0.699275 0.531904 1.705666
v 0.725196 0.525712 1.687321
v 0.725270 0.570175 1.694416
v 0.650706 0.553452 1.730942
v 0.663887 0.553452 1.727981
v 0.663913 0.578260 1.734331
v 0.650723 0.578260 1.738124
v 0.675039 0.553452 1.724239
v 0.675073 0.578260 1.729751
v 0.663942 0.605049 1.739026
v 0.650742 0.605049 1.743573
v 0.634469 0.553452 1.733326
v 0.634488 0.605049 1.747356
v 0.634478 0.578260 1.741237
v 0.718478 0.482193 1.672647
v 0.712695 0.509205 1.689562
v 0.702801 0.495881 1.686216
v 0.722411 0.489503 1.676116
v 0.724846 0.503901 1.681612
v 0.712318 0.477822 1.670945
v 0.614057 0.605049 1.750404
v 0.587906 0.605049 1.752857
v 0.577998 0.577870 1.746482
v 0.614053 0.578260 1.743784
v 0.554391 0.605049 1.754885
v 0.578534 0.553133 1.737475
v 0.614049 0.553452 1.735319
v 0.490042 0.605637 1.757584
v 0.489937 0.578613 1.750344
v 0.490788 0.553575 1.741002
v 0.361993 0.578235 1.753499
v 0.358850 0.553446 1.744344
v 0.399166 0.605049 1.759775
v 0.303930 0.604670 1.761365
v 0.241496 0.578125 1.755259
v 0.238536 0.553347 1.746209
v 0.114038 0.553460 1.746963
v 0.166709 0.605266 1.762486
v 0.820410 0.704894 0.513290
v 0.819551 0.786292 0.513277
v 0.822977 0.785862 0.513686
v 0.823885 0.705546 0.513792
v 0.822977 0.785475 0.632646
v 0.820412 0.704973 0.633172
v 0.823932 0.705348 0.632289
v 0.819482 0.786381 0.633104
v -0.828692 0.344426 -0.730659
v -0.774608 0.382624 -0.730659
v -0.811103 0.313641 -0.730659
v -0.810045 0.313641 0.604602
v -0.767727 0.301234 0.604602
v -0.767727 0.382624 0.604602
v -0.823752 0.344426 0.604602
v -0.816926 0.382624 -0.730659
v -0.802280 0.301234 0.604602
v -0.813927 0.382624 0.604602
v -0.797515 0.301234 -0.730659
v -0.774608 0.301234 -0.730659
v -0.336460 0.579190 1.850005
v -0.337098 0.579190 1.862503
v 0.000001 0.579190 1.859873
v -0.000000 0.579190 1.872371
v -0.337092 0.529150 1.862504
v 0.000001 0.529150 1.859874
v -0.000000 0.529151 1.872372
v -0.336459 0.529150 1.850005
v -0.679235 0.529150 1.837627
v -0.678598 0.529150 1.825129
v -0.679235 0.579190 1.837627
v -0.678598 0.579190 1.825129
v 0.337095 0.529150 1.862504
v 0.337097 0.579190 1.862503
v 0.336460 0.529150 1.850005
v 0.678598 0.529150 1.825129
v 0.679235 0.529150 1.837627
v 0.679235 0.579190 1.837627
v 0.678598 0.579190 1.825129
v 0.336459 0.579190 1.850005
v -0.806853 0.422804 -1.642396
v -0.840943 0.457996 -1.643912
v -0.814266 0.440454 -1.681599
v -0.820613 0.457874 -1.716584
v -0.790056 0.422925 -1.719545
v -0.815777 0.561501 -1.586297
v -0.841161 0.531507 -1.642611
v -0.851386 0.531376 -1.588832
v -0.806442 0.561583 -1.642870
v -0.779576 0.458173 -1.831469
v -0.762182 0.422892 -1.789818
v -0.787782 0.440369 -1.776978
v -0.803848 0.457888 -1.779721
v -0.772257 0.422886 -1.773221
v -0.808557 0.545294 -1.709742
v -0.787455 0.546832 -1.776809
v -0.803827 0.531530 -1.779643
v -0.820430 0.531678 -1.717153
v -0.740735 0.422886 -1.735706
v -0.740735 0.561462 -1.735706
v -0.762132 0.561456 -1.789918
v -0.772257 0.561462 -1.773221
v -0.789863 0.561462 -1.719384
v -0.779575 0.531375 -1.831468
v -0.691466 0.445402 -1.797806
v -0.691466 0.422886 -1.797806
v -0.691467 0.457914 -1.839282
v -0.816088 0.422847 -1.586399
v -0.851385 0.458112 -1.588831
v -0.691466 0.545341 -1.797806
v -0.691466 0.525454 -1.822398
v -0.691466 0.531529 -1.839285
v -0.691468 0.561461 -1.797668
v -0.691466 0.422886 -1.736055
v -0.691467 0.457556 -1.822398
v -0.691466 0.561462 -1.736055
v -0.691466 0.545341 -1.736055
v -0.691466 0.445402 -1.736055
v -0.749589 0.594765 1.854259
v -0.766807 0.606804 1.804625
v -0.769203 0.548999 1.800539
v -0.759158 0.500163 1.837882
v -0.682337 0.618777 1.759391
v -0.677675 0.587827 1.824314
v -0.682038 0.587824 1.759520
v -0.677516 0.594820 1.854427
v -0.783958 0.618790 1.755204
v -0.784028 0.552003 1.754988
v -0.723086 0.484936 1.725485
v -0.806165 0.484836 1.584800
v -0.786656 0.484683 1.586589
v -0.753399 0.484827 1.658118
v -0.846916 0.618790 1.524092
v -0.838624 0.552170 1.553194
v -0.814995 0.552098 1.640883
v -0.771614 0.492586 1.796428
v -0.783950 0.485014 1.754952
v -0.677525 0.545524 1.825495
v -0.715576 0.545996 1.845526
v -0.677512 0.499911 1.835674
v -0.794115 0.618790 1.723097
v -0.790667 0.549095 1.730865
v -0.830254 0.484977 1.582479
v -0.791535 0.485017 1.722945
v -0.760233 0.618791 1.628026
v -0.822324 0.618791 1.524085
v -0.725036 0.618791 1.725487
v -0.677784 0.511954 1.816347
v -0.792086 0.542788 1.560928
v -0.798372 0.618791 1.524085
v -0.682191 0.485012 1.759490
v -0.682070 0.511947 1.759520
v -0.406113 0.482337 -1.799363
v -0.406113 0.543909 -1.597210
v -0.406113 0.482337 -1.597210
v -0.406113 0.543909 -1.799363
v -0.467685 0.482337 -1.597210
v -0.467685 0.513123 -1.597210
v -0.467685 0.482337 -1.799363
v -0.467685 0.543909 -1.597210
v -0.467685 0.543909 -1.799363
v -0.467685 0.524733 1.825861
v -0.467685 0.586304 1.825861
v -0.467685 0.524733 1.623709
v -0.467685 0.586304 1.623709
v -0.406113 0.524733 1.623709
v -0.406113 0.586304 1.623709
v -0.406113 0.586304 1.825861
v -0.406113 0.524733 1.825861
v 0.828692 0.344426 -0.730659
v 0.811103 0.313641 -0.730659
v 0.774608 0.301234 -0.730659
v 0.774608 0.382624 -0.730659
v 0.810045 0.313641 0.604602
v 0.823752 0.344426 0.604602
v 0.767727 0.301234 0.604602
v 0.816926 0.382624 -0.730659
v 0.802280 0.301234 0.604602
v 0.813927 0.382624 0.604602
v 0.767727 0.382624 0.604602
v 0.797515 0.301234 -0.730659
v 0.806853 0.422804 -1.642395
v 0.814266 0.440454 -1.681599
v 0.840943 0.457996 -1.643912
v 0.820613 0.457875 -1.716584
v 0.790060 0.422942 -1.719554
v 0.815777 0.561501 -1.586297
v 0.851386 0.531376 -1.588832
v 0.841161 0.531507 -1.642611
v 0.806442 0.561583 -1.642870
v 0.779593 0.458175 -1.831467
v 0.803848 0.457888 -1.779721
v 0.787782 0.440369 -1.776978
v 0.762182 0.422892 -1.789818
v 0.772257 0.422887 -1.773221
v 0.808556 0.545295 -1.709742
v 0.820430 0.531678 -1.717153
v 0.803827 0.531530 -1.779643
v 0.787455 0.546832 -1.776809
v 0.740735 0.561462 -1.735706
v 0.789863 0.561462 -1.719384
v 0.772257 0.561462 -1.773221
v 0.762132 0.561456 -1.789918
v 0.740735 0.422887 -1.735706
v 0.779566 0.531375 -1.831470
v 0.691466 0.445402 -1.797806
v 0.691467 0.457916 -1.839285
v 0.691466 0.422887 -1.797806
v 0.816088 0.422847 -1.586399
v 0.851385 0.458113 -1.588831
v 0.691466 0.545341 -1.797806
v 0.691468 0.561461 -1.797668
v 0.691466 0.531530 -1.839284
v 0.691466 0.525454 -1.822398
v 0.691466 0.422887 -1.736055
v 0.691467 0.457556 -1.822398
v 0.691466 0.561462 -1.736055
v 0.691466 0.545341 -1.736055
v 0.691466 0.445402 -1.736055
v 0.749589 0.594765 1.854259
v 0.759158 0.500163 1.837882
v 0.769203 0.548999 1.800539
v 0.766807 0.606804 1.804625
v 0.682338 0.618767 1.759423
v 0.682038 0.587824 1.759520
v 0.677675 0.587827 1.824314
v 0.677513 0.594820 1.854427
v 0.677496 0.499873 1.835666
v 0.784028 0.552003 1.754988
v 0.783958 0.618790 1.755204
v 0.723086 0.484936 1.725485
v 0.753399 0.484827 1.658118
v 0.786656 0.484683 1.586589
v 0.806165 0.484836 1.584800
v 0.846916 0.618790 1.524092
v 0.814995 0.552098 1.640883
v 0.838624 0.552170 1.553194
v 0.771614 0.492586 1.796428
v 0.783950 0.485014 1.754952
v 0.677525 0.545524 1.825495
v 0.715576 0.545996 1.845526
v 0.794115 0.618790 1.723096
v 0.790667 0.549096 1.730865
v 0.830254 0.484977 1.582479
v 0.791535 0.485017 1.722945
v 0.760233 0.618791 1.628026
v 0.725036 0.618791 1.725487
v 0.822324 0.618791 1.524085
v 0.677876 0.511952 1.816340
v 0.792086 0.542788 1.560928
v 0.798372 0.618791 1.524085
v 0.682200 0.485056 1.759475
v 0.682070 0.511947 1.759520
v 0.406113 0.482337 -1.799363
v 0.406113 0.513123 -1.597210
v 0.406113 0.543909 -1.799363
v 0.406113 0.543909 -1.597210
v 0.406113 0.482337 -1.597210
v 0.467685 0.482337 -1.597210
v 0.467685 0.543909 -1.799363
v 0.467685 0.543909 -1.597210
v 0.467685 0.482337 -1.799363
v 0.467685 0.524733 1.825861
v 0.467685 0.524733 1.623709
v 0.467685 0.586304 1.825861
v 0.467685 0.586304 1.623709
v 0.406113 0.524733 1.623709
v 0.406113 0.524733 1.825861
v 0.406113 0.586304 1.623709
v 0.406113 0.586304 1.825861
v -0.721767 0.595595 -1.724299
v -0.699187 0.605841 -1.730126
v -0.674251 0.588209 -1.733896
v -0.685795 0.574530 -1.731277
v -0.631305 0.588209 -1.741123
v -0.595613 0.574549 -1.744992
v 0.000005 0.574530 -1.770705
v -0.438358 0.574532 -1.767964
v -0.439525 0.587010 -1.767963
v -0.000320 0.587040 -1.770694
v -0.588359 0.588209 -1.748349
v -0.435888 0.574530 -1.685473
v -0.000000 0.574530 -1.688107
v -0.738619 0.713044 -1.717266
v -0.720368 0.710887 -1.722002
v -0.713134 0.632334 -1.726096
v -0.466775 0.816787 -1.766727
v -0.467516 0.830803 -1.764026
v -0.438241 0.830818 -1.767971
v -0.438674 0.818492 -1.767952
v -0.469707 0.741478 -1.766602
v -0.469707 0.776421 -1.766602
v -0.513435 0.631443 -1.717067
v -0.532198 0.612298 -1.716252
v -0.535711 0.618083 -1.712540
v -0.738629 0.629082 -1.717320
v -0.736673 0.629082 -1.672384
v -0.536075 0.618508 -1.715316
v -0.585252 0.604802 -1.710407
v -0.585372 0.605287 -1.713171
v -0.677955 0.652135 -1.707351
v -0.671058 0.654386 -1.706653
v -0.634775 0.618069 -1.708200
v -0.641030 0.613622 -1.709185
v -0.499458 0.753551 -1.714161
v -0.493465 0.756827 -1.717828
v -0.487220 0.730083 -1.718194
v -0.486197 0.703962 -1.714749
v -0.481118 0.703504 -1.718393
v -0.691587 0.706067 -1.707104
v -0.684332 0.703974 -1.706078
v -0.738798 0.799715 -1.721200
v -0.705157 0.795185 -1.729066
v -0.716571 0.752871 -1.725529
v -0.535712 0.789859 -1.712558
v -0.529929 0.795541 -1.716361
v -0.511628 0.776154 -1.717147
v -0.709263 0.830667 -1.730240
v -0.674568 0.818602 -1.736680
v -0.694525 0.810969 -1.732788
v -0.728232 0.820501 -1.725732
v -0.567829 0.830763 -1.748136
v 0.000048 0.818460 -1.786970
v -0.000000 0.830759 -1.786969
v -0.586502 0.818484 -1.748559
v -0.000001 0.801909 -1.742903
v -0.429437 0.801904 -1.723888
v -0.469707 0.636651 -1.766602
v -0.475094 0.608608 -1.766056
v -0.494814 0.588209 -1.765509
v -0.556315 0.831915 -1.708190
v -0.630106 0.831666 -1.677024
v -0.434404 0.834555 -1.685508
v -0.494814 0.818484 -1.765509
v -0.540658 0.818484 -1.757034
v -0.638826 0.796729 -1.709769
v -0.634791 0.789854 -1.708266
v -0.671056 0.753560 -1.706668
v -0.675946 0.762000 -1.707932
v -0.541587 0.588209 -1.756929
v -0.501045 0.574532 -1.759941
v -0.559629 0.606162 -1.714475
v -0.587077 0.600054 -1.712638
v -0.475094 0.802230 -1.766056
v -0.469707 0.706536 -1.766602
v -0.469707 0.671593 -1.766602
v -0.611349 0.802981 -1.711439
v -0.585223 0.803148 -1.710403
v -0.584295 0.809116 -1.713088
v -0.557100 0.802318 -1.714720
v -0.494685 0.650565 -1.717884
v -0.487883 0.677044 -1.718180
v -0.499429 0.654417 -1.714124
v -0.000000 0.834692 -1.688110
v -0.736673 0.799715 -1.672384
v -0.725939 0.820501 -1.673039
v -0.706465 0.830849 -1.673699
v -0.719558 0.595595 -1.673545
v -0.683333 0.574530 -1.674705
v -0.430223 0.603761 -1.723853
v 0.000002 0.603760 -1.726639
v -0.479222 0.674447 -1.741255
v -0.475667 0.704951 -1.741409
v -0.482777 0.643943 -1.741100
v -0.689502 0.644506 -1.715160
v -0.655727 0.807157 -1.722544
v -0.672983 0.791977 -1.720263
v -0.549265 0.810022 -1.734884
v -0.513183 0.806463 -1.739777
v -0.585347 0.813580 -1.729991
v -0.656493 0.601878 -1.720564
v -0.622270 0.597954 -1.725324
v -0.587679 0.594395 -1.729687
v -0.613901 0.606833 -1.710921
v -0.514383 0.600819 -1.739725
v -0.551031 0.597607 -1.734706
v -0.498580 0.622381 -1.740412
v -0.482084 0.766144 -1.741130
v -0.478875 0.735547 -1.741270
v -0.497633 0.786304 -1.740453
v -0.620537 0.810368 -1.726268
v 0.721767 0.595595 -1.724299
v 0.685795 0.574530 -1.731277
v 0.674251 0.588209 -1.733896
v 0.699187 0.605841 -1.730126
v 0.595616 0.574539 -1.744989
v 0.631305 0.588209 -1.741123
v 0.588359 0.588209 -1.748349
v 0.435888 0.574530 -1.685473
v 0.438644 0.574532 -1.767928
v 0.439526 0.587006 -1.767969
v 0.738619 0.713044 -1.717266
v 0.713134 0.632334 -1.726096
v 0.720534 0.712302 -1.721970
v 0.466775 0.816787 -1.766727
v 0.438675 0.818492 -1.767952
v 0.438241 0.830818 -1.767971
v 0.467516 0.830803 -1.764026
v 0.469707 0.741478 -1.766602
v 0.469707 0.706536 -1.766602
v 0.469707 0.776421 -1.766602
v 0.501918 0.653184 -1.714051
v 0.513435 0.631763 -1.716825
v 0.494932 0.650834 -1.717389
v 0.535714 0.618081 -1.712541
v 0.532198 0.612298 -1.716252
v 0.738629 0.629082 -1.717320
v 0.736673 0.629082 -1.672384
v 0.536075 0.618508 -1.715316
v 0.584625 0.607240 -1.713105
v 0.583014 0.606357 -1.710545
v 0.502281 0.653366 -1.716796
v 0.677720 0.652428 -1.707237
v 0.640955 0.613579 -1.709242
v 0.633667 0.619911 -1.708185
v 0.669144 0.655433 -1.706743
v 0.501313 0.752420 -1.714080
v 0.488337 0.703924 -1.714653
v 0.481344 0.703533 -1.717777
v 0.493750 0.756518 -1.717288
v 0.487221 0.730148 -1.718209
v 0.682126 0.703930 -1.706182
v 0.691254 0.707010 -1.706968
v 0.738798 0.799715 -1.721200
v 0.716571 0.752871 -1.725529
v 0.705157 0.795185 -1.729066
v 0.536776 0.787926 -1.712519
v 0.530435 0.795232 -1.715755
v 0.511628 0.776154 -1.717147
v 0.709263 0.830667 -1.730240
v 0.728232 0.820501 -1.725732
v 0.694525 0.810969 -1.732788
v 0.674568 0.818602 -1.736680
v 0.567829 0.830763 -1.748136
v 0.586502 0.818484 -1.748559
v 0.429437 0.801904 -1.723888
v 0.469707 0.636651 -1.766602
v 0.475094 0.608608 -1.766056
v 0.494814 0.588209 -1.765509
v 0.556315 0.831915 -1.708190
v 0.435101 0.834645 -1.685507
v 0.630106 0.831666 -1.677024
v 0.494814 0.818484 -1.765509
v 0.540658 0.818484 -1.757034
v 0.638623 0.796627 -1.709647
v 0.675689 0.762215 -1.707945
v 0.633668 0.787934 -1.708280
v 0.669143 0.752425 -1.706759
v 0.501045 0.574531 -1.759940
v 0.541587 0.588209 -1.756929
v 0.559629 0.606162 -1.714475
v 0.587052 0.600161 -1.712418
v 0.475094 0.802230 -1.766056
v 0.469707 0.671593 -1.766602
v 0.584315 0.808892 -1.712570
v 0.611528 0.802980 -1.711455
v 0.585222 0.800928 -1.710381
v 0.557100 0.802318 -1.714720
v 0.488095 0.677324 -1.717647
v 0.430394 0.833357 -1.713203
v 0.736673 0.799715 -1.672384
v 0.725939 0.820501 -1.673039
v 0.706465 0.830849 -1.673699
v 0.719558 0.595595 -1.673545
v 0.683333 0.574530 -1.674705
v 0.430223 0.603761 -1.723853
v 0.475667 0.704951 -1.741409
v 0.479222 0.674447 -1.741255
v 0.482777 0.643943 -1.741100
v 0.689502 0.644506 -1.715160
v 0.672983 0.791977 -1.720263
v 0.655727 0.807157 -1.722544
v 0.549265 0.810022 -1.734884
v 0.513183 0.806463 -1.739777
v 0.585347 0.813580 -1.729991
v 0.622270 0.597954 -1.725324
v 0.656493 0.601878 -1.720564
v 0.587679 0.594395 -1.729687
v 0.614045 0.606825 -1.710942
v 0.514383 0.600819 -1.739725
v 0.551031 0.597607 -1.734706
v 0.498580 0.622381 -1.740412
v 0.482084 0.766144 -1.741130
v 0.478875 0.735547 -1.741270
v 0.497633 0.786304 -1.740453
v 0.620537 0.810368 -1.726268
v -0.499987 0.654630 -1.716887
v 0.499446 0.654387 -1.714136
v 0.492809 0.679180 -1.714425
v -0.000000 0.749334 -1.781779
v -0.448149 0.749333 -1.762970
v -0.446847 0.749333 -1.733045
v -0.000000 0.749333 -1.743538
v -0.000000 0.733803 -1.743538
v -0.446847 0.733803 -1.733045
v -0.448149 0.733803 -1.762970
v -0.000000 0.733803 -1.781779
v 0.446847 0.749333 -1.733045
v 0.448149 0.749333 -1.762970
v 0.448149 0.733803 -1.762970
v 0.446847 0.733803 -1.733045
v -0.000000 0.774183 -1.743538
v -0.446847 0.774183 -1.733045
v -0.448149 0.774183 -1.762970
v -0.000000 0.774183 -1.781779
v -0.448149 0.789713 -1.762970
v -0.000000 0.789713 -1.781779
v -0.446847 0.789713 -1.733045
v -0.000000 0.789713 -1.743538
v 0.448149 0.774183 -1.762970
v 0.446847 0.774183 -1.733045
v 0.448149 0.789713 -1.762970
v 0.446847 0.789713 -1.733045
v -0.000000 0.708954 -1.781779
v -0.448149 0.708954 -1.762970
v -0.446847 0.708954 -1.733045
v -0.000000 0.708954 -1.743538
v -0.000000 0.693424 -1.743538
v -0.446847 0.693424 -1.733045
v -0.448149 0.693424 -1.762970
v -0.000000 0.693424 -1.781779
v 0.446847 0.708954 -1.733045
v 0.448149 0.708954 -1.762970
v 0.448149 0.693424 -1.762970
v 0.446847 0.693424 -1.733045
v -0.000000 0.668575 -1.781779
v -0.448149 0.668575 -1.762970
v -0.446847 0.668575 -1.733045
v -0.000000 0.668574 -1.743538
v -0.000000 0.653044 -1.743538
v -0.446847 0.653044 -1.733045
v -0.448149 0.653044 -1.762970
v -0.000000 0.653045 -1.781779
v 0.446847 0.668575 -1.733045
v 0.448149 0.668575 -1.762970
v 0.448149 0.653044 -1.762970
v 0.446847 0.653044 -1.733045
v -0.000000 0.628195 -1.781779
v -0.448149 0.628195 -1.762970
v -0.446847 0.628195 -1.733045
v -0.000000 0.628195 -1.743538
v -0.000000 0.612665 -1.743538
v -0.446847 0.612665 -1.733045
v -0.448149 0.612665 -1.762970
v -0.000000 0.612665 -1.781779
v 0.446847 0.628195 -1.733045
v 0.448149 0.628195 -1.762970
v 0.448149 0.612665 -1.762970
v 0.446847 0.612665 -1.733045
v -0.607164 1.071403 -0.588372
v -0.626945 1.100152 -0.465067
v -0.565184 1.145964 -0.476353
v -0.565184 1.071523 -0.601288
v -0.324575 1.071523 -0.627682
v -0.324937 1.134292 -0.481617
v -0.173526 1.071304 -0.508337
v -0.178427 1.071523 -0.630663
v -0.351976 1.145960 -0.476358
v -0.351912 1.071523 -0.627123
v 0.178803 1.027089 -0.476480
v -0.176413 1.027143 -0.476558
v -0.176413 0.936971 -0.438505
v -0.564566 1.060706 -0.476402
v -0.748362 1.014134 -0.409242
v -0.748917 0.936606 -0.371220
v -0.566885 0.936864 -0.408997
v -0.339727 1.058132 -0.476139
v -0.352629 0.937089 -0.434615
v 0.176413 1.071523 -0.630709
v 0.339042 1.071523 -0.506890
v 0.688345 1.071171 -0.563393
v 0.565184 1.071523 -0.601288
v 0.565013 1.071526 -0.479951
v 0.748046 1.050149 -0.441721
v 0.351912 1.071523 -0.627123
v 0.176413 0.936958 -0.438536
v 0.565184 1.027143 -0.447137
v 0.565184 0.936958 -0.409115
v 0.748917 0.936606 -0.371220
v 0.748361 1.014134 -0.409242
v 0.351912 0.936958 -0.434950
v 0.351912 1.027143 -0.472972
v -0.748278 1.049939 -0.441104
v -0.688345 1.071171 -0.563393
v 0.351912 0.766458 -0.786428
v 0.565184 0.766458 -0.760593
v -0.128856 0.578092 -0.438536
v 0.128856 0.578089 -0.438497
v -0.748917 0.766106 -0.722698
v -0.565185 0.766458 -0.760593
v 0.176413 0.766458 -0.790014
v 0.748917 0.766106 -0.722698
v -0.351912 0.766458 -0.786428
v -0.176413 0.766458 -0.790014
v -0.128856 0.616284 -0.667941
v 0.128856 0.616284 -0.702301
v -0.565184 0.488074 -0.760593
v -0.351912 0.488074 -0.786428
v -0.176413 0.488074 -0.790014
v -0.128856 0.488074 -0.667941
v -0.748917 0.488074 -0.722698
v 0.176413 0.482328 -0.713571
v 0.351912 0.482328 -0.709985
v 0.128856 0.332154 -0.625858
v 0.565184 0.482328 -0.684150
v 0.748917 0.481976 -0.646255
v -0.503861 1.082915 -0.311910
v -0.480987 1.034407 -0.285519
v -0.425764 1.014314 -0.274588
v -0.370542 1.034407 -0.285519
v -0.347668 1.082915 -0.311910
v -0.370542 1.131423 -0.338302
v -0.425764 1.151516 -0.349233
v -0.480987 1.131423 -0.338302
v -0.398656 1.069894 -0.335843
v -0.406596 1.053057 -0.326682
v -0.406596 0.741258 -0.899785
v -0.398656 0.758095 -0.908945
v -0.444933 1.053057 -0.326682
v -0.425764 1.046083 -0.322888
v -0.425764 1.001293 -0.298520
v -0.480987 1.021386 -0.309451
v -0.452872 1.069894 -0.335843
v -0.503861 1.069895 -0.335843
v -0.444933 1.086732 -0.345003
v -0.480987 1.118403 -0.362234
v -0.425764 1.138496 -0.373165
v -0.370542 1.118403 -0.362234
v -0.347668 1.069895 -0.335843
v -0.370542 1.021386 -0.309451
v -0.425764 1.093706 -0.348798
v -0.406596 1.086732 -0.345003
v -0.406596 0.774933 -0.918106
v -0.425764 0.781907 -0.921900
v -0.444933 0.774933 -0.918106
v -0.452872 0.758095 -0.908945
v -0.444933 0.741258 -0.899785
v -0.425764 0.734283 -0.895991
v -0.432392 1.039413 -0.294877
v -0.432392 1.031053 -0.310244
v -0.432392 0.901240 -0.241330
v -0.432392 0.909600 -0.225963
v -0.419136 1.031053 -0.310244
v -0.419136 0.901240 -0.241330
v -0.419136 1.039413 -0.294877
v -0.419136 0.909600 -0.225963
v -0.082736 0.711235 -0.359955
v 0.049604 0.432680 -0.421828
v 0.048163 0.428765 -0.406277
v -0.084781 0.746983 -0.332989
v -0.094787 0.741242 -0.337453
v 0.059939 0.432791 -0.399470
v -0.057925 0.717261 -0.348461
v 0.071278 0.439906 -0.408415
v -0.066081 0.719719 -0.366391
v 0.061693 0.439064 -0.425613
v -0.066513 0.758609 -0.344970
v -0.108659 0.744639 -0.363047
v -0.081903 0.761645 -0.375728
v -0.084892 0.784944 -0.356077
v -0.114206 0.769825 -0.348652
v 0.086778 0.645125 -0.253408
v 0.080702 0.388057 -0.429944
v 0.087631 0.395267 -0.440006
v 0.061729 0.654451 -0.261752
v 0.064875 0.400757 -0.447668
v 0.061923 0.391538 -0.434802
v 0.074883 0.673311 -0.223274
v 0.063391 0.674275 -0.227749
v 0.080407 0.657801 -0.267293
v 0.078527 0.403001 -0.450799
v 0.096344 0.680967 -0.232930
v 0.052228 0.693126 -0.247216
v 0.083652 0.702274 -0.256951
v 0.090722 0.714323 -0.229698
v 0.057769 0.709916 -0.223557
v 0.086847 0.654265 -0.358987
v -0.001875 0.359405 -0.294791
v -0.001142 0.355975 -0.310504
v 0.081989 0.690395 -0.385069
v 0.092990 0.685988 -0.381523
v -0.013845 0.358482 -0.316298
v 0.060632 0.657068 -0.368420
v -0.025300 0.363852 -0.306340
v 0.069762 0.660313 -0.351095
v -0.014375 0.364033 -0.289939
v 0.063324 0.699248 -0.371444
v 0.108238 0.690811 -0.356963
v 0.080523 0.703836 -0.341859
v 0.078832 0.727642 -0.361052
v 0.109232 0.716747 -0.371058
v -0.117083 0.446771 -0.320596
v -0.117083 0.560760 0.122520
v -0.117083 0.446771 0.053149
v -0.667137 0.560760 0.122520
v -0.667137 0.446771 0.053149
v -0.667137 0.694821 -0.179709
v -0.117083 0.694821 -0.179709
v -0.117083 0.713376 -0.320596
v -0.667137 0.713376 -0.320596
v -0.667137 0.446771 -0.320596
v -0.667137 1.011749 0.238951
v -0.117083 1.011749 0.238951
v -0.117083 0.770055 0.072304
v -0.667137 0.995155 0.394368
v -0.667137 0.723398 0.190759
v -0.117083 0.723398 0.190759
v -0.667137 0.770055 0.072304
v -0.667137 0.573099 0.121156
v -0.117083 0.573099 0.121156
v -0.667137 0.605473 0.044555
v -0.117083 0.605473 0.044555
v -0.117083 0.995155 0.394368
v -0.530793 1.007295 0.396511
v -0.530793 1.131419 0.256592
v -0.530793 1.068812 0.274920
v -0.530793 1.006395 0.279566
v -0.253427 1.136838 0.312561
v -0.253427 1.006755 0.396632
v -0.253427 1.006394 0.279580
v -0.530793 1.071448 0.378482
v -0.530793 1.133978 0.339618
v -0.253427 1.128579 0.345284
v -0.253427 1.071448 0.378482
v -0.253427 1.131419 0.256592
v -0.253427 1.068812 0.274920
v 0.544510 0.623634 1.049019
v 0.544510 0.645470 1.062308
v -0.544510 0.645470 1.062308
v -0.544510 0.623634 1.049019
v -0.544510 0.588799 0.559738
v -0.544510 0.711922 0.534556
v -0.544510 0.662303 0.534482
v 0.544510 0.662303 0.534482
v -0.544510 0.592326 1.040601
v -0.544510 0.656746 1.036887
v -0.544510 0.734778 0.713728
v 0.544510 0.711602 0.534799
v 0.544510 0.592262 1.040789
v 0.544510 0.588618 0.559611
v 0.544510 0.656746 1.036887
v 0.544510 0.734778 0.713728
v -0.544510 1.180350 1.205611
v -0.544510 1.195968 1.123319
v -0.544510 0.808416 1.010493
v -0.544510 1.171616 1.106528
v 0.544510 1.171616 1.106528
v 0.544510 1.152762 1.198189
v -0.544510 0.790529 1.106573
v 0.544510 0.690697 0.983308
v -0.544510 0.690410 0.983838
v 0.544510 1.180144 1.207516
v 0.544510 1.195968 1.123319
v -0.544510 0.657809 1.060944
v 0.544510 0.657052 1.062883
v -0.544510 0.677702 1.070156
v 0.544510 0.808414 1.010493
v 0.544510 0.790527 1.106572
v 0.667137 0.560760 0.122520
v 0.667137 0.446771 -0.320596
v 0.667137 0.713376 -0.320596
v 0.117083 0.446771 -0.320596
v 0.117083 0.713376 -0.320596
v 0.667137 0.694820 -0.179709
v 0.117083 0.694820 -0.179709
v 0.117083 0.560760 0.122520
v 0.667137 0.446771 0.053149
v 0.117083 0.446771 0.053149
v 0.667137 1.011749 0.238951
v 0.667137 0.770055 0.072303
v 0.117083 0.770055 0.072303
v 0.117083 1.011749 0.238951
v 0.117083 0.995155 0.394368
v 0.117083 0.723398 0.190759
v 0.667137 0.723398 0.190759
v 0.667137 0.995155 0.394368
v 0.117083 0.573099 0.121156
v 0.117083 0.605473 0.044555
v 0.667137 0.573099 0.121156
v 0.667137 0.605473 0.044555
v 0.253427 1.136838 0.312561
v 0.253427 1.128579 0.345284
v 0.530793 1.128579 0.345284
v 0.530793 1.136838 0.312561
v 0.530793 1.068812 0.274920
v 0.530793 1.131419 0.256592
v 0.253427 1.131419 0.256592
v 0.530793 1.071448 0.378481
v 0.530793 1.006830 0.396610
v 0.253427 1.006394 0.279580
v 0.253427 1.071448 0.378481
v 0.530793 1.006395 0.279566
v 0.253427 1.068812 0.274920
v 0.253427 1.007227 0.396531
v 0.783298 0.476514 0.082458
v -0.602043 0.476514 0.622930
v 0.602043 0.476514 0.622930
v -0.602043 0.616639 1.417475
v -0.819894 0.616639 1.417502
v -0.794398 0.616531 1.528367
v 0.787822 0.616593 1.523926
v -0.602043 0.630283 0.950344
v -0.722169 0.612804 1.669696
v -0.466208 0.476514 -0.757101
v -0.000000 0.476514 -0.767957
v -0.783298 0.476514 -0.757101
v -0.783298 0.476514 0.622930
v 0.783298 0.476514 0.622930
v 0.722169 0.612804 1.669696
v 0.602043 0.630916 0.951741
v -0.602043 0.632843 1.079904
v -0.602043 0.636920 1.410975
v 0.602043 0.616639 1.417475
v 0.815967 0.616639 1.417532
v 0.602043 0.636920 1.410975
v 0.466208 0.476514 -0.757101
v 0.783298 0.476514 -0.757101
v -0.546677 0.870586 1.779189
v -0.544673 0.802219 1.782702
v -0.642048 0.802477 1.762340
v -0.618059 0.874391 1.768508
v -0.641503 0.894476 1.755226
v -0.263923 0.802222 1.799298
v -0.263664 0.869691 1.796688
v -0.574427 0.898457 1.754927
v -0.569464 1.085837 1.658364
v -0.544057 1.051912 1.676233
v -0.526923 1.410342 1.477877
v -0.544484 1.454045 1.436780
v -0.500343 1.435167 1.465718
v -0.633565 1.081978 1.662705
v -0.615437 1.057265 1.679409
v -0.508229 1.462236 1.442925
v -0.491575 1.482849 1.434168
v -0.000000 0.871513 1.798463
v 0.000000 1.470545 1.450480
v -0.550100 1.243060 1.570275
v -0.566530 1.364627 1.486514
v -0.594076 1.085372 1.657442
v -0.597099 1.386194 1.468856
v -0.582873 1.438545 1.439301
v -0.000000 1.480685 1.437739
v -0.000000 1.446681 1.474921
v -0.002468 1.086374 1.676920
v -0.000000 0.892999 1.777347
v -0.000000 0.802207 1.801766
v 0.546677 0.870586 1.779189
v 0.618059 0.874391 1.768508
v 0.642048 0.802477 1.762340
v 0.544673 0.802219 1.782702
v 0.641502 0.894476 1.755226
v 0.263923 0.802222 1.799298
v 0.263664 0.869691 1.796688
v 0.574427 0.898457 1.754927
v 0.544057 1.051912 1.676233
v 0.569558 1.086213 1.659126
v 0.526923 1.410342 1.477877
v 0.500343 1.435167 1.465718
v 0.544484 1.454044 1.436780
v 0.615437 1.057265 1.679409
v 0.633565 1.081977 1.662705
v 0.508229 1.462236 1.442925
v 0.491575 1.482849 1.434168
v 0.566530 1.364627 1.486514
v 0.550100 1.243059 1.570275
v 0.594076 1.085372 1.657442
v 0.582873 1.438545 1.439301
v 0.597099 1.386194 1.468856
v -0.700071 1.267405 -0.311931
v -0.692202 1.300631 -0.353662
v -0.666932 1.385881 -0.279486
v -0.677263 1.348534 -0.244401
v -0.648795 1.447755 -0.037455
v -0.637409 1.477706 -0.141838
v -0.636488 1.509602 0.437359
v -0.656394 1.456268 0.386886
v -0.663614 1.433756 0.436699
v -0.740315 1.090846 0.385536
v -0.744469 1.077202 0.436635
v -0.806131 1.028577 0.453191
v -0.801772 1.021092 0.375564
v -0.795196 0.998971 -0.464475
v -0.772667 1.035663 -0.527100
v -0.782159 1.028117 -0.458806
v -0.752753 1.048082 -0.443302
v -0.730989 1.078016 -0.497131
v -0.734277 1.076155 -0.432051
v -0.717999 1.150918 -0.454943
v -0.657201 1.421195 -0.165443
v -0.647968 1.455037 -0.206680
v -0.774215 1.044521 0.204054
v -0.744951 1.073771 0.212161
v -0.811630 0.908462 0.457236
v -0.810475 0.907512 -0.548726
v -0.806565 0.974266 -0.545700
v -0.744035 1.093151 0.242699
v -0.806148 0.902370 -0.548956
v -0.808195 0.947883 0.239418
v -0.801890 0.993155 0.199128
v -0.810740 0.848904 -0.549715
v -0.806719 0.852835 -0.549555
v -0.807699 0.852714 0.456530
v -0.812219 0.848522 0.456790
v -0.806785 0.902279 0.456525
v 0.700071 1.267405 -0.311931
v 0.677263 1.348534 -0.244401
v 0.666932 1.385881 -0.279486
v 0.692202 1.300631 -0.353662
v 0.648795 1.447755 -0.037455
v 0.656394 1.456268 0.386886
v 0.636488 1.509602 0.437359
v 0.637409 1.477706 -0.141838
v 0.740315 1.090846 0.385536
v 0.663614 1.433756 0.436699
v 0.744469 1.077203 0.436635
v 0.801771 1.021092 0.375564
v 0.806131 1.028577 0.453191
v 0.795196 0.998971 -0.464474
v 0.782159 1.028117 -0.458806
v 0.772667 1.035662 -0.527100
v 0.752753 1.048082 -0.443302
v 0.734277 1.076155 -0.432051
v 0.730989 1.078016 -0.497131
v 0.717999 1.150917 -0.454943
v 0.657201 1.421195 -0.165443
v 0.647968 1.455037 -0.206680
v 0.744951 1.073771 0.212156
v 0.774215 1.044521 0.204051
v 0.811630 0.908462 0.457236
v 0.806565 0.974266 -0.545700
v 0.810475 0.907512 -0.548726
v 0.812219 0.848522 0.456790
v 0.744035 1.093151 0.242702
v 0.806148 0.902370 -0.548956
v 0.810740 0.848904 -0.549715
v 0.807699 0.852714 0.456530
v 0.806719 0.852835 -0.549555
v 0.801890 0.993155 0.199128
v 0.808195 0.947883 0.239420
v 0.806785 0.902279 0.456525
v 0.808460 0.848109 0.845902
v 0.808924 0.848986 0.455550
v 0.810305 0.730596 0.903888
v -0.773612 1.032799 -0.574378
v -0.713494 1.087513 -0.519845
v -0.731932 1.076692 -0.494124
v -0.810305 0.730596 0.903888
v -0.808924 0.848986 0.455550
v -0.808460 0.848109 0.845893
v -0.775067 1.046273 1.287911
v -0.782284 1.042698 0.437947
v -0.745473 1.067432 0.498492
v -0.744406 1.067594 1.409804
v -0.737311 0.803136 1.644389
v -0.714667 0.802833 1.707750
v -0.713366 0.528971 1.688380
v -0.698391 1.167315 1.414654
v -0.721758 1.169910 1.278017
v -0.697779 1.274678 1.244649
v -0.677109 1.281345 1.359860
v -0.675024 1.372512 1.205571
v -0.656834 1.389054 1.309754
v -0.661056 1.412883 1.185767
v -0.654633 1.391713 1.337527
v -0.794041 0.795580 1.435917
v -0.807829 0.848530 1.280591
v -0.782237 0.848626 1.496624
v -0.273294 1.545547 1.240612
v -0.542845 1.509581 1.342403
v -0.547033 1.538046 1.182240
v -0.659902 1.437970 0.436938
v -0.657647 1.436684 0.499271
v -0.737980 1.097308 0.499602
v -0.744978 1.073521 0.436853
v -0.809980 0.716459 1.337307
v -0.810349 0.694396 1.257266
v -0.810349 0.731243 1.172431
v -0.705231 1.021183 1.652710
v -0.725143 1.030934 1.622027
v -0.704639 1.069927 1.607441
v -0.695972 1.165015 1.456637
v -0.723444 1.075350 1.521373
v -0.612180 1.482765 1.332023
v -0.631984 1.453200 1.358749
v -0.634195 1.496732 1.153096
v -0.610060 1.514737 1.173075
v -0.588003 1.525555 1.176928
v -0.735564 1.096375 1.287364
v -0.607952 1.528190 0.828706
v -0.608432 1.539683 0.456679
v -0.584101 1.553939 0.472919
v -0.630887 1.501997 0.829312
v -0.627505 1.506928 0.495725
v -0.633948 1.487997 0.088338
v -0.622527 1.506083 -0.159888
v -0.633814 1.506694 0.436933
v -0.545184 1.548226 0.080391
v -0.596074 1.517908 -0.173414
v -0.545458 1.536898 -0.152656
v -0.273123 1.577389 0.074100
v -0.273102 1.561981 -0.163946
v -0.626272 1.486838 -0.226203
v -0.273172 1.533793 -0.210396
v -0.000000 1.545614 -0.222181
v -0.000000 1.568035 -0.175781
v -0.579717 1.497882 -0.242563
v -0.000000 1.520037 -0.271303
v -0.638740 1.476414 -0.140395
v -0.648998 1.452607 -0.205061
v -0.619015 1.403290 -0.317876
v -0.658064 1.386127 -0.310038
v -0.678593 1.310712 -0.367452
v -0.672878 1.143100 -0.515280
v -0.698795 1.185851 -0.456067
v -0.718505 1.156898 -0.445570
v -0.578560 1.435797 1.443402
v -0.640805 1.409011 1.414506
v -0.608919 1.460635 1.386857
v -0.693767 1.298802 -0.350073
v -0.668036 1.384216 -0.277646
v -0.594282 1.378034 1.476004
v -0.273509 1.499133 1.399073
v -0.273652 1.477763 1.442993
v -0.530630 1.452381 1.441550
v -0.544466 1.487595 1.397270
v -0.685670 1.189145 1.547664
v -0.630479 1.052774 1.681976
v -0.729258 0.906241 1.664329
v -0.716214 0.901058 1.699342
v -0.797426 0.644532 1.477291
v -0.808100 0.659795 1.421872
v -0.765297 0.851332 1.564139
v -0.761597 0.903891 1.566833
v -0.808213 0.473167 1.464379
v -0.807106 0.586386 1.465535
v -0.783440 0.597805 1.523753
v -0.810398 0.472152 1.417142
v -0.810220 0.592598 1.394886
v -0.661254 1.342361 1.371328
v -0.636922 0.899184 1.754384
v -0.273197 1.558061 1.158641
v -0.000000 1.572275 1.162039
v -0.273162 1.580383 0.830500
v -0.276559 1.590554 0.464536
v 0.000000 1.595382 0.465930
v -0.000000 1.589084 0.831261
v -0.685894 1.193731 1.446846
v -0.783767 1.029065 1.431875
v -0.810898 0.751392 1.036172
v -0.806430 1.028302 1.290455
v -0.802772 1.027808 0.973375
v -0.670934 1.087268 -0.562928
v -0.546055 1.521742 -0.199347
v -0.545387 1.552782 0.829776
v -0.545418 1.567160 0.462648
v -0.000000 1.587691 0.067799
v -0.000000 1.533450 1.350636
v -0.000000 1.511408 1.400403
v -0.000000 1.478436 1.442366
v -0.767276 1.028586 1.504039
v -0.807095 1.027894 0.453156
v -0.806234 0.914021 0.761643
v -0.807266 0.908645 0.456332
v -0.807056 0.907459 1.292427
v -0.778016 0.905442 1.496829
v -0.780696 0.852721 1.484361
v -0.804269 0.852651 1.292067
v -0.802853 0.902257 1.294704
v -0.805165 0.852757 0.455321
v -0.803780 0.902261 0.455322
v -0.671507 1.267873 1.406669
v -0.655670 1.427875 1.157769
v -0.656676 1.432190 0.821731
v -0.717574 0.475619 1.666051
v -0.639241 0.802247 1.764112
v 0.773612 1.032799 -0.574378
v 0.731932 1.076692 -0.494124
v 0.713494 1.087513 -0.519844
v 0.775066 1.046273 1.287913
v 0.744406 1.067594 1.409805
v 0.745473 1.067432 0.498491
v 0.782283 1.042698 0.437947
v 0.737311 0.803137 1.644389
v 0.713366 0.528971 1.688380
v 0.714667 0.802833 1.707750
v 0.698391 1.167315 1.414654
v 0.677109 1.281344 1.359861
v 0.697778 1.274680 1.244649
v 0.721758 1.169909 1.278017
v 0.656834 1.389054 1.309754
v 0.675023 1.372513 1.205570
v 0.654401 1.394415 1.336953
v 0.661056 1.412883 1.185767
v 0.794042 0.795580 1.435916
v 0.782237 0.848626 1.496624
v 0.807829 0.848530 1.280591
v 0.619487 1.431152 1.381581
v 0.630488 1.463820 1.325734
v 0.273294 1.545547 1.240612
v 0.547033 1.538046 1.182240
v 0.545247 1.508901 1.342643
v 0.273346 1.521054 1.346611
v 0.659902 1.437971 0.436938
v 0.744978 1.073521 0.436853
v 0.737980 1.097308 0.499602
v 0.657647 1.436684 0.499271
v 0.578560 1.435797 1.443402
v 0.530630 1.452381 1.441550
v 0.544466 1.461957 1.397270
v 0.809980 0.716457 1.337309
v 0.810349 0.731243 1.172431
v 0.810349 0.694396 1.257266
v 0.705231 1.021182 1.652710
v 0.704639 1.069926 1.607441
v 0.725143 1.030935 1.622027
v 0.695972 1.165015 1.456637
v 0.723444 1.075350 1.521373
v 0.611940 1.482743 1.332611
v 0.610060 1.514737 1.173075
v 0.634195 1.496732 1.153096
v 0.588003 1.525554 1.176928
v 0.735564 1.096375 1.287364
v 0.607952 1.528190 0.828706
v 0.584101 1.553939 0.472917
v 0.608432 1.539683 0.456679
v 0.627505 1.506928 0.495725
v 0.630887 1.501997 0.829312
v 0.633948 1.487997 0.088338
v 0.633814 1.506694 0.436933
v 0.622527 1.506083 -0.159889
v 0.545184 1.548226 0.080391
v 0.545458 1.536898 -0.152656
v 0.596074 1.517908 -0.173414
v 0.273123 1.577389 0.074100
v 0.273102 1.561981 -0.163946
v 0.626272 1.486838 -0.226203
v 0.273172 1.533793 -0.210396
v 0.579717 1.497882 -0.242563
v 0.638740 1.476414 -0.140395
v 0.648998 1.452607 -0.205061
v 0.619015 1.403289 -0.317877
v 0.658064 1.386126 -0.310038
v 0.678594 1.310713 -0.367452
v 0.672878 1.143100 -0.515279
v 0.698795 1.185852 -0.456066
v 0.718505 1.156898 -0.445570
v 0.639633 1.414896 1.410833
v 0.693767 1.298802 -0.350073
v 0.668036 1.384216 -0.277646
v 0.594282 1.378034 1.476004
v 0.273509 1.499133 1.399073
v 0.273652 1.477763 1.442993
v 0.685670 1.189145 1.547665
v 0.630479 1.052774 1.681976
v 0.716213 0.901058 1.699342
v 0.729258 0.906242 1.664329
v 0.797426 0.644532 1.477291
v 0.808099 0.659795 1.421872
v 0.765298 0.851332 1.564139
v 0.761597 0.903890 1.566833
v 0.808213 0.473167 1.464378
v 0.783440 0.597806 1.523753
v 0.807106 0.586386 1.465535
v 0.810398 0.472151 1.417142
v 0.810220 0.592598 1.394886
v 0.661254 1.342361 1.371327
v 0.636922 0.899184 1.754384
v 0.273197 1.558061 1.158641
v 0.273162 1.580383 0.830500
v 0.276559 1.590554 0.464532
v 0.685894 1.193731 1.446846
v 0.783766 1.029065 1.431876
v 0.810898 0.751392 1.036172
v 0.802772 1.027808 0.973371
v 0.806430 1.028302 1.290454
v 0.670934 1.087268 -0.562928
v 0.546055 1.521742 -0.199347
v 0.545387 1.552782 0.829776
v 0.545418 1.567160 0.462645
v 0.767276 1.028586 1.504038
v 0.807095 1.027894 0.453156
v 0.807266 0.908645 0.456332
v 0.806234 0.914021 0.761663
v 0.807056 0.907459 1.292427
v 0.778016 0.905442 1.496829
v 0.780696 0.852721 1.484361
v 0.804269 0.852651 1.292067
v 0.802853 0.902257 1.294704
v 0.805165 0.852757 0.455321
v 0.803780 0.902261 0.455322
v 0.671507 1.267872 1.406669
v 0.656676 1.432190 0.821732
v 0.655670 1.427875 1.157769
v 0.717573 0.475619 1.666051
v 0.639241 0.802247 1.764112
v -0.165066 0.798793 1.804375
v -0.000000 0.790488 1.765806
v -0.264595 0.790325 1.772164
v -0.539170 0.798617 1.783612
v -0.642334 0.803988 1.765586
v -0.556283 0.788583 1.756693
v -0.647583 0.787495 1.749188
v -0.718356 0.803302 1.704068
v 0.249130 0.485118 1.662781
v -0.264640 0.485097 1.662668
v -0.230652 0.528095 1.733196
v -0.617244 0.484869 1.661976
v -0.539922 0.527856 1.723328
v -0.643697 0.527312 1.718537
v -0.680493 0.525872 1.713482
v -0.721367 0.482139 1.660139
v -0.678589 0.634208 1.721526
v -0.718793 0.532039 1.682007
v -0.264636 0.743638 1.759979
v -0.642026 0.634760 1.746956
v -0.539709 0.635031 1.755553
v -0.264604 0.634899 1.760397
v -0.000000 0.634793 1.758816
v -0.000000 0.743782 1.757438
v 0.264595 0.790325 1.772164
v 0.539170 0.798617 1.783612
v 0.556283 0.788583 1.756693
v 0.642334 0.803988 1.765586
v 0.647583 0.787495 1.749188
v 0.718356 0.803302 1.704068
v 0.264592 0.527981 1.732517
v 0.539922 0.527856 1.723328
v 0.617244 0.484869 1.661976
v 0.643697 0.527312 1.718537
v 0.680493 0.525872 1.713482
v 0.721367 0.482139 1.660139
v 0.718793 0.532039 1.682007
v 0.678589 0.634208 1.721526
v 0.264636 0.743638 1.759979
v 0.642026 0.634760 1.746956
v 0.539709 0.635031 1.755553
v 0.264604 0.634899 1.760397
v -0.810305 0.730596 0.903888
v -0.803776 0.447241 -0.551372
v -0.810501 0.449025 0.394325
v -0.787650 0.348198 0.433848
v -0.785702 0.346263 -0.569503
v -0.809176 0.426188 0.640145
v -0.810381 0.550866 0.445434
v -0.810349 0.507020 0.660592
v -0.785240 0.341303 0.630458
v -0.768003 0.299776 0.625733
v -0.767896 0.299654 -0.747748
v -0.805995 0.445236 -0.597466
v -0.811312 0.601522 -0.553762
v -0.805416 0.971148 -0.545872
v -0.811014 0.848650 -0.549862
v -0.811581 0.778703 -0.780614
v -0.809425 0.849550 -0.778245
v -0.811899 0.601542 -0.767187
v -0.786575 0.346854 -0.748572
v -0.805995 0.445236 -0.754462
v -0.810874 0.907949 -0.548513
v -0.806026 0.902043 -0.548908
v -0.808626 0.907033 -0.772220
v -0.807373 0.852499 -0.549710
v -0.803415 0.970773 -0.758934
v 0.810305 0.730596 0.903888
v 0.803776 0.447241 -0.551372
v 0.785929 0.347050 -0.570489
v 0.787650 0.348198 0.433852
v 0.810501 0.449025 0.394325
v 0.809176 0.426188 0.640145
v 0.810349 0.507020 0.660592
v 0.810381 0.550866 0.445434
v 0.785240 0.341303 0.630458
v 0.768002 0.299776 0.625733
v 0.767896 0.299654 -0.747748
v 0.805995 0.445236 -0.597466
v 0.811420 0.608760 -0.553749
v 0.805937 0.971131 -0.545895
v 0.786575 0.346854 -0.748572
v 0.811900 0.601542 -0.767187
v 0.805995 0.445236 -0.754462
v 0.806228 0.902522 -0.548895
v 0.810568 0.907305 -0.548548
v 0.807266 0.905651 -0.772435
v 0.810917 0.848812 -0.549859
v 0.811581 0.778703 -0.780614
v 0.810137 0.849211 -0.778269
v 0.807272 0.852634 -0.549709
v 0.803416 0.970773 -0.758934
v -0.426794 0.893422 -0.237107
v -0.424454 0.900743 -0.217386
v -0.502952 0.914202 -0.224708
v -0.504034 0.907488 -0.244760
v -0.569933 0.952722 -0.245665
v -0.569471 0.946084 -0.265758
v -0.614606 1.010996 -0.277370
v -0.612765 1.004006 -0.297271
v -0.630960 1.079838 -0.314823
v -0.627966 1.071943 -0.334233
v -0.615639 1.148792 -0.352338
v -0.611953 1.139791 -0.371146
v -0.571787 1.207628 -0.384349
v -0.568015 1.197271 -0.402418
v -0.505446 1.246870 -0.405698
v -0.502075 1.235301 -0.423109
v -0.427075 1.261235 -0.413514
v -0.424735 1.248654 -0.430374
v -0.348577 1.247777 -0.406192
v -0.347495 1.234589 -0.422721
v -0.281596 1.209257 -0.385234
v -0.282058 1.195992 -0.401723
v -0.236923 1.150982 -0.353530
v -0.238764 1.138070 -0.370210
v -0.220569 1.082141 -0.316076
v -0.223563 1.070134 -0.333248
v -0.235890 1.013187 -0.278561
v -0.239575 1.002285 -0.296335
v -0.279742 0.954350 -0.246551
v -0.283514 0.944805 -0.265063
v -0.346083 0.915109 -0.225202
v -0.349454 0.906775 -0.244372
v -0.554868 0.955453 -0.272209
v -0.494817 0.920969 -0.253447
v -0.424468 0.908951 -0.246909
v -0.427280 0.918453 -0.223305
v -0.498613 0.931643 -0.230481
v -0.558931 0.967457 -0.249966
v -0.609641 1.069331 -0.334165
v -0.594938 1.007647 -0.300605
v -0.598753 1.021091 -0.279146
v -0.612575 1.083881 -0.313307
v -0.556702 1.183876 -0.396484
v -0.595960 1.131127 -0.367785
v -0.597559 1.146540 -0.347397
v -0.556788 1.199524 -0.376224
v -0.427061 1.231990 -0.422660
v -0.497284 1.219074 -0.415633
v -0.495730 1.234505 -0.395255
v -0.424249 1.246646 -0.401860
v -0.296661 1.185487 -0.397360
v -0.356712 1.219972 -0.416122
v -0.352916 1.233455 -0.394684
v -0.292598 1.197641 -0.375199
v -0.241887 1.071609 -0.335404
v -0.256591 1.133293 -0.368964
v -0.252776 1.144008 -0.346019
v -0.238954 1.081218 -0.311858
v -0.294827 0.957064 -0.273085
v -0.255569 1.009814 -0.301784
v -0.253970 1.018558 -0.277768
v -0.294741 0.965574 -0.248942
v -0.354245 0.921866 -0.253936
v -0.355799 0.930594 -0.229910
v -0.471615 0.334645 1.183330
v -0.453689 0.333097 1.145823
v -0.471315 0.319428 1.182489
v -0.448880 0.324008 1.168785
v -0.440173 0.335364 1.142146
v -0.445524 0.323030 1.126781
v -0.453450 0.328083 1.093466
v -0.470774 0.336669 1.096852
v -0.466948 0.339812 1.083667
v -0.509515 0.331280 1.083213
v -0.515878 0.332720 1.070136
v -0.529582 0.345749 1.081065
v -0.552831 0.334901 1.113662
v -0.567345 0.337382 1.112964
v -0.563778 0.349902 1.130333
v -0.548168 0.338550 1.166823
v -0.555685 0.342064 1.179170
v -0.538356 0.354017 1.184014
v -0.499447 0.342228 1.189667
v -0.489651 0.348301 1.201836
v -0.479894 0.358041 1.185850
v -0.454818 0.345938 1.158763
v -0.439813 0.352968 1.156232
v -0.449344 0.361883 1.139332
v -0.459096 0.349682 1.104147
v -0.454198 0.357638 1.090198
v -0.474219 0.365679 1.090226
v -0.508893 0.353463 1.080085
v -0.518503 0.362306 1.069450
v -0.528606 0.369433 1.087379
v -0.555253 0.357282 1.111234
v -0.568715 0.366970 1.114578
v -0.557867 0.373145 1.132646
v -0.555465 0.361177 1.166582
v -0.552347 0.373222 1.182575
v -0.533459 0.376817 1.180106
v -0.503507 0.365269 1.195926
v -0.487678 0.377891 1.200300
v -0.480650 0.380452 1.182605
v -0.451477 0.369394 1.165534
v -0.440405 0.382537 1.153164
v -0.452372 0.384053 1.138484
v -0.451555 0.373554 1.104688
v -0.455211 0.388549 1.095353
v -0.476278 0.387621 1.092326
v -0.490426 0.379682 1.070123
v -0.516977 0.381517 1.085907
v -0.519083 0.394242 1.077378
v -0.554683 0.384334 1.090782
v -0.554472 0.384128 1.119248
v -0.563022 0.397240 1.113626
v -0.555483 0.395277 1.140520
v -0.568192 0.397618 1.157416
v -0.556069 0.385151 1.167842
v -0.525737 0.398738 1.182078
v -0.518160 0.401963 1.201326
v -0.502604 0.389300 1.197131
v -0.475130 0.402182 1.177226
v -0.455138 0.406271 1.180630
v -0.449864 0.393492 1.165239
v -0.453999 0.405612 1.131217
v -0.441096 0.410551 1.116041
v -0.451064 0.397727 1.102960
v -0.483069 0.409034 1.089952
v -0.475599 0.406809 1.075958
v -0.535435 0.406317 1.078310
v -0.506462 0.416783 1.073126
v -0.533259 0.412450 1.094325
v -0.569993 0.410732 1.133532
v -0.559241 0.421063 1.106405
v -0.554705 0.415864 1.139873
v -0.548447 0.411507 1.179430
v -0.556744 0.425333 1.168398
v -0.526110 0.419280 1.181332
v -0.526768 0.423157 1.198479
v -0.488240 0.415839 1.196137
v -0.466270 0.430780 1.188465
v -0.475816 0.422699 1.177456
v -0.443502 0.420197 1.151883
v -0.440171 0.435049 1.128784
v -0.453830 0.426127 1.131906
v -0.459713 0.424581 1.090639
v -0.478671 0.439279 1.076960
v -0.482281 0.429567 1.089854
v -0.521273 0.428990 1.074033
v -0.538488 0.444500 1.084209
v -0.533182 0.433022 1.093373
v -0.563670 0.433160 1.105156
v -0.557694 0.446513 1.120316
v -0.555794 0.436498 1.139455
v -0.567149 0.445951 1.160285
v -0.548909 0.436222 1.180532
v -0.532385 0.452555 1.189449
v -0.526102 0.438791 1.185014
v -0.500062 0.450824 1.187655
v -0.500703 0.442423 1.203023
v -0.469272 0.444214 1.174061
v -0.463704 0.454924 1.185544
v -0.441152 0.446892 1.152788
v -0.442952 0.460046 1.130068
v -0.453258 0.447805 1.124296
v -0.457645 0.451435 1.089377
v -0.478315 0.464141 1.080365
v -0.488686 0.451430 1.085239
v -0.521033 0.456003 1.071700
v -0.538529 0.468215 1.085536
v -0.540689 0.455091 1.096558
v -0.568365 0.460596 1.117786
v -0.561808 0.472125 1.134652
v -0.556968 0.458791 1.147776
v -0.564593 0.467287 1.165322
v -0.529204 0.469655 1.181408
v -0.527901 0.461925 1.193111
v -0.525868 0.476828 1.193872
v -0.470322 0.468656 1.193145
v -0.474120 0.478264 1.179512
v 0.471615 0.334645 1.183330
v 0.471315 0.319428 1.182489
v 0.453689 0.333097 1.145823
v 0.448880 0.324008 1.168785
v 0.440173 0.335364 1.142146
v 0.445524 0.323030 1.126781
v 0.453450 0.328083 1.093466
v 0.470774 0.336669 1.096852
v 0.466948 0.339812 1.083667
v 0.509515 0.331280 1.083213
v 0.515878 0.332720 1.070136
v 0.529582 0.345749 1.081065
v 0.552831 0.334901 1.113662
v 0.567345 0.337382 1.112964
v 0.563778 0.349902 1.130333
v 0.548168 0.338550 1.166823
v 0.555685 0.342064 1.179170
v 0.538356 0.354017 1.184014
v 0.499447 0.342228 1.189667
v 0.489651 0.348301 1.201836
v 0.479894 0.358041 1.185850
v 0.454818 0.345938 1.158763
v 0.439813 0.352968 1.156232
v 0.449344 0.361883 1.139332
v 0.459096 0.349682 1.104147
v 0.454198 0.357638 1.090198
v 0.474219 0.365679 1.090226
v 0.508893 0.353463 1.080085
v 0.518503 0.362306 1.069450
v 0.528606 0.369433 1.087379
v 0.555253 0.357282 1.111234
v 0.568715 0.366970 1.114578
v 0.557867 0.373145 1.132646
v 0.555465 0.361177 1.166582
v 0.552347 0.373222 1.182575
v 0.533459 0.376817 1.180106
v 0.503507 0.365269 1.195926
v 0.487678 0.377891 1.200300
v 0.480650 0.380452 1.182605
v 0.451477 0.369394 1.165534
v 0.440405 0.382537 1.153164
v 0.452372 0.384053 1.138484
v 0.451555 0.373554 1.104688
v 0.455211 0.388549 1.095353
v 0.476278 0.387621 1.092326
v 0.490426 0.379682 1.070123
v 0.516977 0.381517 1.085907
v 0.519083 0.394242 1.077378
v 0.554683 0.384334 1.090782
v 0.554472 0.384128 1.119248
v 0.563022 0.397240 1.113626
v 0.555483 0.395277 1.140520
v 0.568192 0.397618 1.157416
v 0.556069 0.385151 1.167842
v 0.525737 0.398738 1.182078
v 0.518160 0.401963 1.201326
v 0.502604 0.389300 1.197131
v 0.475130 0.402182 1.177226
v 0.455138 0.406271 1.180630
v 0.449864 0.393492 1.165239
v 0.453999 0.405612 1.131217
v 0.441096 0.410551 1.116041
v 0.451064 0.397727 1.102960
v 0.483069 0.409034 1.089952
v 0.475599 0.406809 1.075958
v 0.535435 0.406317 1.078310
v 0.506462 0.416783 1.073126
v 0.533259 0.412450 1.094325
v 0.569993 0.410732 1.133532
v 0.559241 0.421063 1.106405
v 0.554705 0.415864 1.139873
v 0.548447 0.411507 1.179430
v 0.556744 0.425333 1.168398
v 0.526110 0.419280 1.181332
v 0.526768 0.423157 1.198479
v 0.488240 0.415839 1.196137
v 0.466270 0.430780 1.188465
v 0.475816 0.422699 1.177456
v 0.443502 0.420197 1.151883
v 0.440171 0.435049 1.128784
v 0.453830 0.426127 1.131906
v 0.459713 0.424581 1.090639
v 0.478671 0.439279 1.076960
v 0.482281 0.429567 1.089854
v 0.521273 0.428990 1.074033
v 0.538488 0.444500 1.084209
v 0.533182 0.433022 1.093373
v 0.563670 0.433160 1.105156
v 0.557694 0.446513 1.120316
v 0.555794 0.436498 1.139455
v 0.567149 0.445951 1.160285
v 0.548909 0.436222 1.180532
v 0.532385 0.452555 1.189449
v 0.526102 0.438791 1.185014
v 0.500062 0.450824 1.187655
v 0.500703 0.442423 1.203023
v 0.469272 0.444214 1.174061
v 0.463704 0.454924 1.185544
v 0.441152 0.446892 1.152788
v 0.442952 0.460046 1.130068
v 0.453258 0.447805 1.124296
v 0.457645 0.451435 1.089377
v 0.478315 0.464141 1.080365
v 0.488686 0.451430 1.085239
v 0.521033 0.456003 1.071700
v 0.538529 0.468215 1.085536
v 0.540689 0.455091 1.096558
v 0.568365 0.460596 1.117786
v 0.561808 0.472125 1.134652
v 0.556968 0.458791 1.147776
v 0.564593 0.467287 1.165322
v 0.529204 0.469655 1.181408
v 0.527901 0.461925 1.193111
v 0.525868 0.476828 1.193872
v 0.470322 0.468656 1.193145
v 0.474120 0.478264 1.179512
v -0.529365 0.438011 -1.377864
v -0.589818 0.442987 -1.352351
v -0.586363 0.484961 -1.352351
v -0.525909 0.479985 -1.377864
v -0.529365 0.438011 -1.203650
v -0.468911 0.433034 -1.229163
v -0.465456 0.475009 -1.229163
v -0.525909 0.479985 -1.203650
v -0.589818 0.442987 -1.229163
v -0.586363 0.484961 -1.229163
v -0.614859 0.445048 -1.290757
v -0.611404 0.487022 -1.290757
v -0.468872 0.433062 -1.352329
v -0.465713 0.475067 -1.352359
v -0.327606 0.460091 -1.226164
v -0.326914 0.460969 -1.349213
v -0.346271 0.426586 -1.226026
v -0.305556 0.234797 -1.182518
v -0.278331 0.271715 -1.182518
v -0.278337 0.271698 -1.305693
v -0.346788 0.425406 -1.349043
v 0.000000 0.237503 -1.182517
v 0.000000 0.237503 -1.056219
v -0.305556 0.234797 -1.056220
v -0.278331 0.271715 -1.056220
v -0.000000 0.258745 -1.056219
v -0.306063 0.233267 -1.244111
v -0.305556 0.234797 -1.305705
v 0.306063 0.233267 -1.244111
v 0.000000 0.235442 -1.244111
v 0.000000 0.237503 -1.305705
v 0.305556 0.234797 -1.305705
v -0.000060 0.258742 -1.305705
v 0.529365 0.438011 -1.377864
v 0.525909 0.479985 -1.377864
v 0.586363 0.484961 -1.352351
v 0.589818 0.442987 -1.352351
v 0.529365 0.438011 -1.203650
v 0.525909 0.479985 -1.203650
v 0.465456 0.475009 -1.229163
v 0.468911 0.433034 -1.229163
v 0.589818 0.442987 -1.229163
v 0.586363 0.484961 -1.229163
v 0.611404 0.487022 -1.290757
v 0.614859 0.445048 -1.290757
v 0.468881 0.433056 -1.352330
v 0.465748 0.475079 -1.352364
v 0.326914 0.460969 -1.349213
v 0.327606 0.460091 -1.226164
v 0.278331 0.271715 -1.182518
v 0.305556 0.234797 -1.182518
v 0.346271 0.426586 -1.226026
v 0.278337 0.271703 -1.305690
v 0.346788 0.425406 -1.349043
v 0.305556 0.234797 -1.056220
v 0.278331 0.271715 -1.056220
v -0.490832 0.277381 -1.228117
v -0.471883 0.269902 -1.267418
v -0.490462 0.258604 -1.229154
v -0.462778 0.264256 -1.246064
v -0.464231 0.280002 -1.285660
v -0.452034 0.278269 -1.278935
v -0.458637 0.263050 -1.297896
v -0.484877 0.274251 -1.328722
v -0.468417 0.269284 -1.339005
v -0.497043 0.284583 -1.343795
v -0.485072 0.283757 -1.351096
v -0.537599 0.273230 -1.351656
v -0.545449 0.275006 -1.367792
v -0.563137 0.289120 -1.344526
v -0.563615 0.289212 -1.358522
v -0.591047 0.277698 -1.314083
v -0.608957 0.280758 -1.314945
v -0.596621 0.293618 -1.288236
v -0.608974 0.294635 -1.294576
v -0.585294 0.282199 -1.248486
v -0.594569 0.286536 -1.233250
v -0.565023 0.298082 -1.231495
v -0.576351 0.300027 -1.223851
v -0.525175 0.286738 -1.220297
v -0.534512 0.292813 -1.205994
v -0.501048 0.306251 -1.225008
v -0.493792 0.295686 -1.215110
v -0.470106 0.291316 -1.258431
v -0.463018 0.298560 -1.243320
v -0.463351 0.310991 -1.282408
v -0.450393 0.301436 -1.283126
v -0.475384 0.295937 -1.325824
v -0.459288 0.304312 -1.323935
v -0.494045 0.315676 -1.343002
v -0.487337 0.307188 -1.354879
v -0.536831 0.300602 -1.355516
v -0.527069 0.310063 -1.367726
v -0.561155 0.320308 -1.346515
v -0.567903 0.312937 -1.359065
v -0.594036 0.305314 -1.317079
v -0.598972 0.315810 -1.331219
v -0.597262 0.324888 -1.290659
v -0.612022 0.318680 -1.291622
v -0.598613 0.311234 -1.247743
v -0.580766 0.313692 -1.244253
v -0.590451 0.324983 -1.229048
v -0.567144 0.329419 -1.232096
v -0.530981 0.316646 -1.208437
v -0.519165 0.318186 -1.222170
v -0.510653 0.330744 -1.207178
v -0.501980 0.333905 -1.229011
v -0.462742 0.322090 -1.247689
v -0.468697 0.322719 -1.264760
v -0.452321 0.336477 -1.265341
v -0.467087 0.338347 -1.283455
v -0.462637 0.327567 -1.326892
v -0.480373 0.327296 -1.330419
v -0.470590 0.343895 -1.336676
v -0.496585 0.342751 -1.340411
v -0.506063 0.337982 -1.366215
v -0.531593 0.331005 -1.364814
v -0.546806 0.335219 -1.348332
v -0.543934 0.349276 -1.363751
v -0.563940 0.350637 -1.345747
v -0.587144 0.343771 -1.348646
v -0.599479 0.336388 -1.325970
v -0.593073 0.338441 -1.307191
v -0.603623 0.354620 -1.314127
v -0.594320 0.352198 -1.280942
v -0.612756 0.349556 -1.269778
v -0.595044 0.339703 -1.247228
v -0.590490 0.359929 -1.238201
v -0.557615 0.356468 -1.229661
v -0.557559 0.355331 -1.208026
v -0.529071 0.344823 -1.211087
v -0.518637 0.365203 -1.212012
v -0.495169 0.360718 -1.235650
v -0.476570 0.361091 -1.224616
v -0.463992 0.349996 -1.250440
v -0.460704 0.370445 -1.261030
v -0.469095 0.364951 -1.292421
v -0.450217 0.366830 -1.302749
v -0.465473 0.355221 -1.327289
v -0.474551 0.375652 -1.335023
v -0.504965 0.369173 -1.343340
v -0.495747 0.366428 -1.360609
v -0.549805 0.361635 -1.359775
v -0.533831 0.378735 -1.364103
v -0.566897 0.373389 -1.337944
v -0.577815 0.372310 -1.354348
v -0.604460 0.366912 -1.307099
v -0.598957 0.384016 -1.323037
v -0.593360 0.377602 -1.281741
v -0.612995 0.378196 -1.279895
v -0.585639 0.372225 -1.232929
v -0.595876 0.389285 -1.246543
v -0.558075 0.381816 -1.230582
v -0.558888 0.386601 -1.209423
v -0.511346 0.377570 -1.212314
v -0.515859 0.396036 -1.217138
v -0.496016 0.386035 -1.235366
v -0.478482 0.392294 -1.224261
v -0.456142 0.382948 -1.266921
v -0.463765 0.400985 -1.266186
v -0.468886 0.390265 -1.291571
v -0.450961 0.397958 -1.300956
v -0.476145 0.388357 -1.342493
v -0.480527 0.405865 -1.334857
v -0.503992 0.394509 -1.343461
v -0.503220 0.403592 -1.363056
v -0.552106 0.393798 -1.362984
v -0.547665 0.410676 -1.354039
v -0.566802 0.398773 -1.339119
v -0.581557 0.411545 -1.347901
v -0.601609 0.403871 -1.331416
v -0.606002 0.397379 -1.306603
v -0.597048 0.415421 -1.305872
v -0.594704 0.403062 -1.282256
v -0.608735 0.416958 -1.274097
v -0.605279 0.409658 -1.248561
v -0.586209 0.402722 -1.231570
v -0.580074 0.420104 -1.239839
v -0.558066 0.405892 -1.226039
v -0.558813 0.422333 -1.214040
v -0.525934 0.420740 -1.222780
v -0.535507 0.415447 -1.203676
v -0.510790 0.408101 -1.211053
v -0.487941 0.412584 -1.239554
v -0.481070 0.425799 -1.225384
v -0.453243 0.415888 -1.265804
v -0.467480 0.429311 -1.268487
v -0.468181 0.417015 -1.300962
v -0.453487 0.431268 -1.299523
v -0.473594 0.421493 -1.344050
v -0.483865 0.433845 -1.332485
v -0.511897 0.421487 -1.349156
v -0.503624 0.436705 -1.360083
v -0.551811 0.427131 -1.365863
v -0.546868 0.438341 -1.350258
v -0.576065 0.426005 -1.335189
v -0.580621 0.442111 -1.346914
v -0.610215 0.432798 -1.308995
v -0.593483 0.442804 -1.305079
v -0.596153 0.430571 -1.271988
v -0.604438 0.448682 -1.273447
v -0.605561 0.441055 -1.250338
v -0.577961 0.447237 -1.242554
v -0.560286 0.434437 -1.216048
v -0.549476 0.443492 -1.227403
v -0.557777 0.452827 -1.215109
v -0.489256 0.439057 -1.224973
v -0.514187 0.446229 -1.207692
v -0.496106 0.448708 -1.237113
v -0.489776 0.458029 -1.224676
v 0.490832 0.277381 -1.228117
v 0.490462 0.258604 -1.229154
v 0.471883 0.269902 -1.267418
v 0.462778 0.264256 -1.246064
v 0.464231 0.280002 -1.285660
v 0.452034 0.278269 -1.278935
v 0.458637 0.263050 -1.297896
v 0.484877 0.274251 -1.328722
v 0.468417 0.269284 -1.339005
v 0.497043 0.284583 -1.343795
v 0.485072 0.283757 -1.351096
v 0.537599 0.273230 -1.351656
v 0.545449 0.275006 -1.367792
v 0.563137 0.289120 -1.344526
v 0.563615 0.289212 -1.358522
v 0.591047 0.277698 -1.314083
v 0.608957 0.280758 -1.314945
v 0.596621 0.293618 -1.288236
v 0.608974 0.294635 -1.294576
v 0.585294 0.282199 -1.248486
v 0.594569 0.286536 -1.233250
v 0.565023 0.298082 -1.231495
v 0.576351 0.300027 -1.223851
v 0.525175 0.286738 -1.220297
v 0.534512 0.292813 -1.205994
v 0.501048 0.306251 -1.225008
v 0.493792 0.295686 -1.215110
v 0.470106 0.291316 -1.258431
v 0.463018 0.298560 -1.243320
v 0.463351 0.310991 -1.282408
v 0.450393 0.301436 -1.283126
v 0.475384 0.295937 -1.325824
v 0.459288 0.304312 -1.323935
v 0.494045 0.315676 -1.343002
v 0.487337 0.307188 -1.354879
v 0.536831 0.300602 -1.355516
v 0.527069 0.310063 -1.367726
v 0.561155 0.320308 -1.346515
v 0.567903 0.312937 -1.359065
v 0.594036 0.305314 -1.317079
v 0.598972 0.315810 -1.331219
v 0.597262 0.324888 -1.290659
v 0.612022 0.318680 -1.291622
v 0.598613 0.311234 -1.247743
v 0.580766 0.313692 -1.244253
v 0.590451 0.324983 -1.229048
v 0.567144 0.329419 -1.232096
v 0.530981 0.316646 -1.208437
v 0.519165 0.318186 -1.222170
v 0.510653 0.330744 -1.207178
v 0.501980 0.333905 -1.229011
v 0.462742 0.322090 -1.247689
v 0.468697 0.322719 -1.264760
v 0.452321 0.336477 -1.265341
v 0.467087 0.338347 -1.283455
v 0.462637 0.327567 -1.326892
v 0.480373 0.327296 -1.330419
v 0.470590 0.343895 -1.336676
v 0.496585 0.342751 -1.340411
v 0.506063 0.337982 -1.366215
v 0.531593 0.331005 -1.364814
v 0.546806 0.335219 -1.348332
v 0.549404 0.350921 -1.358856
v 0.587144 0.343771 -1.348646
v 0.599479 0.336388 -1.325970
v 0.593073 0.338441 -1.307191
v 0.603623 0.354620 -1.314127
v 0.594320 0.352198 -1.280942
v 0.612756 0.349556 -1.269778
v 0.595044 0.339703 -1.247228
v 0.590490 0.359929 -1.238201
v 0.557615 0.356468 -1.229661
v 0.557559 0.355331 -1.208026
v 0.529071 0.344823 -1.211087
v 0.518637 0.365203 -1.212012
v 0.495169 0.360718 -1.235650
v 0.476570 0.361091 -1.224616
v 0.463992 0.349996 -1.250440
v 0.460704 0.370445 -1.261030
v 0.469095 0.364951 -1.292421
v 0.450217 0.366830 -1.302749
v 0.465473 0.355221 -1.327289
v 0.474551 0.375652 -1.335023
v 0.504965 0.369173 -1.343340
v 0.495747 0.366428 -1.360609
v 0.549805 0.361635 -1.359775
v 0.533831 0.378735 -1.364103
v 0.566897 0.373389 -1.337944
v 0.577815 0.372310 -1.354348
v 0.604460 0.366912 -1.307099
v 0.598957 0.384016 -1.323037
v 0.593360 0.377602 -1.281741
v 0.612995 0.378196 -1.279895
v 0.585639 0.372225 -1.232929
v 0.595876 0.389285 -1.246543
v 0.558075 0.381816 -1.230582
v 0.558888 0.386601 -1.209423
v 0.511346 0.377570 -1.212314
v 0.515859 0.396036 -1.217138
v 0.496016 0.386035 -1.235366
v 0.478482 0.392294 -1.224261
v 0.456142 0.382948 -1.266921
v 0.463765 0.400985 -1.266186
v 0.468886 0.390265 -1.291571
v 0.450961 0.397958 -1.300956
v 0.476145 0.388357 -1.342493
v 0.480527 0.405865 -1.334857
v 0.503992 0.394509 -1.343461
v 0.503220 0.403592 -1.363056
v 0.552106 0.393798 -1.362984
v 0.547665 0.410676 -1.354039
v 0.566802 0.398773 -1.339119
v 0.581557 0.411545 -1.347901
v 0.601609 0.403871 -1.331416
v 0.606002 0.397379 -1.306603
v 0.597048 0.415421 -1.305872
v 0.594704 0.403062 -1.282256
v 0.608735 0.416958 -1.274097
v 0.605279 0.409658 -1.248561
v 0.586209 0.402722 -1.231570
v 0.580074 0.420104 -1.239839
v 0.558066 0.405892 -1.226039
v 0.558813 0.422333 -1.214040
v 0.525934 0.420740 -1.222780
v 0.535507 0.415447 -1.203676
v 0.510790 0.408101 -1.211053
v 0.487941 0.412584 -1.239554
v 0.481070 0.425799 -1.225384
v 0.453243 0.415888 -1.265804
v 0.467480 0.429311 -1.268487
v 0.468181 0.417015 -1.300962
v 0.453487 0.431268 -1.299523
v 0.473594 0.421493 -1.344050
v 0.483865 0.433845 -1.332485
v 0.511897 0.421487 -1.349156
v 0.503624 0.436705 -1.360083
v 0.551811 0.427131 -1.365863
v 0.546868 0.438341 -1.350258
v 0.576065 0.426005 -1.335189
v 0.580621 0.442111 -1.346914
v 0.610215 0.432798 -1.308995
v 0.593483 0.442804 -1.305079
v 0.596153 0.430571 -1.271988
v 0.604438 0.448682 -1.273447
v 0.605561 0.441055 -1.250338
v 0.577961 0.447237 -1.242554
v 0.560286 0.434437 -1.216048
v 0.549476 0.443492 -1.227403
v 0.557777 0.452827 -1.215109
v 0.514187 0.446229 -1.207692
v 0.489256 0.439057 -1.224973
v 0.496106 0.448708 -1.237113
v 0.489776 0.458029 -1.224676
v -0.745709 0.386473 -1.174476
v -0.744246 0.373870 -1.202332
v -0.758641 0.361813 -1.151538
v -0.785247 0.376821 -1.140777
v -0.789423 0.331485 -1.131736
v -0.794657 0.329706 -1.098422
v -0.787987 0.396461 -1.113234
v -0.734542 0.331443 -1.221721
v -0.742885 0.321111 -1.214470
v -0.753847 0.295907 -1.152983
v -0.757566 0.314978 -1.158508
v -0.740152 0.425552 -1.217797
v -0.754670 0.433096 -1.164906
v -0.769351 0.263743 -1.134486
v -0.755345 0.249884 -1.186228
v -0.771773 0.393218 -1.108039
v -0.728697 0.324949 -1.272166
v -0.777827 0.319935 -1.095990
v -0.784125 0.292485 -1.156343
v -0.786517 0.265075 -1.136473
v -0.772455 0.282667 -1.200184
v -0.773072 0.249537 -1.188923
v -0.761250 0.307783 -1.237578
v -0.759497 0.261325 -1.235181
v -0.757074 0.353119 -1.246619
v -0.746133 0.323180 -1.277520
v -0.762372 0.392119 -1.222011
v -0.746315 0.390130 -1.265661
v -0.774042 0.401937 -1.178170
v -0.770493 0.435064 -1.171702
v -0.756769 0.427211 -1.222607
v -0.802049 0.353407 -1.138618
v -0.792589 0.286754 -1.183252
v -0.799810 0.310487 -1.146320
v -0.781618 0.295796 -1.224421
v -0.774123 0.374852 -1.238518
v -0.771177 0.331432 -1.247760
v -0.794606 0.390163 -1.161828
v -0.780898 0.399778 -1.203048
v -0.732116 0.396970 -1.256693
v -0.742129 0.265641 -1.238101
v -0.706478 0.498752 -1.172945
v -0.717170 0.332718 -1.154719
v -0.706843 0.347593 -1.190380
v -0.749657 0.402667 -1.031662
v -0.754528 0.342237 -1.019605
v -0.737948 0.453642 -1.064829
v -0.691628 0.485614 -1.231733
v -0.678435 0.450840 -1.281065
v -0.676873 0.277539 -1.314053
v -0.670721 0.337836 -1.325462
v -0.686969 0.226391 -1.280474
v -0.734916 0.194507 -1.113688
v -0.718484 0.181626 -1.171814
v -0.746305 0.229609 -1.063908
v -0.723695 0.487252 -1.114710
v -0.672240 0.398713 -1.314183
v -0.702849 0.192727 -1.230982
v -0.754304 0.281408 -1.031239
v -0.784423 0.342914 -1.027352
v -0.778889 0.403516 -1.039259
v -0.767856 0.454689 -1.072342
v -0.708289 0.452094 -1.289068
v -0.736451 0.499876 -1.180753
v -0.720791 0.487116 -1.239492
v -0.716750 0.227691 -1.288798
v -0.700350 0.339384 -1.334056
v -0.705915 0.278991 -1.322046
v -0.748318 0.182255 -1.180590
v -0.763982 0.195182 -1.121916
v -0.776346 0.230033 -1.072135
v -0.752927 0.488463 -1.122257
v -0.701305 0.400263 -1.322290
v -0.731828 0.194058 -1.239221
v -0.783467 0.282035 -1.039118
v 0.740266 0.391059 -1.160661
v 0.743611 0.361627 -1.157627
v 0.762284 0.374387 -1.199931
v 0.754944 0.362488 -1.121669
v 0.741663 0.378423 -1.099092
v 0.735383 0.326730 -1.092565
v 0.759255 0.422033 -1.132864
v 0.771449 0.375240 -1.238444
v 0.765729 0.325550 -1.216117
v 0.757432 0.287037 -1.220104
v 0.745400 0.308363 -1.169940
v 0.733752 0.320313 -1.154385
v 0.765126 0.247936 -1.178119
v 0.787037 0.260541 -1.224958
v 0.747910 0.262368 -1.131603
v 0.757251 0.434364 -1.170084
v 0.783397 0.416446 -1.234514
v 0.794109 0.357871 -1.269308
v 0.782819 0.285343 -1.254872
v 0.759268 0.250448 -1.205373
v 0.730289 0.266874 -1.134445
v 0.730866 0.397977 -1.114087
v 0.719642 0.325443 -1.099624
v 0.756255 0.296917 -1.136572
v 0.776444 0.280587 -1.186874
v 0.793334 0.305046 -1.222527
v 0.803312 0.302692 -1.256557
v 0.809826 0.354368 -1.262985
v 0.800152 0.350156 -1.231084
v 0.802733 0.403596 -1.238275
v 0.792905 0.389492 -1.207531
v 0.787730 0.431016 -1.198314
v 0.775837 0.400013 -1.165666
v 0.769500 0.350860 -1.118737
v 0.767174 0.307981 -1.126981
v 0.782059 0.283494 -1.161013
v 0.797617 0.290688 -1.201407
v 0.811182 0.327628 -1.222165
v 0.809187 0.370923 -1.215317
v 0.797899 0.395156 -1.179754
v 0.778745 0.388216 -1.140890
v 0.656306 0.348816 -1.054720
v 0.710809 0.352933 -1.183522
v 0.718019 0.323227 -1.204938
v 0.724608 0.358710 -1.214547
v 0.666184 0.409058 -1.065553
v 0.682332 0.459599 -1.097650
v 0.753027 0.488660 -1.256684
v 0.770029 0.452891 -1.304298
v 0.729611 0.502837 -1.200951
v 0.771742 0.279514 -1.335321
v 0.753811 0.229224 -1.303869
v 0.779896 0.339640 -1.346865
v 0.684955 0.199993 -1.144479
v 0.666463 0.235547 -1.097459
v 0.707180 0.185900 -1.200718
v 0.705757 0.492215 -1.144977
v 0.780358 0.400556 -1.335527
v 0.732378 0.196285 -1.256402
v 0.657611 0.287835 -1.065479
v 0.684676 0.346661 -1.042682
v 0.710719 0.457220 -1.085172
v 0.693843 0.406742 -1.053760
v 0.780703 0.487122 -1.244658
v 0.757816 0.500822 -1.188562
v 0.798432 0.451513 -1.292233
v 0.799661 0.277792 -1.323898
v 0.808703 0.338093 -1.335165
v 0.782673 0.227180 -1.292347
v 0.735690 0.183943 -1.189137
v 0.695136 0.233249 -1.085536
v 0.712764 0.197622 -1.132902
v 0.733327 0.490391 -1.132749
v 0.808179 0.399060 -1.323834
v 0.760191 0.194575 -1.244871
v 0.685379 0.285608 -1.053929
v -0.748125 0.386779 1.043505
v -0.753632 0.374287 1.016108
v -0.753632 0.361608 1.068757
v -0.777346 0.291517 1.069848
v -0.772166 0.266064 1.091076
v -0.773519 0.316867 1.124139
v -0.777410 0.330139 1.095371
v -0.777302 0.375441 1.086184
v -0.772110 0.362640 1.127365
v -0.772955 0.418178 1.087891
v -0.748125 0.314934 0.998922
v -0.753632 0.321638 1.003428
v -0.752752 0.314859 1.061206
v -0.746296 0.316680 1.093680
v -0.756294 0.288533 1.113049
v -0.756421 0.256125 1.001110
v -0.755898 0.409183 0.973610
v -0.755790 0.418171 1.091097
v -0.757102 0.433716 1.018211
v -0.756424 0.291392 0.956726
v -0.757211 0.361724 0.944027
v -0.757211 0.249553 1.056182
v -0.757208 0.357486 1.128992
v -0.777346 0.282325 1.024531
v -0.773253 0.249914 1.041090
v -0.777346 0.307868 0.985987
v -0.772956 0.265067 0.984295
v -0.777346 0.353184 0.976795
v -0.772556 0.323831 0.944057
v -0.777346 0.391728 1.002338
v -0.772956 0.393421 0.959537
v -0.777346 0.400921 1.047655
v -0.772556 0.433658 1.018301
v -0.792680 0.309305 1.082822
v -0.792034 0.294651 1.003516
v -0.790076 0.284453 1.046778
v -0.791742 0.331702 0.979593
v -0.792034 0.397872 1.025914
v -0.790076 0.374492 0.988113
v -0.792034 0.351801 1.092342
v -0.790076 0.389603 1.068963
v -0.744695 0.402721 1.182655
v -0.643209 0.402442 1.182923
v -0.643209 0.454131 1.148602
v -0.744795 0.454283 1.148236
v -0.744695 0.341973 1.195064
v -0.643209 0.341623 1.195204
v -0.744695 0.281191 1.182932
v -0.643209 0.280803 1.182924
v -0.639495 0.333796 1.047644
v -0.744695 0.229461 1.148750
v -0.643209 0.229114 1.148602
v -0.744695 0.194784 0.975661
v -0.643209 0.194792 0.975274
v -0.643209 0.182511 1.036093
v -0.744794 0.182664 1.036455
v -0.744672 0.228924 0.924003
v -0.643209 0.229114 0.923584
v -0.744695 0.402055 0.889254
v -0.643209 0.402442 0.889262
v -0.643209 0.341623 0.876981
v -0.744695 0.341272 0.877122
v -0.744672 0.453713 0.923394
v -0.643209 0.454131 0.923584
v -0.744694 0.488463 1.096518
v -0.643209 0.488453 1.096912
v -0.643209 0.500734 1.036093
v -0.744695 0.500593 1.035743
v -0.744695 0.195060 1.097192
v -0.643209 0.194792 1.096912
v -0.744695 0.280524 0.889530
v -0.643209 0.280803 0.889262
v -0.744695 0.488185 0.974994
v -0.643209 0.488453 0.975274
v -0.639628 0.350280 1.023374
v 0.748125 0.386779 1.043505
v 0.753632 0.361608 1.068757
v 0.753632 0.374287 1.016108
v 0.777427 0.341942 1.098190
v 0.772765 0.326725 1.127972
v 0.772765 0.266120 1.090527
v 0.777348 0.291593 1.069956
v 0.777434 0.399116 1.059545
v 0.772765 0.396056 1.111596
v 0.748125 0.314934 0.998922
v 0.753632 0.321638 1.003428
v 0.752752 0.314859 1.061206
v 0.746296 0.316680 1.093680
v 0.755951 0.433230 1.056277
v 0.755951 0.420671 0.985589
v 0.755951 0.361807 0.944486
v 0.755951 0.291119 0.957044
v 0.755951 0.250016 1.015909
v 0.755951 0.262575 1.086597
v 0.755951 0.392126 1.115141
v 0.755951 0.321438 1.127700
v 0.772765 0.249744 1.021195
v 0.777348 0.282301 1.024662
v 0.772765 0.287189 0.960590
v 0.777348 0.307759 0.986063
v 0.772765 0.356521 0.944214
v 0.777348 0.353054 0.976771
v 0.772765 0.417125 0.981659
v 0.777348 0.391652 1.002229
v 0.772765 0.433502 1.050991
v 0.792680 0.309305 1.082822
v 0.790076 0.284453 1.046778
v 0.792034 0.294651 1.003516
v 0.791742 0.331702 0.979593
v 0.790076 0.374492 0.988113
v 0.792034 0.397872 1.025914
v 0.790076 0.389603 1.068963
v 0.792034 0.351801 1.092342
v 0.640587 0.341623 1.193838
v 0.639495 0.341635 1.052036
v 0.640587 0.281326 1.181662
v 0.640587 0.183878 1.036093
v 0.639475 0.341611 1.020477
v 0.640587 0.196053 0.975796
v 0.640587 0.230080 1.147636
v 0.640587 0.341623 0.878348
v 0.640587 0.401920 0.890523
v 0.640587 0.230080 0.924550
v 0.640587 0.499368 1.036093
v 0.640587 0.487192 1.096390
v 0.640587 0.453165 0.924550
v 0.640587 0.196053 1.096390
v 0.640587 0.453165 1.147636
v 0.640587 0.281326 0.890523
v 0.640587 0.487192 0.975796
v 0.640587 0.401919 1.181662
v 0.744680 0.402434 1.182903
v 0.744688 0.341281 1.195114
v 0.744796 0.454002 1.148484
v 0.744671 0.454280 0.923882
v 0.744688 0.488504 0.975634
v 0.744694 0.500572 1.036085
v 0.744671 0.229412 0.923435
v 0.744688 0.281163 0.889211
v 0.744694 0.341614 0.877143
v 0.744795 0.182688 1.036093
v 0.744688 0.228936 1.148296
v 0.744688 0.194741 1.096552
v 0.744682 0.488436 1.096900
v 0.744682 0.402430 0.889279
v 0.744682 0.194809 0.975286
v 0.744688 0.280513 1.182705
v -0.640000 0.550000 -0.120000
v 0.640000 0.550000 -0.120000
v 0.640000 1.390000 -0.120000
v -0.640000 1.390000 -0.120000
v -0.640000 0.550000 1.380000
v 0.640000 0.550000 1.380000
v 0.640000 1.390000 1.380000
v -0.640000 1.390000 1.380000
v 0.809000 0.714000 1.890000
v 0.809000 0.714000 1.878000
v 0.809000 0.752000 1.890000
v 0.809000 0.752000 1.878000
v 0.631000 0.714000 1.890000
v 0.631000 0.714000 1.878000
v 0.631000 0.752000 1.890000
v 0.631000 0.752000 1.878000
v -0.631000 0.714000 1.890000
v -0.631000 0.714000 1.878000
v -0.631000 0.752000 1.890000
v -0.631000 0.752000 1.878000
v -0.809000 0.714000 1.890000
v -0.809000 0.714000 1.878000
v -0.809000 0.752000 1.890000
v -0.809000 0.752000 1.878000
v 0.809000 0.837000 1.889500
v 0.809000 0.837000 1.876500
v 0.809000 0.889000 1.889500
v 0.809000 0.889000 1.876500
v 0.631000 0.837000 1.889500
v 0.631000 0.837000 1.876500
v 0.631000 0.889000 1.889500
v 0.631000 0.889000 1.876500
v -0.631000 0.837000 1.889500
v -0.631000 0.837000 1.876500
v -0.631000 0.889000 1.889500
v -0.631000 0.889000 1.876500
v -0.809000 0.837000 1.889500
v -0.809000 0.837000 1.876500
v -0.809000 0.889000 1.889500
v -0.809000 0.889000 1.876500
v 0.822000 0.672500 1.879500
v 0.822000 0.672500 1.832500
v 0.822000 0.907500 1.879500
v 0.822000 0.907500 1.832500
v 0.618000 0.672500 1.879500
v 0.618000 0.672500 1.832500
v 0.618000 0.907500 1.879500
v 0.618000 0.907500 1.832500
v -0.618000 0.672500 1.879500
v -0.618000 0.672500 1.832500
v -0.618000 0.907500 1.879500
v -0.618000 0.907500 1.832500
v -0.822000 0.672500 1.879500
v -0.822000 0.672500 1.832500
v -0.822000 0.907500 1.879500
v -0.822000 0.907500 1.832500
v 0.568500 1.057000 -1.918000
v 0.568500 1.057000 -1.922000
v 0.568500 1.081000 -1.918000
v 0.568500 1.081000 -1.922000
v 0.495500 1.057000 -1.918000
v 0.495500 1.057000 -1.922000
v 0.495500 1.081000 -1.918000
v 0.495500 1.081000 -1.922000
v -0.495500 1.057000 -1.918000
v -0.495500 1.057000 -1.922000
v -0.495500 1.081000 -1.918000
v -0.495500 1.081000 -1.922000
v -0.568500 1.057000 -1.918000
v -0.568500 1.057000 -1.922000
v -0.568500 1.081000 -1.918000
v -0.568500 1.081000 -1.922000
v 0.716000 0.993500 -1.888000
v 0.716000 0.993500 -1.914000
v 0.716000 1.096500 -1.888000
v 0.716000 1.096500 -1.914000
v 0.458000 0.993500 -1.888000
v 0.458000 0.993500 -1.914000
v 0.458000 1.096500 -1.888000
v 0.458000 1.096500 -1.914000
v -0.458000 0.993500 -1.888000
v -0.458000 0.993500 -1.914000
v -0.458000 1.096500 -1.888000
v -0.458000 1.096500 -1.914000
v -0.716000 0.993500 -1.888000
v -0.716000 0.993500 -1.914000
v -0.716000 1.096500 -1.888000
v -0.716000 1.096500 -1.914000
v 0.539000 0.874000 -1.938500
v 0.497000 0.874000 -1.938500
v 0.497000 0.874000 -1.947500
v 0.539000 0.874000 -1.947500
v 0.502627 0.895000 -1.938500
v 0.502627 0.895000 -1.947500
v 0.518000 0.910373 -1.938500
v 0.518000 0.910373 -1.947500
v 0.539000 0.916000 -1.938500
v 0.539000 0.916000 -1.947500
v 0.560000 0.910373 -1.938500
v 0.560000 0.910373 -1.947500
v 0.575373 0.895000 -1.938500
v 0.575373 0.895000 -1.947500
v 0.581000 0.874000 -1.938500
v 0.581000 0.874000 -1.947500
v 0.575373 0.853000 -1.938500
v 0.575373 0.853000 -1.947500
v 0.560000 0.837627 -1.938500
v 0.560000 0.837627 -1.947500
v 0.539000 0.832000 -1.938500
v 0.539000 0.832000 -1.947500
v 0.518000 0.837627 -1.938500
v 0.518000 0.837627 -1.947500
v 0.502627 0.853000 -1.938500
v 0.502627 0.853000 -1.947500
v -0.539000 0.874000 -1.938500
v -0.581000 0.874000 -1.938500
v -0.581000 0.874000 -1.947500
v -0.539000 0.874000 -1.947500
v -0.575373 0.895000 -1.938500
v -0.575373 0.895000 -1.947500
v -0.560000 0.910373 -1.938500
v -0.560000 0.910373 -1.947500
v -0.539000 0.916000 -1.938500
v -0.539000 0.916000 -1.947500
v -0.518000 0.910373 -1.938500
v -0.518000 0.910373 -1.947500
v -0.502627 0.895000 -1.938500
v -0.502627 0.895000 -1.947500
v -0.497000 0.874000 -1.938500
v -0.497000 0.874000 -1.947500
v -0.502627 0.853000 -1.938500
v -0.502627 0.853000 -1.947500
v -0.518000 0.837627 -1.938500
v -0.518000 0.837627 -1.947500
v -0.539000 0.832000 -1.938500
v -0.539000 0.832000 -1.947500
v -0.560000 0.837627 -1.938500
v -0.560000 0.837627 -1.947500
v -0.575373 0.853000 -1.938500
v -0.575373 0.853000 -1.947500
v 0.220000 0.486500 -1.943000
v 0.220000 0.486500 -1.955000
v 0.220000 0.599500 -1.943000
v 0.220000 0.599500 -1.955000
v -0.220000 0.486500 -1.943000
v -0.220000 0.486500 -1.955000
v -0.220000 0.599500 -1.943000
v -0.220000 0.599500 -1.955000
v 0.587000 0.826000 -1.922000
v 0.437000 0.826000 -1.922000
v 0.437000 0.826000 -1.940000
v 0.587000 0.826000 -1.940000
v 0.442111 0.864823 -1.922000
v 0.442111 0.864823 -1.940000
v 0.457096 0.901000 -1.922000
v 0.457096 0.901000 -1.940000
v 0.480934 0.932066 -1.922000
v 0.480934 0.932066 -1.940000
v 0.512000 0.955904 -1.922000
v 0.512000 0.955904 -1.940000
v 0.548177 0.970889 -1.922000
v 0.548177 0.970889 -1.940000
v 0.587000 0.976000 -1.922000
v 0.587000 0.976000 -1.940000
v 0.625823 0.970889 -1.922000
v 0.625823 0.970889 -1.940000
v 0.662000 0.955904 -1.922000
v 0.662000 0.955904 -1.940000
v 0.693066 0.932066 -1.922000
v 0.693066 0.932066 -1.940000
v 0.716904 0.901000 -1.922000
v 0.716904 0.901000 -1.940000
v 0.731889 0.864823 -1.922000
v 0.731889 0.864823 -1.940000
v 0.737000 0.826000 -1.922000
v 0.737000 0.826000 -1.940000
v 0.731889 0.787177 -1.922000
v 0.731889 0.787177 -1.940000
v 0.716904 0.751000 -1.922000
v 0.716904 0.751000 -1.940000
v 0.693066 0.719934 -1.922000
v 0.693066 0.719934 -1.940000
v 0.662000 0.696096 -1.922000
v 0.662000 0.696096 -1.940000
v 0.625823 0.681111 -1.922000
v 0.625823 0.681111 -1.940000
v 0.587000 0.676000 -1.922000
v 0.587000 0.676000 -1.940000
v 0.548177 0.681111 -1.922000
v 0.548177 0.681111 -1.940000
v 0.512000 0.696096 -1.922000
v 0.512000 0.696096 -1.940000
v 0.480934 0.719934 -1.922000
v 0.480934 0.719934 -1.940000
v 0.457096 0.751000 -1.922000
v 0.457096 0.751000 -1.940000
v 0.442111 0.787177 -1.922000
v 0.442111 0.787177 -1.940000
v -0.587000 0.826000 -1.922000
v -0.737000 0.826000 -1.922000
v -0.737000 0.826000 -1.940000
v -0.587000 0.826000 -1.940000
v -0.731889 0.864823 -1.922000
v -0.731889 0.864823 -1.940000
v -0.716904 0.901000 -1.922000
v -0.716904 0.901000 -1.940000
v -0.693066 0.932066 -1.922000
v -0.693066 0.932066 -1.940000
v -0.662000 0.955904 -1.922000
v -0.662000 0.955904 -1.940000
v -0.625823 0.970889 -1.922000
v -0.625823 0.970889 -1.940000
v -0.587000 0.976000 -1.922000
v -0.587000 0.976000 -1.940000
v -0.548177 0.970889 -1.922000
v -0.548177 0.970889 -1.940000
v -0.512000 0.955904 -1.922000
v -0.512000 0.955904 -1.940000
v -0.480934 0.932066 -1.922000
v -0.480934 0.932066 -1.940000
v -0.457096 0.901000 -1.922000
v -0.457096 0.901000 -1.940000
v -0.442111 0.864823 -1.922000
v -0.442111 0.864823 -1.940000
v -0.437000 0.826000 -1.922000
v -0.437000 0.826000 -1.940000
v -0.442111 0.787177 -1.922000
v -0.442111 0.787177 -1.940000
v -0.457096 0.751000 -1.922000
v -0.457096 0.751000 -1.940000
v -0.480934 0.719934 -1.922000
v -0.480934 0.719934 -1.940000
v -0.512000 0.696096 -1.922000
v -0.512000 0.696096 -1.940000
v -0.548177 0.681111 -1.922000
v -0.548177 0.681111 -1.940000
v -0.587000 0.676000 -1.922000
v -0.587000 0.676000 -1.940000
v -0.625823 0.681111 -1.922000
v -0.625823 0.681111 -1.940000
v -0.662000 0.696096 -1.922000
v -0.662000 0.696096 -1.940000
v -0.693066 0.719934 -1.922000
v -0.693066 0.719934 -1.940000
v -0.716904 0.751000 -1.922000
v -0.716904 0.751000 -1.940000
v -0.731889 0.787177 -1.922000
v -0.731889 0.787177 -1.940000
v 0.401000 0.826000 -1.902000
v 0.407338 0.874140 -1.902000
v 0.425919 0.919000 -1.902000
v 0.455478 0.957522 -1.902000
v 0.494000 0.987081 -1.902000
v 0.538860 1.005662 -1.902000
v 0.587000 1.012000 -1.902000
v 0.635140 1.005662 -1.902000
v 0.680000 0.987081 -1.902000
v 0.718522 0.957522 -1.902000
v 0.748081 0.919000 -1.902000
v 0.766662 0.874140 -1.902000
v 0.773000 0.826000 -1.902000
v 0.766662 0.777860 -1.902000
v 0.748081 0.733000 -1.902000
v 0.718522 0.694478 -1.902000
v 0.680000 0.664919 -1.902000
v 0.635140 0.646338 -1.902000
v 0.587000 0.640000 -1.902000
v 0.538860 0.646338 -1.902000
v 0.494000 0.664919 -1.902000
v 0.455478 0.694478 -1.902000
v 0.425919 0.733000 -1.902000
v 0.407338 0.777860 -1.902000
v 0.439000 0.826000 -1.902000
v 0.444043 0.864305 -1.902000
v 0.458828 0.900000 -1.902000
v 0.482348 0.930652 -1.902000
v 0.513000 0.954172 -1.902000
v 0.548695 0.968957 -1.902000
v 0.587000 0.974000 -1.902000
v 0.625305 0.968957 -1.902000
v 0.661000 0.954172 -1.902000
v 0.691652 0.930652 -1.902000
v 0.715172 0.900000 -1.902000
v 0.729957 0.864305 -1.902000
v 0.735000 0.826000 -1.902000
v 0.729957 0.787695 -1.902000
v 0.715172 0.752000 -1.902000
v 0.691652 0.721348 -1.902000
v 0.661000 0.697828 -1.902000
v 0.625305 0.683043 -1.902000
v 0.587000 0.678000 -1.902000
v 0.548695 0.683043 -1.902000
v 0.513000 0.697828 -1.902000
v 0.482348 0.721348 -1.902000
v 0.458828 0.752000 -1.902000
v 0.444043 0.787695 -1.902000
v 0.401000 0.826000 -1.930000
v 0.407338 0.874140 -1.930000
v 0.425919 0.919000 -1.930000
v 0.455478 0.957522 -1.930000
v 0.494000 0.987081 -1.930000
v 0.538860 1.005662 -1.930000
v 0.587000 1.012000 -1.930000
v 0.635140 1.005662 -1.930000
v 0.680000 0.987081 -1.930000
v 0.718522 0.957522 -1.930000
v 0.748081 0.919000 -1.930000
v 0.766662 0.874140 -1.930000
v 0.773000 0.826000 -1.930000
v 0.766662 0.777860 -1.930000
v 0.748081 0.733000 -1.930000
v 0.718522 0.694478 -1.930000
v 0.680000 0.664919 -1.930000
v 0.635140 0.646338 -1.930000
v 0.587000 0.640000 -1.930000
v 0.538860 0.646338 -1.930000
v 0.494000 0.664919 -1.930000
v 0.455478 0.694478 -1.930000
v 0.425919 0.733000 -1.930000
v 0.407338 0.777860 -1.930000
v 0.439000 0.826000 -1.930000
v 0.444043 0.864305 -1.930000
v 0.458828 0.900000 -1.930000
v 0.482348 0.930652 -1.930000
v 0.513000 0.954172 -1.930000
v 0.548695 0.968957 -1.930000
v 0.587000 0.974000 -1.930000
v 0.625305 0.968957 -1.930000
v 0.661000 0.954172 -1.930000
v 0.691652 0.930652 -1.930000
v 0.715172 0.900000 -1.930000
v 0.729957 0.864305 -1.930000
v 0.735000 0.826000 -1.930000
v 0.729957 0.787695 -1.930000
v 0.715172 0.752000 -1.930000
v 0.691652 0.721348 -1.930000
v 0.661000 0.697828 -1.930000
v 0.625305 0.683043 -1.930000
v 0.587000 0.678000 -1.930000
v 0.548695 0.683043 -1.930000
v 0.513000 0.697828 -1.930000
v 0.482348 0.721348 -1.930000
v 0.458828 0.752000 -1.930000
v 0.444043 0.787695 -1.930000
v -0.773000 0.826000 -1.902000
v -0.766662 0.874140 -1.902000
v -0.748081 0.919000 -1.902000
v -0.718522 0.957522 -1.902000
v -0.680000 0.987081 -1.902000
v -0.635140 1.005662 -1.902000
v -0.587000 1.012000 -1.902000
v -0.538860 1.005662 -1.902000
v -0.494000 0.987081 -1.902000
v -0.455478 0.957522 -1.902000
v -0.425919 0.919000 -1.902000
v -0.407338 0.874140 -1.902000
v -0.401000 0.826000 -1.902000
v -0.407338 0.777860 -1.902000
v -0.425919 0.733000 -1.902000
v -0.455478 0.694478 -1.902000
v -0.494000 0.664919 -1.902000
v -0.538860 0.646338 -1.902000
v -0.587000 0.640000 -1.902000
v -0.635140 0.646338 -1.902000
v -0.680000 0.664919 -1.902000
v -0.718522 0.694478 -1.902000
v -0.748081 0.733000 -1.902000
v -0.766662 0.777860 -1.902000
v -0.735000 0.826000 -1.902000
v -0.729957 0.864305 -1.902000
v -0.715172 0.900000 -1.902000
v -0.691652 0.930652 -1.902000
v -0.661000 0.954172 -1.902000
v -0.625305 0.968957 -1.902000
v -0.587000 0.974000 -1.902000
v -0.548695 0.968957 -1.902000
v -0.513000 0.954172 -1.902000
v -0.482348 0.930652 -1.902000
v -0.458828 0.900000 -1.902000
v -0.444043 0.864305 -1.902000
v -0.439000 0.826000 -1.902000
v -0.444043 0.787695 -1.902000
v -0.458828 0.752000 -1.902000
v -0.482348 0.721348 -1.902000
v -0.513000 0.697828 -1.902000
v -0.548695 0.683043 -1.902000
v -0.587000 0.678000 -1.902000
v -0.625305 0.683043 -1.902000
v -0.661000 0.697828 -1.902000
v -0.691652 0.721348 -1.902000
v -0.715172 0.752000 -1.902000
v -0.729957 0.787695 -1.902000
v -0.773000 0.826000 -1.930000
v -0.766662 0.874140 -1.930000
v -0.748081 0.919000 -1.930000
v -0.718522 0.957522 -1.930000
v -0.680000 0.987081 -1.930000
v -0.635140 1.005662 -1.930000
v -0.587000 1.012000 -1.930000
v -0.538860 1.005662 -1.930000
v -0.494000 0.987081 -1.930000
v -0.455478 0.957522 -1.930000
v -0.425919 0.919000 -1.930000
v -0.407338 0.874140 -1.930000
v -0.401000 0.826000 -1.930000
v -0.407338 0.777860 -1.930000
v -0.425919 0.733000 -1.930000
v -0.455478 0.694478 -1.930000
v -0.494000 0.664919 -1.930000
v -0.538860 0.646338 -1.930000
v -0.587000 0.640000 -1.930000
v -0.635140 0.646338 -1.930000
v -0.680000 0.664919 -1.930000
v -0.718522 0.694478 -1.930000
v -0.748081 0.733000 -1.930000
v -0.766662 0.777860 -1.930000
v -0.735000 0.826000 -1.930000
v -0.729957 0.864305 -1.930000
v -0.715172 0.900000 -1.930000
v -0.691652 0.930652 -1.930000
v -0.661000 0.954172 -1.930000
v -0.625305 0.968957 -1.930000
v -0.587000 0.974000 -1.930000
v -0.548695 0.968957 -1.930000
v -0.513000 0.954172 -1.930000
v -0.482348 0.930652 -1.930000
v -0.458828 0.900000 -1.930000
v -0.444043 0.864305 -1.930000
v -0.439000 0.826000 -1.930000
v -0.444043 0.787695 -1.930000
v -0.458828 0.752000 -1.930000
v -0.482348 0.721348 -1.930000
v -0.513000 0.697828 -1.930000
v -0.548695 0.683043 -1.930000
v -0.587000 0.678000 -1.930000
v -0.625305 0.683043 -1.930000
v -0.661000 0.697828 -1.930000
v -0.691652 0.721348 -1.930000
v -0.715172 0.752000 -1.930000
v -0.729957 0.787695 -1.930000
v 0.230000 0.477500 -1.936000
v 0.230000 0.477500 -1.946000
v 0.230000 0.608500 -1.936000
v 0.230000 0.608500 -1.946000
v -0.230000 0.477500 -1.936000
v -0.230000 0.477500 -1.946000
v -0.230000 0.608500 -1.936000
v -0.230000 0.608500 -1.946000
v 0.587000 0.826000 -1.884500
v 0.387000 0.826000 -1.884500
v 0.387000 0.826000 -1.911500
v 0.587000 0.826000 -1.911500
v 0.393815 0.877764 -1.884500
v 0.393815 0.877764 -1.911500
v 0.413795 0.926000 -1.884500
v 0.413795 0.926000 -1.911500
v 0.445579 0.967421 -1.884500
v 0.445579 0.967421 -1.911500
v 0.487000 0.999205 -1.884500
v 0.487000 0.999205 -1.911500
v 0.535236 1.019185 -1.884500
v 0.535236 1.019185 -1.911500
v 0.587000 1.026000 -1.884500
v 0.587000 1.026000 -1.911500
v 0.638764 1.019185 -1.884500
v 0.638764 1.019185 -1.911500
v 0.687000 0.999205 -1.884500
v 0.687000 0.999205 -1.911500
v 0.728421 0.967421 -1.884500
v 0.728421 0.967421 -1.911500
v 0.760205 0.926000 -1.884500
v 0.760205 0.926000 -1.911500
v 0.780185 0.877764 -1.884500
v 0.780185 0.877764 -1.911500
v 0.787000 0.826000 -1.884500
v 0.787000 0.826000 -1.911500
v 0.780185 0.774236 -1.884500
v 0.780185 0.774236 -1.911500
v 0.760205 0.726000 -1.884500
v 0.760205 0.726000 -1.911500
v 0.728421 0.684579 -1.884500
v 0.728421 0.684579 -1.911500
v 0.687000 0.652795 -1.884500
v 0.687000 0.652795 -1.911500
v 0.638764 0.632815 -1.884500
v 0.638764 0.632815 -1.911500
v 0.587000 0.626000 -1.884500
v 0.587000 0.626000 -1.911500
v 0.535236 0.632815 -1.884500
v 0.535236 0.632815 -1.911500
v 0.487000 0.652795 -1.884500
v 0.487000 0.652795 -1.911500
v 0.445579 0.684579 -1.884500
v 0.445579 0.684579 -1.911500
v 0.413795 0.726000 -1.884500
v 0.413795 0.726000 -1.911500
v 0.393815 0.774236 -1.884500
v 0.393815 0.774236 -1.911500
v -0.587000 0.826000 -1.884500
v -0.787000 0.826000 -1.884500
v -0.787000 0.826000 -1.911500
v -0.587000 0.826000 -1.911500
v -0.780185 0.877764 -1.884500
v -0.780185 0.877764 -1.911500
v -0.760205 0.926000 -1.884500
v -0.760205 0.926000 -1.911500
v -0.728421 0.967421 -1.884500
v -0.728421 0.967421 -1.911500
v -0.687000 0.999205 -1.884500
v -0.687000 0.999205 -1.911500
v -0.638764 1.019185 -1.884500
v -0.638764 1.019185 -1.911500
v -0.587000 1.026000 -1.884500
v -0.587000 1.026000 -1.911500
v -0.535236 1.019185 -1.884500
v -0.535236 1.019185 -1.911500
v -0.487000 0.999205 -1.884500
v -0.487000 0.999205 -1.911500
v -0.445579 0.967421 -1.884500
v -0.445579 0.967421 -1.911500
v -0.413795 0.926000 -1.884500
v -0.413795 0.926000 -1.911500
v -0.393815 0.877764 -1.884500
v -0.393815 0.877764 -1.911500
v -0.387000 0.826000 -1.884500
v -0.387000 0.826000 -1.911500
v -0.393815 0.774236 -1.884500
v -0.393815 0.774236 -1.911500
v -0.413795 0.726000 -1.884500
v -0.413795 0.726000 -1.911500
v -0.445579 0.684579 -1.884500
v -0.445579 0.684579 -1.911500
v -0.487000 0.652795 -1.884500
v -0.487000 0.652795 -1.911500
v -0.535236 0.632815 -1.884500
v -0.535236 0.632815 -1.911500
v -0.587000 0.626000 -1.884500
v -0.587000 0.626000 -1.911500
v -0.638764 0.632815 -1.884500
v -0.638764 0.632815 -1.911500
v -0.687000 0.652795 -1.884500
v -0.687000 0.652795 -1.911500
v -0.728421 0.684579 -1.884500
v -0.728421 0.684579 -1.911500
v -0.760205 0.726000 -1.884500
v -0.760205 0.726000 -1.911500
v -0.780185 0.774236 -1.884500
v -0.780185 0.774236 -1.911500
v 0.890000 0.474500 -1.844000
v 0.890000 0.474500 -1.936000
v 0.890000 0.577500 -1.844000
v 0.890000 0.577500 -1.936000
v -0.890000 0.474500 -1.844000
v -0.890000 0.474500 -1.936000
v -0.890000 0.577500 -1.844000
v -0.890000 0.577500 -1.936000
v 0.930000 0.467500 -1.793000
v 0.930000 0.467500 -1.923000
v 0.930000 0.582500 -1.793000
v 0.930000 0.582500 -1.923000
v 0.790000 0.467500 -1.793000
v 0.790000 0.467500 -1.923000
v 0.790000 0.582500 -1.793000
v 0.790000 0.582500 -1.923000
v -0.790000 0.467500 -1.793000
v -0.790000 0.467500 -1.923000
v -0.790000 0.582500 -1.793000
v -0.790000 0.582500 -1.923000
v -0.930000 0.467500 -1.793000
v -0.930000 0.467500 -1.923000
v -0.930000 0.582500 -1.793000
v -0.930000 0.582500 -1.923000
v 0.760000 0.990000 -1.841000
v 0.760000 0.990000 -1.881000
v 0.760000 1.020000 -1.841000
v 0.760000 1.020000 -1.881000
v -0.760000 0.990000 -1.841000
v -0.760000 0.990000 -1.881000
v -0.760000 1.020000 -1.841000
v -0.760000 1.020000 -1.881000
v 0.750000 0.647000 -1.842000
v 0.750000 0.647000 -1.882000
v 0.750000 0.675000 -1.842000
v 0.750000 0.675000 -1.882000
v -0.750000 0.647000 -1.842000
v -0.750000 0.647000 -1.882000
v -0.750000 0.675000 -1.842000
v -0.750000 0.675000 -1.882000
v 0.737000 0.978000 -1.829500
v 0.737000 0.978000 -1.896500
v 0.737000 1.108000 -1.829500
v 0.737000 1.108000 -1.896500
v 0.437000 0.978000 -1.829500
v 0.437000 0.978000 -1.896500
v 0.437000 1.108000 -1.829500
v 0.437000 1.108000 -1.896500
v -0.437000 0.978000 -1.829500
v -0.437000 0.978000 -1.896500
v -0.437000 1.108000 -1.829500
v -0.437000 1.108000 -1.896500
v -0.737000 0.978000 -1.829500
v -0.737000 0.978000 -1.896500
v -0.737000 1.108000 -1.829500
v -0.737000 1.108000 -1.896500
v 0.550000 0.717000 -1.872000
v 0.550000 0.717000 -1.886000
v 0.550000 0.731000 -1.872000
v 0.550000 0.731000 -1.886000
v -0.550000 0.717000 -1.872000
v -0.550000 0.717000 -1.886000
v -0.550000 0.731000 -1.872000
v -0.550000 0.731000 -1.886000
v 0.550000 0.758000 -1.872000
v 0.550000 0.758000 -1.886000
v 0.550000 0.772000 -1.872000
v 0.550000 0.772000 -1.886000
v -0.550000 0.758000 -1.872000
v -0.550000 0.758000 -1.886000
v -0.550000 0.772000 -1.872000
v -0.550000 0.772000 -1.886000
v 0.550000 0.799000 -1.872000
v 0.550000 0.799000 -1.886000
v 0.550000 0.813000 -1.872000
v 0.550000 0.813000 -1.886000
v -0.550000 0.799000 -1.872000
v -0.550000 0.799000 -1.886000
v -0.550000 0.813000 -1.872000
v -0.550000 0.813000 -1.886000
v 0.550000 0.840000 -1.872000
v 0.550000 0.840000 -1.886000
v 0.550000 0.854000 -1.872000
v 0.550000 0.854000 -1.886000
v -0.550000 0.840000 -1.872000
v -0.550000 0.840000 -1.886000
v -0.550000 0.854000 -1.872000
v -0.550000 0.854000 -1.886000
v 0.550000 0.881000 -1.872000
v 0.550000 0.881000 -1.886000
v 0.550000 0.895000 -1.872000
v 0.550000 0.895000 -1.886000
v -0.550000 0.881000 -1.872000
v -0.550000 0.881000 -1.886000
v -0.550000 0.895000 -1.872000
v -0.550000 0.895000 -1.886000
v 0.550000 0.922000 -1.872000
v 0.550000 0.922000 -1.886000
v 0.550000 0.936000 -1.872000
v 0.550000 0.936000 -1.886000
v -0.550000 0.922000 -1.872000
v -0.550000 0.922000 -1.886000
v -0.550000 0.936000 -1.872000
v -0.550000 0.936000 -1.886000
v 0.735000 0.680000 -1.839000
v 0.735000 0.680000 -1.873000
v 0.735000 1.000000 -1.839000
v 0.735000 1.000000 -1.873000
v -0.735000 0.680000 -1.839000
v -0.735000 0.680000 -1.873000
v -0.735000 1.000000 -1.839000
v -0.735000 1.000000 -1.873000
v 0.888000 0.345000 1.160000
v 0.888000 0.345000 1.390000
v 0.632000 0.345000 1.390000
v 0.632000 0.345000 1.160000
v 0.888000 0.480191 1.346074
v 0.632000 0.480191 1.346074
v 0.888000 0.563743 1.231074
v 0.632000 0.563743 1.231074
v 0.888000 0.563743 1.088926
v 0.632000 0.563743 1.088926
v 0.888000 0.480191 0.973926
v 0.632000 0.480191 0.973926
v 0.888000 0.345000 0.930000
v 0.632000 0.345000 0.930000
v 0.888000 0.209809 0.973926
v 0.632000 0.209809 0.973926
v 0.888000 0.126257 1.088926
v 0.632000 0.126257 1.088926
v 0.888000 0.126257 1.231074
v 0.632000 0.126257 1.231074
v 0.888000 0.209809 1.346074
v 0.632000 0.209809 1.346074
v 0.888000 0.345000 -1.160000
v 0.888000 0.345000 -0.930000
v 0.632000 0.345000 -0.930000
v 0.632000 0.345000 -1.160000
v 0.888000 0.480191 -0.973926
v 0.632000 0.480191 -0.973926
v 0.888000 0.563743 -1.088926
v 0.632000 0.563743 -1.088926
v 0.888000 0.563743 -1.231074
v 0.632000 0.563743 -1.231074
v 0.888000 0.480191 -1.346074
v 0.632000 0.480191 -1.346074
v 0.888000 0.345000 -1.390000
v 0.632000 0.345000 -1.390000
v 0.888000 0.209809 -1.346074
v 0.632000 0.209809 -1.346074
v 0.888000 0.126257 -1.231074
v 0.632000 0.126257 -1.231074
v 0.888000 0.126257 -1.088926
v 0.632000 0.126257 -1.088926
v 0.888000 0.209809 -0.973926
v 0.632000 0.209809 -0.973926
v -0.632000 0.345000 1.160000
v -0.632000 0.345000 1.390000
v -0.888000 0.345000 1.390000
v -0.888000 0.345000 1.160000
v -0.632000 0.480191 1.346074
v -0.888000 0.480191 1.346074
v -0.632000 0.563743 1.231074
v -0.888000 0.563743 1.231074
v -0.632000 0.563743 1.088926
v -0.888000 0.563743 1.088926
v -0.632000 0.480191 0.973926
v -0.888000 0.480191 0.973926
v -0.632000 0.345000 0.930000
v -0.888000 0.345000 0.930000
v -0.632000 0.209809 0.973926
v -0.888000 0.209809 0.973926
v -0.632000 0.126257 1.088926
v -0.888000 0.126257 1.088926
v -0.632000 0.126257 1.231074
v -0.888000 0.126257 1.231074
v -0.632000 0.209809 1.346074
v -0.888000 0.209809 1.346074
v -0.632000 0.345000 -1.160000
v -0.632000 0.345000 -0.930000
v -0.888000 0.345000 -0.930000
v -0.888000 0.345000 -1.160000
v -0.632000 0.480191 -0.973926
v -0.888000 0.480191 -0.973926
v -0.632000 0.563743 -1.088926
v -0.888000 0.563743 -1.088926
v -0.632000 0.563743 -1.231074
v -0.888000 0.563743 -1.231074
v -0.632000 0.480191 -1.346074
v -0.888000 0.480191 -1.346074
v -0.632000 0.345000 -1.390000
v -0.888000 0.345000 -1.390000
v -0.632000 0.209809 -1.346074
v -0.888000 0.209809 -1.346074
v -0.632000 0.126257 -1.231074
v -0.888000 0.126257 -1.231074
v -0.632000 0.126257 -1.088926
v -0.888000 0.126257 -1.088926
v -0.632000 0.209809 -0.973926
v -0.888000 0.209809 -0.973926
v 0.880000 0.345000 1.385000
v 0.880000 0.345000 1.505000
v 0.640000 0.345000 1.505000
v 0.640000 0.345000 1.385000
v 0.880000 0.442624 1.362718
v 0.880000 0.494690 1.470834
v 0.640000 0.494690 1.470834
v 0.640000 0.442624 1.362718
v 0.880000 0.520912 1.300285
v 0.880000 0.614732 1.375104
v 0.640000 0.614732 1.375104
v 0.640000 0.520912 1.300285
v 0.880000 0.564359 1.210067
v 0.880000 0.681350 1.236770
v 0.640000 0.681350 1.236770
v 0.640000 0.564359 1.210067
v 0.880000 0.564359 1.109933
v 0.880000 0.681350 1.083230
v 0.640000 0.681350 1.083230
v 0.640000 0.564359 1.109933
v 0.880000 0.520912 1.019715
v 0.880000 0.614732 0.944896
v 0.640000 0.614732 0.944896
v 0.640000 0.520912 1.019715
v 0.880000 0.442624 0.957282
v 0.880000 0.494690 0.849166
v 0.640000 0.494690 0.849166
v 0.640000 0.442624 0.957282
v 0.880000 0.345000 0.935000
v 0.880000 0.345000 0.815000
v 0.640000 0.345000 0.815000
v 0.640000 0.345000 0.935000
v 0.880000 0.247376 0.957282
v 0.880000 0.195310 0.849166
v 0.640000 0.195310 0.849166
v 0.640000 0.247376 0.957282
v 0.880000 0.169088 1.019715
v 0.880000 0.075268 0.944896
v 0.640000 0.075268 0.944896
v 0.640000 0.169088 1.019715
v 0.880000 0.125641 1.109933
v 0.880000 0.008650 1.083230
v 0.640000 0.008650 1.083230
v 0.640000 0.125641 1.109933
v 0.880000 0.125641 1.210067
v 0.880000 0.008650 1.236770
v 0.640000 0.008650 1.236770
v 0.640000 0.125641 1.210067
v 0.880000 0.169088 1.300285
v 0.880000 0.075268 1.375104
v 0.640000 0.075268 1.375104
v 0.640000 0.169088 1.300285
v 0.880000 0.247376 1.362718
v 0.880000 0.195310 1.470834
v 0.640000 0.195310 1.470834
v 0.640000 0.247376 1.362718
v 0.880000 0.345000 -0.935000
v 0.880000 0.345000 -0.815000
v 0.640000 0.345000 -0.815000
v 0.640000 0.345000 -0.935000
v 0.880000 0.442624 -0.957282
v 0.880000 0.494690 -0.849166
v 0.640000 0.494690 -0.849166
v 0.640000 0.442624 -0.957282
v 0.880000 0.520912 -1.019715
v 0.880000 0.614732 -0.944896
v 0.640000 0.614732 -0.944896
v 0.640000 0.520912 -1.019715
v 0.880000 0.564359 -1.109933
v 0.880000 0.681350 -1.083230
v 0.640000 0.681350 -1.083230
v 0.640000 0.564359 -1.109933
v 0.880000 0.564359 -1.210067
v 0.880000 0.681350 -1.236770
v 0.640000 0.681350 -1.236770
v 0.640000 0.564359 -1.210067
v 0.880000 0.520912 -1.300285
v 0.880000 0.614732 -1.375104
v 0.640000 0.614732 -1.375104
v 0.640000 0.520912 -1.300285
v 0.880000 0.442624 -1.362718
v 0.880000 0.494690 -1.470834
v 0.640000 0.494690 -1.470834
v 0.640000 0.442624 -1.362718
v 0.880000 0.345000 -1.385000
v 0.880000 0.345000 -1.505000
v 0.640000 0.345000 -1.505000
v 0.640000 0.345000 -1.385000
v 0.880000 0.247376 -1.362718
v 0.880000 0.195310 -1.470834
v 0.640000 0.195310 -1.470834
v 0.640000 0.247376 -1.362718
v 0.880000 0.169088 -1.300285
v 0.880000 0.075268 -1.375104
v 0.640000 0.075268 -1.375104
v 0.640000 0.169088 -1.300285
v 0.880000 0.125641 -1.210067
v 0.880000 0.008650 -1.236770
v 0.640000 0.008650 -1.236770
v 0.640000 0.125641 -1.210067
v 0.880000 0.125641 -1.109933
v 0.880000 0.008650 -1.083230
v 0.640000 0.008650 -1.083230
v 0.640000 0.125641 -1.109933
v 0.880000 0.169088 -1.019715
v 0.880000 0.075268 -0.944896
v 0.640000 0.075268 -0.944896
v 0.640000 0.169088 -1.019715
v 0.880000 0.247376 -0.957282
v 0.880000 0.195310 -0.849166
v 0.640000 0.195310 -0.849166
v 0.640000 0.247376 -0.957282
v -0.640000 0.345000 1.385000
v -0.640000 0.345000 1.505000
v -0.880000 0.345000 1.505000
v -0.880000 0.345000 1.385000
v -0.640000 0.442624 1.362718
v -0.640000 0.494690 1.470834
v -0.880000 0.494690 1.470834
v -0.880000 0.442624 1.362718
v -0.640000 0.520912 1.300285
v -0.640000 0.614732 1.375104
v -0.880000 0.614732 1.375104
v -0.880000 0.520912 1.300285
v -0.640000 0.564359 1.210067
v -0.640000 0.681350 1.236770
v -0.880000 0.681350 1.236770
v -0.880000 0.564359 1.210067
v -0.640000 0.564359 1.109933
v -0.640000 0.681350 1.083230
v -0.880000 0.681350 1.083230
v -0.880000 0.564359 1.109933
v -0.640000 0.520912 1.019715
v -0.640000 0.614732 0.944896
v -0.880000 0.614732 0.944896
v -0.880000 0.520912 1.019715
v -0.640000 0.442624 0.957282
v -0.640000 0.494690 0.849166
v -0.880000 0.494690 0.849166
v -0.880000 0.442624 0.957282
v -0.640000 0.345000 0.935000
v -0.640000 0.345000 0.815000
v -0.880000 0.345000 0.815000
v -0.880000 0.345000 0.935000
v -0.640000 0.247376 0.957282
v -0.640000 0.195310 0.849166
v -0.880000 0.195310 0.849166
v -0.880000 0.247376 0.957282
v -0.640000 0.169088 1.019715
v -0.640000 0.075268 0.944896
v -0.880000 0.075268 0.944896
v -0.880000 0.169088 1.019715
v -0.640000 0.125641 1.109933
v -0.640000 0.008650 1.083230
v -0.880000 0.008650 1.083230
v -0.880000 0.125641 1.109933
v -0.640000 0.125641 1.210067
v -0.640000 0.008650 1.236770
v -0.880000 0.008650 1.236770
v -0.880000 0.125641 1.210067
v -0.640000 0.169088 1.300285
v -0.640000 0.075268 1.375104
v -0.880000 0.075268 1.375104
v -0.880000 0.169088 1.300285
v -0.640000 0.247376 1.362718
v -0.640000 0.195310 1.470834
v -0.880000 0.195310 1.470834
v -0.880000 0.247376 1.362718
v -0.640000 0.345000 -0.935000
v -0.640000 0.345000 -0.815000
v -0.880000 0.345000 -0.815000
v -0.880000 0.345000 -0.935000
v -0.640000 0.442624 -0.957282
v -0.640000 0.494690 -0.849166
v -0.880000 0.494690 -0.849166
v -0.880000 0.442624 -0.957282
v -0.640000 0.520912 -1.019715
v -0.640000 0.614732 -0.944896
v -0.880000 0.614732 -0.944896
v -0.880000 0.520912 -1.019715
v -0.640000 0.564359 -1.109933
v -0.640000 0.681350 -1.083230
v -0.880000 0.681350 -1.083230
v -0.880000 0.564359 -1.109933
v -0.640000 0.564359 -1.210067
v -0.640000 0.681350 -1.236770
v -0.880000 0.681350 -1.236770
v -0.880000 0.564359 -1.210067
v -0.640000 0.520912 -1.300285
v -0.640000 0.614732 -1.375104
v -0.880000 0.614732 -1.375104
v -0.880000 0.520912 -1.300285
v -0.640000 0.442624 -1.362718
v -0.640000 0.494690 -1.470834
v -0.880000 0.494690 -1.470834
v -0.880000 0.442624 -1.362718
v -0.640000 0.345000 -1.385000
v -0.640000 0.345000 -1.505000
v -0.880000 0.345000 -1.505000
v -0.880000 0.345000 -1.385000
v -0.640000 0.247376 -1.362718
v -0.640000 0.195310 -1.470834
v -0.880000 0.195310 -1.470834
v -0.880000 0.247376 -1.362718
v -0.640000 0.169088 -1.300285
v -0.640000 0.075268 -1.375104
v -0.880000 0.075268 -1.375104
v -0.880000 0.169088 -1.300285
v -0.640000 0.125641 -1.210067
v -0.640000 0.008650 -1.236770
v -0.880000 0.008650 -1.236770
v -0.880000 0.125641 -1.210067
v -0.640000 0.125641 -1.109933
v -0.640000 0.008650 -1.083230
v -0.880000 0.008650 -1.083230
v -0.880000 0.125641 -1.109933
v -0.640000 0.169088 -1.019715
v -0.640000 0.075268 -0.944896
v -0.880000 0.075268 -0.944896
v -0.880000 0.169088 -1.019715
v -0.640000 0.247376 -0.957282
v -0.640000 0.195310 -0.849166
v -0.880000 0.195310 -0.849166
v -0.880000 0.247376 -0.957282
v -0.725000 0.360000 -1.750000
v -0.725000 0.360000 1.750000
v -0.725000 0.660000 -1.750000
v -0.725000 0.660000 1.750000
v 0.725000 0.360000 -1.750000
v 0.725000 0.360000 1.750000
v 0.725000 0.660000 -1.750000
v 0.725000 0.660000 1.750000
v -0.920000 0.350000 -1.160000
v -0.920000 0.350000 -1.275000
v -0.500000 0.350000 -1.275000
v -0.500000 0.350000 -1.160000
v -0.920000 0.417595 -1.253037
v -0.500000 0.417595 -1.253037
v -0.920000 0.459371 -1.195537
v -0.500000 0.459371 -1.195537
v -0.920000 0.459371 -1.124463
v -0.500000 0.459371 -1.124463
v -0.920000 0.417595 -1.066963
v -0.500000 0.417595 -1.066963
v -0.920000 0.350000 -1.045000
v -0.500000 0.350000 -1.045000
v -0.920000 0.282405 -1.066963
v -0.500000 0.282405 -1.066963
v -0.920000 0.240629 -1.124463
v -0.500000 0.240629 -1.124463
v -0.920000 0.240629 -1.195537
v -0.500000 0.240629 -1.195537
v -0.920000 0.282405 -1.253037
v -0.500000 0.282405 -1.253037
v -0.920000 0.350000 1.160000
v -0.920000 0.350000 1.045000
v -0.500000 0.350000 1.045000
v -0.500000 0.350000 1.160000
v -0.920000 0.417595 1.066963
v -0.500000 0.417595 1.066963
v -0.920000 0.459371 1.124463
v -0.500000 0.459371 1.124463
v -0.920000 0.459371 1.195537
v -0.500000 0.459371 1.195537
v -0.920000 0.417595 1.253037
v -0.500000 0.417595 1.253037
v -0.920000 0.350000 1.275000
v -0.500000 0.350000 1.275000
v -0.920000 0.282405 1.253037
v -0.500000 0.282405 1.253037
v -0.920000 0.240629 1.195537
v -0.500000 0.240629 1.195537
v -0.920000 0.240629 1.124463
v -0.500000 0.240629 1.124463
v -0.920000 0.282405 1.066963
v -0.500000 0.282405 1.066963
v 0.500000 0.350000 -1.160000
v 0.500000 0.350000 -1.275000
v 0.920000 0.350000 -1.275000
v 0.920000 0.350000 -1.160000
v 0.500000 0.417595 -1.253037
v 0.920000 0.417595 -1.253037
v 0.500000 0.459371 -1.195537
v 0.920000 0.459371 -1.195537
v 0.500000 0.459371 -1.124463
v 0.920000 0.459371 -1.124463
v 0.500000 0.417595 -1.066963
v 0.920000 0.417595 -1.066963
v 0.500000 0.350000 -1.045000
v 0.920000 0.350000 -1.045000
v 0.500000 0.282405 -1.066963
v 0.920000 0.282405 -1.066963
v 0.500000 0.240629 -1.124463
v 0.920000 0.240629 -1.124463
v 0.500000 0.240629 -1.195537
v 0.920000 0.240629 -1.195537
v 0.500000 0.282405 -1.253037
v 0.920000 0.282405 -1.253037
v 0.500000 0.350000 1.160000
v 0.500000 0.350000 1.045000
v 0.920000 0.350000 1.045000
v 0.920000 0.350000 1.160000
v 0.500000 0.417595 1.066963
v 0.920000 0.417595 1.066963
v 0.500000 0.459371 1.124463
v 0.920000 0.459371 1.124463
v 0.500000 0.459371 1.195537
v 0.920000 0.459371 1.195537
v 0.500000 0.417595 1.253037
v 0.920000 0.417595 1.253037
v 0.500000 0.350000 1.275000
v 0.920000 0.350000 1.275000
v 0.500000 0.282405 1.253037
v 0.920000 0.282405 1.253037
v 0.500000 0.240629 1.195537
v 0.920000 0.240629 1.195537
v 0.500000 0.240629 1.124463
v 0.920000 0.240629 1.124463
v 0.500000 0.282405 1.066963
v 0.920000 0.282405 1.066963
v -0.650000 0.705000 -1.900000
v -0.650000 0.705000 -1.620000
v -0.650000 0.955000 -1.900000
v -0.650000 0.955000 -1.620000
v -0.490000 0.705000 -1.900000
v -0.490000 0.705000 -1.620000
v -0.490000 0.955000 -1.900000
v -0.490000 0.955000 -1.620000
v -0.790000 0.715000 1.655000
v -0.790000 0.715000 1.835000
v -0.790000 0.925000 1.655000
v -0.790000 0.925000 1.835000
v -0.650000 0.715000 1.655000
v -0.650000 0.715000 1.835000
v -0.650000 0.925000 1.655000
v -0.650000 0.925000 1.835000
v 0.490000 0.705000 -1.900000
v 0.490000 0.705000 -1.620000
v 0.490000 0.955000 -1.900000
v 0.490000 0.955000 -1.620000
v 0.650000 0.705000 -1.900000
v 0.650000 0.705000 -1.620000
v 0.650000 0.955000 -1.900000
v 0.650000 0.955000 -1.620000
v 0.650000 0.715000 1.655000
v 0.650000 0.715000 1.835000
v 0.650000 0.925000 1.655000
v 0.650000 0.925000 1.835000
v 0.790000 0.715000 1.655000
v 0.790000 0.715000 1.835000
v 0.790000 0.925000 1.655000
v 0.790000 0.925000 1.835000
v -0.625000 0.460000 -1.985000
v -0.625000 0.460000 -1.635000
v -0.625000 0.620000 -1.985000
v -0.625000 0.620000 -1.635000
v -0.535000 0.460000 -1.985000
v -0.535000 0.460000 -1.635000
v -0.535000 0.620000 -1.985000
v -0.535000 0.620000 -1.635000
v 0.535000 0.460000 -1.985000
v 0.535000 0.460000 -1.635000
v 0.535000 0.620000 -1.985000
v 0.535000 0.620000 -1.635000
v 0.625000 0.460000 -1.985000
v 0.625000 0.460000 -1.635000
v 0.625000 0.620000 -1.985000
v 0.625000 0.620000 -1.635000
v -0.680000 1.105000 -0.625000
v 0.680000 1.105000 -0.625000
v 0.610000 1.490000 -0.267000
v -0.610000 1.490000 -0.267000
v -0.680000 1.105000 -0.590000
v 0.680000 1.105000 -0.590000
v 0.610000 1.490000 -0.232000
v -0.610000 1.490000 -0.232000
v -0.660000 1.085000 1.660000
v 0.660000 1.085000 1.660000
v 0.570000 1.485000 1.425000
v -0.570000 1.485000 1.425000
v -0.660000 1.085000 1.620000
v 0.660000 1.085000 1.620000
v 0.570000 1.485000 1.385000
v -0.570000 1.485000 1.385000
v -0.745000 1.085000 -0.555000
v -0.745000 1.075000 0.535000
v -0.652000 1.485000 0.495000
v -0.652000 1.485000 -0.305000
v -0.713000 1.085000 -0.555000
v -0.713000 1.075000 0.535000
v -0.620000 1.485000 0.495000
v -0.620000 1.485000 -0.305000
v -0.740000 1.065000 0.530000
v -0.735000 1.090000 1.520000
v -0.640000 1.480000 1.350000
v -0.652000 1.490000 0.520000
v -0.708000 1.065000 0.530000
v -0.703000 1.090000 1.520000
v -0.608000 1.480000 1.350000
v -0.620000 1.490000 0.520000
v 0.745000 1.085000 -0.555000
v 0.745000 1.075000 0.535000
v 0.652000 1.485000 0.495000
v 0.652000 1.485000 -0.305000
v 0.713000 1.085000 -0.555000
v 0.713000 1.075000 0.535000
v 0.620000 1.485000 0.495000
v 0.620000 1.485000 -0.305000
v 0.740000 1.065000 0.530000
v 0.735000 1.090000 1.520000
v 0.640000 1.480000 1.350000
v 0.652000 1.490000 0.520000
v 0.708000 1.065000 0.530000
v 0.703000 1.090000 1.520000
v 0.608000 1.480000 1.350000
v 0.620000 1.490000 0.520000
v -0.690000 1.067500 -0.617500
v 0.690000 1.067500 -0.617500
v -0.690000 1.112500 -0.617500
v 0.690000 1.112500 -0.617500
v -0.690000 1.067500 -0.662500
v 0.690000 1.067500 -0.662500
v -0.690000 1.112500 -0.662500
v 0.690000 1.112500 -0.662500
v -0.680000 1.058000 1.682000
v 0.680000 1.058000 1.682000
v -0.680000 1.102000 1.682000
v 0.680000 1.102000 1.682000
v -0.680000 1.058000 1.638000
v 0.680000 1.058000 1.638000
v -0.680000 1.102000 1.638000
v 0.680000 1.102000 1.638000
v -0.675000 1.045851 1.672472
v -0.675000 1.052899 1.667684
v -0.675000 1.287839 1.487348
v -0.652525 1.398393 1.420000
v -0.652576 1.398230 1.420000
v -0.675000 1.291630 1.480871
v -0.659412 1.378381 1.420000
v -0.660596 1.373938 1.420000
v -0.663735 1.363485 1.420000
v -0.675000 1.027420 1.683337
v -0.675000 1.009153 1.692372
v -0.675000 0.993340 1.700190
v -0.675000 0.959201 1.716442
v -0.675000 1.284703 1.490862
v -0.652319 1.398854 1.420000
v -0.675000 0.809942 1.751355
v -0.675000 0.828280 1.749972
v -0.675000 0.908925 1.738947
v -0.675000 0.900324 1.741272
v -0.537516 1.485664 1.420000
v -0.505247 1.491049 1.420000
v -0.537912 1.485585 1.420000
v -0.559439 1.479417 1.420000
v -0.560458 1.479045 1.420000
v -0.563119 1.477718 1.420000
v -0.577145 1.470931 1.420000
v 0.001001 1.507902 1.420000
v -0.057756 1.507697 1.420000
v -0.065229 1.507647 1.420000
v -0.070116 1.507602 1.420000
v -0.082168 1.507361 1.420000
v -0.171445 1.505571 1.420000
v -0.230143 1.503961 1.420000
v -0.263455 1.502831 1.420000
v -0.675000 1.296864 1.471767
v -0.675000 0.880564 1.744326
v -0.675000 0.863365 1.746521
v -0.675000 1.301384 1.461011
v -0.667697 1.348947 1.420000
v -0.667006 1.351398 1.420000
v -0.675000 1.303313 1.454818
v -0.675000 1.306428 1.441360
v -0.675000 0.957298 1.717294
v -0.675000 1.306468 1.440836
v 0.537518 1.485664 1.420000
v 0.505247 1.491049 1.420000
v 0.675000 0.908925 1.738947
v 0.675000 0.900324 1.741272
v 0.675000 0.809939 1.751356
v 0.675000 0.828280 1.749972
v 0.537912 1.485586 1.420000
v 0.675000 0.802972 1.752197
v 0.560458 1.479045 1.420000
v 0.559439 1.479417 1.420000
v 0.563119 1.477718 1.420000
v 0.577145 1.470930 1.420000
v -0.640059 1.420341 1.420000
v -0.639061 1.421539 1.420000
v -0.647235 1.408795 1.420000
v -0.628148 1.432467 1.420000
v -0.675000 1.216011 1.552703
v -0.675000 1.202793 1.562727
v -0.675000 1.313275 1.420000
v -0.675000 1.310765 1.424923
v -0.668568 1.344691 1.420000
v -0.675000 1.306709 1.439513
v -0.675000 1.226654 1.544299
v -0.675000 1.250177 1.525368
v -0.675000 1.222995 1.547335
v -0.675000 1.269293 1.508016
v -0.675000 1.272752 1.504764
v -0.675000 1.190032 1.571802
v -0.675000 0.891646 1.742938
v -0.668105 1.347107 1.420000
v -0.675000 0.802972 1.752197
v -0.401050 1.498395 1.420000
v -0.401875 1.498363 1.420000
v -0.458940 1.495287 1.420000
v -0.335689 1.500999 1.420000
v -0.462379 1.494959 1.420000
v -0.675000 1.128824 1.614832
v -0.675000 1.090079 1.641643
v -0.675000 1.069467 1.655619
v -0.675000 1.032637 1.680449
v -0.612105 1.446483 1.420000
v -0.619410 1.440225 1.420000
v -0.609792 1.448313 1.420000
v -0.586147 1.465325 1.420000
v -0.581014 1.468563 1.420000
v -0.600775 1.454827 1.420000
v 0.675000 0.957299 1.717294
v 0.675000 0.959204 1.716440
v 0.675000 0.863361 1.746521
v 0.652577 1.398230 1.420000
v 0.652525 1.398393 1.420000
v 0.675000 1.287839 1.487348
v 0.675000 1.291631 1.480871
v 0.675000 1.296863 1.471768
v 0.675000 1.301383 1.461011
v 0.665536 1.357438 1.420000
v 0.672280 1.327477 1.420000
v 0.659413 1.378380 1.420000
v 0.665267 1.358412 1.420000
v 0.660596 1.373939 1.420000
v 0.675000 1.306775 1.438816
v 0.675000 1.306445 1.443102
v 0.675000 1.303311 1.454818
v 0.675000 0.880565 1.744325
v 0.675000 0.993338 1.700192
v 0.675000 1.005588 1.694181
v 0.675000 1.025636 1.684242
v 0.675000 1.031254 1.681269
v 0.675000 1.048408 1.670864
v 0.675000 1.052899 1.667684
v 0.675000 1.043611 1.673801
v 0.675000 1.313129 1.420000
v 0.675000 1.309341 1.427168
v 0.675000 1.284702 1.490863
v 0.652319 1.398856 1.420000
v 0.675000 1.189033 1.572418
v 0.675000 1.181110 1.578130
v 0.675000 1.307508 1.434680
v 0.675000 1.204440 1.561484
v 0.675000 1.269295 1.508015
v 0.675000 1.272753 1.504763
v 0.675000 1.250176 1.525368
v 0.675000 1.222730 1.547569
v 0.675000 1.225854 1.544978
v 0.639062 1.421538 1.420000
v 0.640060 1.420340 1.420000
v 0.628150 1.432465 1.420000
v 0.675000 1.216741 1.552174
v 0.675000 1.069462 1.655623
v 0.647235 1.408796 1.420000
v 0.675000 0.891645 1.742939
v 0.619406 1.440229 1.420000
v 0.612242 1.446360 1.420000
v 0.609792 1.448314 1.420000
v 0.586147 1.465325 1.420000
v 0.600779 1.454823 1.420000
v 0.581012 1.468563 1.420000
v 0.335695 1.500999 1.420000
v 0.263468 1.502830 1.420000
v 0.401871 1.498364 1.420000
v 0.458939 1.495286 1.420000
v 0.401050 1.498395 1.420000
v 0.462382 1.494958 1.420000
v 0.675000 1.125599 1.617233
v 0.675000 1.090087 1.641638
v 0.230150 1.503960 1.420000
v 0.171456 1.505571 1.420000
v 0.082200 1.507360 1.420000
v 0.070122 1.507602 1.420000
v 0.058103 1.507696 1.420000
v -0.452775 1.492269 1.420000
v -0.452799 1.488250 1.420000
v -0.452720 1.499563 1.420000
v -0.440892 1.490894 1.420000
v -0.411881 1.491030 1.420000
v -0.413210 1.491107 1.420000
v -0.400948 1.488843 1.420000
v -0.407090 1.521398 1.420000
v -0.403251 1.520284 1.420000
v -0.449901 1.521202 1.420000
v -0.408142 1.521501 1.420000
v -0.450643 1.521192 1.420000
v -0.452114 1.509491 1.420000
v -0.402824 1.520137 1.420000
v -0.451020 1.521142 1.420000
v -0.400994 1.499041 1.420000
v -0.400962 1.492348 1.420000
v -0.439579 1.490940 1.420000
v 0.432303 1.521374 1.420000
v 0.403060 1.521486 1.420000
v 0.402429 1.519141 1.420000
v 0.402540 1.520308 1.420000
v 0.452791 1.492191 1.420000
v 0.452799 1.488241 1.420000
v 0.450960 1.521154 1.420000
v 0.451050 1.521003 1.420000
v 0.452748 1.500883 1.420000
v 0.401049 1.489021 1.420000
v 0.401134 1.504598 1.420000
v 0.449952 1.521216 1.420000
v 0.452282 1.509990 1.420000
v 0.450648 1.521208 1.420000
v 0.675000 0.792115 1.751665
v 0.675000 0.782804 1.746685
v 0.675000 0.794094 1.752858
v 0.675000 0.799815 1.753485
v 0.675000 0.802951 1.753745
v 0.629836 0.770000 1.760605
v 0.604311 0.770000 1.764595
v 0.635132 0.770000 1.759700
v -0.675000 0.782804 1.746685
v -0.675000 0.792114 1.751664
v 0.647161 0.770000 1.756315
v 0.651042 0.770000 1.755269
v 0.603710 0.770000 1.764646
v 0.539079 0.770000 1.769600
v 0.656312 0.770000 1.753058
v 0.664669 0.770000 1.750097
v 0.429011 0.770000 1.774487
v 0.426438 0.770000 1.774616
v 0.491578 0.770000 1.771696
v 0.300950 0.770000 1.777935
v 0.298277 0.770000 1.778017
v 0.538315 0.770000 1.769633
v 0.675000 0.770000 1.744570
v 0.675000 0.774373 1.745190
v 0.670834 0.770000 1.746706
v 0.189923 0.770000 1.778614
v 0.188188 0.770000 1.778629
v 0.185500 0.770000 1.778618
v -0.013560 0.770000 1.777770
v -0.675000 0.770000 1.744570
v -0.670835 0.770000 1.746705
v -0.675000 0.774373 1.745190
v -0.603713 0.770000 1.764645
v -0.539092 0.770000 1.769600
v -0.651042 0.770000 1.755269
v -0.656313 0.770000 1.753058
v -0.647160 0.770000 1.756315
v -0.635131 0.770000 1.759700
v -0.664669 0.770000 1.750097
v -0.629834 0.770000 1.760605
v -0.675000 0.794094 1.752858
v -0.675000 0.799815 1.753485
v -0.675000 0.802951 1.753745
v -0.429018 0.770000 1.774486
v -0.426429 0.770000 1.774617
v -0.491519 0.770000 1.771698
v -0.538321 0.770000 1.769633
v -0.015519 0.770000 1.777777
v -0.189997 0.770000 1.778653
v -0.300944 0.770000 1.777935
v -0.604314 0.770000 1.764594
v -0.298271 0.770000 1.778017
v -0.190013 0.770000 1.778652
v 0.675000 1.118416 1.604562
v 0.675000 1.211199 1.539298
v 0.622443 1.420779 1.420000
v 0.633254 1.409711 1.420000
v 0.642717 1.399772 1.420000
v 0.675000 1.241467 1.515951
v 0.273577 1.488951 1.420000
v 0.400184 1.476100 1.420000
v 0.537364 1.457041 1.420000
v 0.562561 1.444752 1.420000
v 0.594053 1.434039 1.420000
v 0.000000 1.496010 1.420000
v 0.125916 1.495927 1.420000
v 0.675000 1.033958 1.664546
v 0.675000 0.851993 1.731544
v 0.675000 0.900084 1.727951
v 0.651409 1.358599 1.420000
v 0.675000 1.245813 1.438365
v 0.675000 0.967190 1.697707
v -0.591125 1.446077 1.420000
v -0.561477 1.455633 1.420000
v -0.537364 1.469519 1.420000
v 0.675000 1.249210 1.420000
v 0.675000 0.802525 1.737391
v -0.675000 1.211199 1.539297
v -0.675000 1.118417 1.604562
v -0.675000 1.033959 1.664546
v -0.628970 1.414104 1.420000
v -0.400184 1.476100 1.420000
v -0.273577 1.488951 1.420000
v -0.636649 1.406244 1.420000
v -0.675000 1.241435 1.515996
v -0.642656 1.399939 1.420000
v -0.675000 0.900084 1.727951
v -0.675000 0.851993 1.731544
v -0.675000 1.245745 1.439032
v -0.648465 1.372439 1.420000
v -0.675000 0.967191 1.697707
v -0.675000 0.802525 1.737391
v -0.125916 1.495927 1.420000
v -0.675000 1.249219 1.420000
v -0.554277 0.770000 1.756555
v -0.635205 0.770000 1.749918
v -0.264613 0.770000 1.766859
v -0.149048 0.770000 1.765733
v 0.000000 0.770000 1.762135
v -0.675000 0.770000 1.729813
v -0.675000 0.793619 1.731709
v -0.652460 0.770000 1.744587
v -0.435698 0.770000 1.758052
v -0.646946 0.770000 1.748932
v -0.651122 0.770000 1.746031
v -0.675000 0.803693 1.739152
v 0.149048 0.770000 1.765733
v 0.651122 0.770000 1.746031
v 0.652460 0.770000 1.744587
v 0.675000 0.770000 1.729813
v 0.675000 0.793619 1.731709
v 0.521014 0.770000 1.757141
v 0.554277 0.770000 1.756555
v 0.435698 0.770000 1.758052
v 0.635205 0.770000 1.749918
v 0.646946 0.770000 1.748932
v 0.675000 0.803693 1.739152
v 0.264613 0.770000 1.766859
v -0.521014 0.770000 1.757141
o Niva_body_rebuilt_108
usemtl body
f 1117 1114 1121
f 8808 1121 1114
f 8808 1114 8809
f 8810 8811 8812
f 8810 8812 1743
f 8810 1743 8813
f 8812 8814 1743
f 1742 648 1216
f 8814 8815 1742
f 8814 1742 1743
f 8815 8816 648
f 8815 648 1742
f 8817 8818 1122
f 8818 8819 1673
f 8818 1673 1122
f 8819 8820 1673
f 1079 1106 1077
f 1234 1106 1079
f 8811 8810 8821
f 8811 8821 1235
f 8811 1235 8822
f 1077 1109 1080
f 8823 605 606
f 8823 606 8824
f 8825 8826 625
f 8827 533 8828
f 8827 8829 528
f 8827 528 533
f 525 532 527
f 530 532 525
f 530 531 532
f 8830 528 8829
f 8830 8831 527
f 8830 527 528
f 8832 525 527
f 8832 527 8831
f 8833 525 8832
f 8834 8835 1592
f 1592 8835 8836
f 1592 8836 1591
f 1590 1104 1591
f 1590 1102 1104
f 1589 1102 1590
f 1589 1105 1102
f 8837 8838 1589
f 8837 1589 1590
f 8839 8840 1105
f 8839 1105 1589
f 8840 8841 1105
f 8839 1589 8838
f 8836 8837 1590
f 8836 1590 1591
f 8813 1743 8842
f 1250 606 605
f 1247 8843 8844
f 1247 8844 606
f 1250 1247 606
f 8824 606 8844
f 8842 1743 1742
f 8842 1742 8845
f 8846 648 8847
f 8816 8847 648
f 8848 1742 1216
f 8848 1216 8849
f 8845 1742 8848
f 8820 8850 625
f 8820 625 1673
f 8850 8825 625
f 8849 1216 8851
f 8852 8853 1953
f 8854 2053 8855
f 2032 8856 8857
f 2032 8857 2033
f 8858 8852 1953
f 8858 1953 1948
f 8856 2032 8859
f 8860 8861 1948
f 8860 1948 1946
f 8861 8858 1948
f 1945 8862 8860
f 1945 8860 1946
f 8863 8862 1945
f 1955 1954 305
f 1955 1945 1954
f 1945 1946 1954
f 8864 1238 8865
f 8822 1235 8866
f 1238 8864 8866
f 1238 8866 1235
f 1079 993 1238
f 1234 1238 1235
f 1079 1238 1234
f 8865 1238 993
f 8865 993 8867
f 8868 8869 1110
f 8868 1110 1107
f 8870 8871 648
f 8870 648 8872
f 8873 1216 648
f 8873 648 8871
f 8874 1234 8875
f 8874 8876 1106
f 8874 1106 1234
f 8875 1234 8877
f 8878 1235 8821
f 8877 1234 1235
f 8877 1235 8878
f 8868 1107 1106
f 8868 1106 8876
f 8851 1216 8873
f 8879 1110 8869
f 625 1247 1250
f 625 8826 8880
f 625 8880 1247
f 8843 1247 8880
f 39 38 40
f 37 38 39
f 9 35 7
f 9 7 6
f 34 1 7
f 34 33 1
f 36 35 9
f 52 54 53
f 51 52 53
f 49 50 46
f 44 47 48
f 47 44 46
f 44 45 46
f 39 40 41
f 42 38 37
f 45 38 43
f 45 59 38
f 38 59 40
f 59 60 40
f 56 57 58
f 56 55 57
f 53 55 56
f 23 5 22
f 26 32 33
f 1 2 3
f 35 34 7
f 71 93 72
f 91 10 15
f 45 15 59
f 45 91 15
f 71 48 92
f 71 91 48
f 87 83 90
f 7 4 6
f 30 24 27
f 30 27 36
f 36 27 35
f 27 34 35
f 27 26 34
f 26 33 34
f 42 43 38
f 8881 648 8846
f 8872 648 8881
f 8823 8882 605
f 8883 8884 1098
f 8883 1098 1096
f 8884 8885 1098
f 8886 8883 1096
f 1102 1103 1104
f 1102 1101 1103
f 1102 1096 1101
f 1096 1098 1101
f 8885 8887 533
f 8885 533 1098
f 8887 8828 533
f 1112 1111 1115
f 993 1078 531
f 1077 1080 1078
f 1079 1078 993
f 1077 1078 1079
f 8888 1115 1110
f 8888 1110 8879
f 8888 8889 1115
f 1077 1107 1109
f 1107 1108 1109
f 1106 1107 1077
f 8841 8886 1096
f 8841 1096 1105
f 1105 1096 1102
f 8809 1114 8890
f 1115 1114 1117
f 1107 1110 1108
f 8889 8890 1114
f 8889 1114 1115
f 8891 1121 8808
f 1121 8891 8817
f 1121 8817 1122
f 1112 1115 1117
f 1111 1112 1108
f 1110 1111 1108
f 531 8892 8893
f 531 8893 993
f 8892 531 530
f 8892 530 8894
f 8867 993 8893
f 8895 525 8896
f 8896 525 8833
f 8897 525 8895
f 8894 530 525
f 8894 525 8897
f 8898 2053 8854
f 8898 8899 3061
f 8898 3061 2053
f 2667 2032 2033
f 2667 2033 2664
f 8900 2033 8857
f 8901 8902 8903
f 8901 8903 8904
f 8901 8904 3128
f 8904 8905 3128
f 3128 8905 8906
f 3128 8906 3129
f 8907 3130 2633
f 8907 2633 8908
f 3129 2633 3130
f 8901 3128 8909
f 8910 8911 3129
f 8910 3129 3130
f 8911 8909 3128
f 8911 3128 3129
f 8912 2633 8913
f 3129 8914 8913
f 3129 8913 2633
f 8906 8914 3129
f 8915 2664 2033
f 8915 2033 8900
f 8916 3061 8899
f 8916 8917 3060
f 8916 3060 3061
f 8918 3060 8917
f 8918 8919 2532
f 8918 2532 3060
f 2531 8920 8921
f 2531 8921 2528
f 8920 2531 2532
f 8920 2532 8922
f 53 54 55
f 2496 2495 2522
f 2495 303 316
f 8923 8908 2633
f 8923 2633 8924
f 2651 2496 2522
f 8925 8903 8902
f 8925 8902 8926
f 8925 8926 2652
f 54 52 153
f 60 163 100
f 100 41 40
f 100 104 41
f 164 104 163
f 164 101 104
f 153 50 49
f 153 52 50
f 52 115 50
f 161 55 157
f 161 57 55
f 99 164 163
f 157 55 54
f 115 52 51
f 150 152 136
f 129 152 150
f 129 151 152
f 93 92 122
f 93 71 92
f 130 129 150
f 133 80 130
f 32 101 164
f 174 29 28
f 95 51 162
f 158 54 153
f 157 54 158
f 160 157 156
f 160 161 157
f 159 153 42
f 159 158 153
f 156 158 159
f 139 151 129
f 32 31 101
f 33 32 164
f 33 164 99
f 163 104 100
f 98 95 162
f 95 115 51
f 51 113 162
f 115 46 50
f 99 163 60
f 63 75 83
f 43 154 155
f 154 46 155
f 154 49 46
f 153 49 154
f 65 17 61
f 17 16 61
f 65 18 17
f 65 80 18
f 63 83 81
f 42 154 43
f 75 88 83
f 74 89 88
f 84 141 85
f 85 141 143
f 141 142 143
f 141 121 142
f 121 120 142
f 89 117 84
f 117 121 141
f 66 13 67
f 45 44 91
f 134 133 137
f 134 137 138
f 131 138 132
f 131 134 138
f 149 150 148
f 130 150 149
f 133 130 149
f 42 153 154
f 174 170 171
f 19 13 66
f 19 11 13
f 13 12 67
f 12 10 71
f 91 71 10
f 44 48 91
f 156 157 158
f 45 155 46
f 45 43 155
f 190 191 192
f 175 178 176
f 179 183 180
f 179 182 183
f 181 179 178
f 175 181 178
f 188 195 193
f 194 195 188
f 176 194 188
f 188 193 185
f 184 177 185
f 185 189 186
f 177 188 185
f 177 176 188
f 198 199 200
f 180 194 178
f 178 194 176
f 196 195 194
f 196 197 195
f 197 196 180
f 233 236 234
f 182 179 181
f 226 228 229
f 228 57 229
f 228 58 57
f 225 226 227
f 223 219 224
f 222 219 218
f 218 221 222
f 218 219 220
f 183 197 180
f 233 234 235
f 231 215 232
f 213 215 231
f 220 213 231
f 220 217 213
f 227 226 230
f 226 229 230
f 187 177 184
f 184 185 186
f 169 106 31
f 167 168 169
f 110 165 166
f 110 166 105
f 166 111 105
f 111 39 41
f 174 171 29
f 171 25 29
f 171 169 25
f 169 31 25
f 167 169 170
f 168 106 169
f 168 107 106
f 173 168 167
f 178 179 180
f 175 176 177
f 48 47 96
f 92 48 96
f 172 170 174
f 172 167 170
f 37 39 111
f 180 196 194
f 199 207 200
f 199 206 207
f 205 206 199
f 203 205 199
f 203 199 198
f 202 198 204
f 202 203 198
f 198 200 201
f 84 117 141
f 159 37 165
f 159 42 37
f 156 159 165
f 160 165 110
f 160 156 165
f 165 37 111
f 165 111 166
f 172 173 167
f 170 169 171
f 24 26 27
f 8 5 23
f 5 20 22
f 10 11 2
f 5 4 20
f 6 8 9
f 6 5 8
f 1 3 4
f 1 4 7
f 4 5 6
f 3 14 20
f 14 11 19
f 70 69 72
f 69 71 72
f 68 69 70
f 68 67 69
f 66 67 68
f 61 63 65
f 61 64 62
f 61 62 63
f 65 63 81
f 16 17 18
f 15 10 2
f 2 14 3
f 2 11 14
f 11 12 13
f 10 12 11
f 22 21 23
f 22 20 21
f 4 3 20
f 73 75 76
f 28 29 24
f 24 25 26
f 65 79 80
f 64 75 62
f 78 74 73
f 77 78 73
f 76 75 64
f 28 24 30
f 73 74 75
f 90 83 85
f 83 89 84
f 83 88 89
f 86 81 83
f 86 83 87
f 83 84 85
f 65 81 79
f 79 81 82
f 53 56 112
f 94 47 95
f 20 14 21
f 14 19 21
f 25 32 26
f 25 31 32
f 29 25 24
f 126 81 86
f 74 78 89
f 117 118 121
f 118 120 121
f 118 119 120
f 130 80 129
f 80 79 129
f 82 126 128
f 126 127 128
f 126 86 127
f 122 96 123
f 82 81 126
f 125 96 124
f 136 70 72
f 135 136 72
f 93 135 72
f 18 132 16
f 18 134 131
f 80 134 18
f 80 133 134
f 150 135 93
f 148 93 122
f 146 119 118
f 146 147 119
f 77 144 78
f 145 118 116
f 145 146 118
f 144 116 78
f 144 145 116
f 79 139 129
f 18 131 132
f 150 136 135
f 69 67 71
f 12 71 67
f 148 150 93
f 149 148 122
f 133 149 122
f 125 123 96
f 94 124 96
f 92 96 122
f 103 109 105
f 104 103 105
f 101 103 104
f 101 102 103
f 1 99 2
f 51 112 113
f 51 53 112
f 104 111 41
f 104 105 111
f 105 109 110
f 31 106 101
f 103 108 109
f 102 108 103
f 116 118 117
f 78 117 89
f 78 116 117
f 115 47 46
f 95 47 115
f 112 58 114
f 56 58 112
f 99 60 15
f 62 75 63
f 75 74 88
f 79 82 140
f 139 79 140
f 138 123 125
f 138 137 123
f 133 122 123
f 137 133 123
f 99 15 2
f 207 181 175
f 60 59 15
f 100 40 60
f 33 99 1
f 94 95 97
f 97 95 98
f 96 47 94
f 107 108 102
f 106 107 102
f 106 102 101
f 221 270 222
f 321 211 216
f 168 330 279
f 330 210 279
f 330 332 210
f 332 201 210
f 331 201 332
f 331 204 201
f 202 204 331
f 333 331 329
f 320 327 321
f 264 270 221
f 173 330 168
f 168 279 107
f 267 225 282
f 269 324 267
f 225 324 280
f 267 324 225
f 160 323 161
f 160 320 323
f 328 109 277
f 321 327 211
f 211 278 212
f 278 214 212
f 328 277 278
f 323 322 230
f 110 109 328
f 110 328 327
f 160 327 320
f 333 202 331
f 333 329 173
f 172 333 173
f 329 332 330
f 329 331 332
f 173 329 330
f 295 314 315
f 161 229 57
f 161 323 229
f 227 224 282
f 318 224 227
f 318 223 224
f 313 312 314
f 294 313 314
f 299 313 294
f 295 315 316
f 327 328 278
f 265 264 244
f 265 287 264
f 294 314 295
f 189 240 186
f 220 263 218
f 218 263 221
f 263 184 244
f 298 301 302
f 298 302 299
f 230 318 227
f 322 318 230
f 326 325 274
f 272 214 274
f 272 215 214
f 232 272 325
f 271 325 326
f 271 232 325
f 208 271 326
f 325 272 274
f 323 230 229
f 282 224 219
f 282 225 227
f 208 326 209
f 209 273 210
f 209 326 273
f 326 274 273
f 160 110 327
f 327 278 211
f 2525 2527 2524
f 315 2530 2525
f 1111 1110 1115
f 8927 2524 8928
f 297 301 298
f 250 283 284
f 225 281 226
f 225 280 281
f 210 276 279
f 210 273 276
f 279 108 107
f 285 286 120
f 283 286 285
f 248 261 250
f 284 283 285
f 226 281 228
f 250 261 283
f 282 219 222
f 267 282 222
f 245 247 248
f 245 246 247
f 241 242 244
f 239 243 242
f 239 242 241
f 239 241 240
f 279 276 108
f 252 303 304
f 273 274 275
f 272 232 215
f 232 187 231
f 271 187 232
f 271 177 187
f 175 177 271
f 208 175 271
f 270 266 222
f 238 239 240
f 276 275 108
f 275 109 108
f 274 278 277
f 274 214 278
f 275 277 109
f 274 277 275
f 273 275 276
f 228 281 58
f 281 114 58
f 201 209 210
f 244 242 265
f 263 187 184
f 220 187 263
f 220 231 187
f 244 264 221
f 182 181 206
f 205 182 206
f 206 181 207
f 204 198 201
f 266 267 222
f 201 200 209
f 200 208 209
f 200 207 208
f 216 213 217
f 216 211 213
f 212 215 213
f 212 214 215
f 211 212 213
f 207 175 208
f 244 221 263
f 233 235 237
f 252 254 253
f 236 252 253
f 236 253 234
f 236 251 252
f 250 245 248
f 237 235 247
f 249 245 250
f 246 237 247
f 304 305 252
f 258 255 253
f 255 261 262
f 255 257 261
f 260 256 255
f 259 260 255
f 258 259 255
f 255 256 257
f 268 269 267
f 266 268 267
f 286 308 120
f 236 191 251
f 236 192 191
f 192 233 190
f 236 233 192
f 248 262 261
f 310 284 285
f 309 284 310
f 309 250 284
f 261 257 283
f 257 306 283
f 306 308 286
f 306 307 308
f 256 307 306
f 313 287 312
f 312 265 314
f 299 287 313
f 312 287 265
f 311 119 147
f 311 285 119
f 321 318 322
f 297 296 301
f 217 319 317
f 216 217 317
f 318 317 223
f 216 317 318
f 193 189 185
f 193 238 189
f 238 240 189
f 186 244 184
f 249 250 309
f 321 216 318
f 320 322 323
f 320 321 322
f 220 319 217
f 220 219 319
f 317 219 223
f 317 319 219
f 257 256 306
f 283 306 286
f 265 242 300
f 251 295 252
f 294 295 251
f 254 292 253
f 292 258 253
f 292 293 258
f 302 288 299
f 299 288 287
f 301 288 302
f 301 289 288
f 191 296 297
f 300 242 243
f 251 298 299
f 251 191 298
f 247 255 262
f 234 255 247
f 234 253 255
f 235 234 247
f 247 262 248
f 252 305 254
f 292 291 293
f 310 285 311
f 299 294 251
f 252 295 303
f 295 316 303
f 314 300 315
f 300 243 315
f 314 265 300
f 186 240 244
f 241 244 240
f 254 291 292
f 264 287 270
f 266 270 290
f 289 290 270
f 289 270 288
f 287 288 270
f 285 120 119
f 191 297 298
f 191 190 296
f 8924 2633 8929
f 8927 8930 2524
f 2651 8931 8932
f 2651 8932 2652
f 8932 8925 2652
f 8933 8931 2651
f 8934 8935 2651
f 8934 2651 2522
f 8929 2633 8912
f 8935 8933 2651
f 8936 2655 8937
f 2655 8936 8938
f 2655 8938 2410
f 2523 8939 8934
f 2523 8934 2522
f 8930 8939 2523
f 8930 2523 2524
f 8940 2528 8921
f 8922 2532 8919
f 2511 2519 2513
f 8941 2652 8926
f 2496 2655 2410
f 8937 2655 2652
f 8937 2652 8941
f 2651 2652 2655
f 2496 2651 2655
f 8855 2053 2664
f 8855 2664 8942
f 8942 2664 8915
f 2053 2667 2664
f 8943 2410 8938
f 305 8944 8945
f 305 8945 1955
f 8944 305 2410
f 8944 2410 8943
f 8946 1945 8947
f 1955 8945 8947
f 1955 8947 1945
f 8863 1945 8948
f 8948 1945 8946
f 2516 2519 2511
f 2516 2518 2519
f 2516 2517 2518
f 2515 2516 2511
f 8949 8950 2515
f 8949 2515 2511
f 8951 2513 8952
f 8951 8953 2511
f 8951 2511 2513
f 2522 2495 2523
f 8954 1953 8853
f 8954 8952 2513
f 8954 2513 1953
f 2528 2530 2531
f 2527 2530 2528
f 8955 2527 8956
f 8940 8956 2527
f 8940 2527 2528
f 2525 2524 315
f 2527 8955 8928
f 2527 8928 2524
f 2530 2527 2525
f 8949 2511 8953
f 316 315 2524
f 2524 2523 316
f 2495 316 2523
f 2495 304 303
f 304 2410 305
f 2496 2410 304
f 2495 2496 304
f 2981 2517 2516
f 2981 2983 2517
f 2982 2981 2516
f 2982 2516 2515
f 8957 8958 2982
f 8957 2982 2515
f 8957 2515 8950
f 8958 8959 2982
f 8959 8960 2981
f 8959 2981 2982
f 8960 8961 1592
f 8960 1592 2981
f 8834 1592 8961
f 1592 1591 2983
f 1592 2983 2981
f 3896 8962 8963
f 3896 8963 3897
f 8962 3896 3889
f 8962 3889 8964
f 3898 3887 3896
f 3898 3907 3887
f 3899 3884 3886
f 3886 3890 3899
f 3899 3890 3900
f 8963 3897 3907
f 8963 3907 8965
f 3908 3907 3897
f 8966 8967 3905
f 3909 8968 8966
f 3909 8966 3905
f 3906 3909 3905
f 8969 3886 8970
f 3898 3908 3907
f 3887 3905 3890
f 3907 3905 3887
f 3900 3905 3906
f 8971 3890 8972
f 8973 3887 3890
f 8973 3890 8971
f 3887 3889 3896
f 8964 3889 8974
f 3886 8969 8972
f 3886 8972 3890
f 3884 8975 8970
f 3884 8970 3886
f 3887 8973 8976
f 3887 8976 3889
f 8974 3889 8976
f 8977 8975 3884
f 8978 8977 3884
f 8978 3884 3899
f 3909 8968 8978
f 3909 8978 3899
f 3905 8967 8979
f 3905 8979 3907
f 3906 3899 3900
f 3906 3909 3899
f 3900 3890 3905
f 3897 3898 3896
f 3897 3908 3898
f 3928 3929 3917
f 3935 3914 3917
f 3912 3928 3917
f 8980 8981 3913
f 8982 3913 8983
f 3927 3914 3936
f 3926 3927 3936
f 3926 3925 3927
f 3937 3917 3934
f 3937 3935 3917
f 3933 3928 3938
f 3928 3912 3911
f 3938 3928 3939
f 3939 3928 3911
f 3925 3918 3915
f 8984 3925 3926
f 8984 3926 8985
f 8986 3915 3918
f 8986 3918 8987
f 3927 3915 3914
f 3925 8984 8988
f 3925 8988 3918
f 3912 3917 3913
f 8989 3939 3911
f 8989 3911 8990
f 3917 8991 8980
f 3917 8980 3913
f 8982 8990 3911
f 8982 3911 3913
f 3929 3934 3917
f 3933 3929 3928
f 3933 3934 3929
f 3914 3935 3936
f 8981 8983 3913
f 8987 3918 8992
f 8992 3918 8988
f 8993 3914 3915
f 8993 3915 8986
f 3911 3912 3913
f 3927 3925 3915
f 3914 8993 8991
f 3914 8991 3917
f 4581 4577 4576
f 4565 4563 4580
f 4579 4580 4577
f 4578 4579 4577
f 4568 4570 4567
f 4576 4573 4575
f 4561 4567 4566
f 4571 4573 4576
f 4568 4569 4570
f 4561 4564 4563
f 4564 4566 4565
f 4573 4574 4575
f 4573 4568 4561
f 4568 4567 4561
f 4572 4568 4573
f 4571 4572 4573
f 4576 4581 4571
f 4560 4561 4562
f 4561 4563 4562
f 4564 4565 4563
f 4566 4567 4580
f 4561 4566 4564
f 4579 4569 4578
f 4568 4577 4578
f 4574 4562 4575
f 4560 4562 4574
f 4571 4581 4572
f 4573 4560 4574
f 4573 4561 4560
f 4581 4577 4572
f 4577 4568 4572
f 4579 4570 4569
f 4565 4566 4580
f 4568 4578 4569
f 4567 4570 4579
f 4567 4579 4580
f 4580 4563 4576
f 4563 4562 4576
f 4577 4580 4576
f 4575 4576 4562
f 4591 4590 4594
f 4582 4602 4589
f 4589 4602 4590
f 4594 4590 4595
f 4591 4585 4590
f 4591 4594 4592
f 4600 4596 4583
f 4595 4590 4583
f 4598 4597 4586
f 4591 4599 4597
f 4594 4596 4600
f 4585 4587 4588
f 4590 4588 4589
f 4585 4588 4590
f 4588 4587 4589
f 4589 4587 4582
f 4594 4595 4596
f 4591 4592 4593
f 4585 4586 4587
f 4601 4592 4594
f 4599 4593 4584
f 4591 4598 4585
f 4601 4584 4592
f 4591 4597 4598
f 4591 4593 4599
f 4584 4593 4592
f 4598 4586 4585
f 4583 4596 4595
f 4594 4600 4601
f 4590 4602 4583
f 5285 5282 5286
f 8994 5282 8995
f 5281 5285 5286
f 5281 5286 5278
f 5255 5254 5267
f 5282 8994 8996
f 5282 8996 5287
f 5286 5282 5287
f 5275 5286 5288
f 5278 5286 5275
f 8997 5287 8996
f 5287 8997 8998
f 5287 8998 5290
f 5288 5287 5290
f 5275 5288 5290
f 5275 5290 5276
f 5254 5251 5256
f 5251 5246 5256
f 5256 5258 5265
f 5265 5258 5264
f 5266 5265 5268
f 5270 5269 5271
f 5267 5254 5266
f 5267 5266 5270
f 5269 5268 5272
f 5273 5272 5274
f 5254 5265 5266
f 5280 5338 5335
f 5286 5287 5288
f 5280 5263 5338
f 5047 5048 5247
f 8999 5281 5335
f 8999 5335 9000
f 9001 5281 8999
f 5051 5056 5052
f 5044 5045 5046
f 5047 5044 5046
f 5071 5076 5078
f 5049 5043 5044
f 5079 5078 5081
f 5079 5081 5063
f 5050 5051 5052
f 5050 5052 5053
f 5054 5055 5051
f 5054 5051 5050
f 5062 5077 5059
f 5041 5042 5043
f 5049 5047 5243
f 5244 5049 5245
f 5049 5243 5245
f 5244 5245 5246
f 5256 5257 5258
f 5258 5257 5259
f 5257 5260 5261
f 5257 5261 5259
f 5054 5050 5249
f 5246 5257 5256
f 5078 5080 5081
f 5074 5070 5069
f 5074 5073 5070
f 5055 5067 5056
f 5043 5058 5061
f 5069 5072 5062
f 5072 5071 5077
f 5071 5078 5077
f 5077 5078 5079
f 5066 5057 5042
f 5050 5053 5250
f 5056 5066 5052
f 5069 5070 5071
f 5060 5079 5063
f 5059 5077 5079
f 5059 5079 5060
f 5062 5072 5077
f 5074 5075 5073
f 9002 5082 9003
f 5075 5076 5073
f 5073 5076 5071
f 5272 5277 5278
f 5261 5263 5279
f 5279 5263 5280
f 5279 5280 5278
f 5269 5272 5273
f 5272 5278 5275
f 5268 5264 5272
f 5274 5272 5275
f 5047 5247 5243
f 5243 5247 5248
f 5249 5250 5251
f 5249 5251 5252
f 5259 5279 5277
f 5054 5249 5253
f 5264 5259 5277
f 5259 5261 5279
f 5053 5041 5244
f 5053 5244 5250
f 5250 5244 5246
f 5250 5246 5251
f 5278 5280 5281
f 5255 5252 5254
f 5041 5049 5244
f 5245 5243 5260
f 5050 5250 5249
f 5243 5248 5260
f 5260 5248 5262
f 5260 5262 5261
f 5261 5262 5263
f 5252 5251 5254
f 5254 5256 5265
f 5253 5249 5252
f 5253 5252 5255
f 5246 5245 5257
f 5245 5260 5257
f 5258 5259 5264
f 5276 5274 5275
f 5273 5274 5276
f 5271 5269 5273
f 5264 5277 5272
f 5265 5264 5268
f 5277 5279 5278
f 5266 5268 5269
f 5270 5266 5269
f 5065 5062 5066
f 5056 5065 5066
f 5061 5064 5045
f 5042 5057 5058
f 5057 5059 5058
f 5058 5059 5060
f 5058 5060 5061
f 5047 5046 5048
f 5060 5063 5064
f 5049 5044 5047
f 5049 5041 5043
f 5044 5061 5045
f 5043 5061 5044
f 5053 5052 5041
f 5057 5062 5059
f 5061 5060 5064
f 9004 9005 5285
f 9001 9004 5285
f 9001 5285 5281
f 9006 5335 5338
f 9006 5338 9007
f 5281 5280 5335
f 5285 9008 9009
f 5285 9009 5282
f 9010 5263 5262
f 9010 5262 9011
f 5263 9010 9012
f 5263 9012 5338
f 9013 5262 5248
f 9013 5248 9014
f 9011 5262 9013
f 9015 5338 9012
f 9005 9008 5285
f 9016 9017 9018
f 9009 9018 9017
f 9009 9017 8995
f 9009 8995 5282
f 9014 5248 9019
f 9019 5248 5247
f 9019 5247 9020
f 5067 5065 5056
f 9020 5247 5048
f 9020 5048 9021
f 9021 5048 9022
f 5068 5074 5069
f 5042 5058 5043
f 5055 5056 5051
f 5052 5042 5041
f 5080 5145 5081
f 9023 9024 9025
f 5145 9026 9027
f 5145 9027 5149
f 9028 5086 9029
f 9030 9031 5080
f 9030 5080 5086
f 9030 5086 9028
f 9025 9024 9032
f 9025 9032 5082
f 9025 5082 9002
f 9033 5080 9031
f 9029 5086 5082
f 9029 5082 9032
f 9003 5082 5088
f 9003 5088 9034
f 5076 5075 5089
f 5076 5089 5087
f 5067 5068 5065
f 5068 5069 5065
f 5065 5069 5062
f 5066 5062 5057
f 5052 5066 5042
f 5069 5071 5072
f 5070 5073 5071
f 5087 5089 5088
f 5078 5076 5085
f 5076 5087 5085
f 5085 5087 5088
f 5085 5088 5082
f 5086 5085 5082
f 9035 5088 5089
f 9035 5089 9036
f 9034 5088 9035
f 5080 5078 5085
f 5080 5085 5086
f 5081 5145 5149
f 5081 5149 5063
f 5063 9037 9038
f 5063 9038 5064
f 9039 5149 9040
f 5046 9041 9022
f 5046 9022 5048
f 9041 5046 9042
f 9043 5064 9038
f 5080 9033 9044
f 5080 9044 5145
f 5064 9043 9045
f 5064 9045 5045
f 9037 5063 5149
f 9037 5149 9039
f 9046 5045 9045
f 5045 9042 5046
o Niva_body_rebuilt_11
usemtl body
f 6248 6249 6239
f 6247 6250 6251
f 6247 6242 6250
f 6230 6232 6233
f 6232 6231 6234
f 6235 6236 6230
f 6235 6230 6233
f 6237 6238 6239
f 6240 6241 6242
f 6234 6243 6244
f 6242 6245 6246
f 6243 6237 6239
f 6237 6231 6230
f 6236 6218 6230
f 6245 6219 6225
f 6245 6225 6246
f 6241 6226 6219
f 6247 6243 6249
f 6247 6244 6243
f 6216 6225 6219
f 6213 6219 6226
f 6216 6217 6225
f 6212 6220 6221
f 6220 6209 6222
f 6220 6222 6221
f 6221 6223 6224
f 6221 6224 6212
f 6207 6201 6218
f 6213 6216 6219
f 6212 6211 6220
f 6221 6222 6215
f 6221 6215 6214
f 6221 6214 6223
f 6205 6215 6204
f 6210 6209 6227
f 6215 6209 6208
f 6212 6217 6216
f 6212 6216 6213
f 6208 6201 6204
f 6228 6237 6230
f 6242 6241 6245
f 6228 6230 6218
f 6208 6204 6215
f 6228 6208 6210
f 6228 6210 6227
f 6228 6218 6201
f 6238 6227 6239
f 6241 6219 6245
f 6242 6247 6248
f 6242 6248 6240
f 6248 6247 6249
f 6247 6251 6244
f 6237 6243 6231
f 6234 6231 6243
f 6228 6227 6238
f 6228 6238 6237
f 6229 6218 6236
f 6229 6236 6235
f 6243 6239 6249
f 6201 6203 6204
f 6201 6202 6203
f 6203 6205 6204
f 6228 6201 6208
f 6229 6206 6207
f 6229 6207 6218
f 6215 6222 6209
f 6230 6231 6232
f 6211 6212 6213
f 6206 6202 6201
f 6208 6209 6210
f 6205 6214 6215
f 6206 6201 6207
f 9047 6533 9048
f 9049 9050 6533
f 9049 6533 6490
f 9051 9052 9048
f 9051 9048 6533
f 9051 6533 9050
f 9053 9054 6491
f 9053 6491 6535
f 9054 9055 6491
f 9056 6491 9055
f 9056 9057 6490
f 9056 6490 6491
f 9058 9059 6535
f 9058 6535 6442
f 9059 9053 6535
f 9049 6490 9057
f 6533 9047 9060
f 6533 9060 6537
f 9061 6550 9062
f 9052 9051 9063
f 9052 9063 9064
f 9065 9062 6550
f 9066 9067 6407
f 9066 6407 6399
f 9067 9068 6407
f 9069 9064 9063
f 6550 9061 9070
f 6550 9070 6578
f 9060 9065 6550
f 9060 6550 6537
f 9071 6404 9072
f 9072 6404 6410
f 9072 6410 9073
f 9066 6399 9074
f 9075 6407 9068
f 9075 9076 6406
f 9075 6406 6407
f 9077 9074 6399
f 9077 6399 6404
f 9071 9078 9079
f 9071 9079 9077
f 9071 9077 6404
f 9080 6423 9081
f 9082 9083 9079
f 9082 9079 9078
f 9084 6423 9080
f 9084 9073 6410
f 9084 6410 6423
f 9081 6423 6458
f 9081 6458 9085
f 9086 6406 9076
f 9086 9058 6442
f 9086 6442 6406
f 9083 9082 9087
f 9088 9089 6585
f 9088 6585 6584
f 6579 6581 6584
f 9090 6581 9091
f 9091 6581 6580
f 9091 6580 9092
f 6579 6584 6582
f 6579 6603 6580
f 9093 9094 6585
f 9093 6585 9095
f 9096 6584 6581
f 9096 6581 9090
f 9089 9097 6585
f 9095 6585 9098
f 6582 6584 6585
f 9097 9098 6585
f 6579 6580 6581
f 9094 9099 6583
f 9094 6583 6585
f 6582 6585 6583
f 6603 9100 9092
f 6603 9092 6580
f 9101 6607 9102
f 9103 9102 6607
f 9103 6607 9104
f 9105 6605 9106
f 9105 9107 6605
f 9108 6607 9109
f 9109 6607 9101
f 9110 9104 6607
f 9110 6607 6606
f 9100 6603 9111
f 6605 9107 9111
f 6605 9111 6603
f 9112 6584 9096
f 9108 9106 6605
f 9108 6605 6607
f 6604 6606 6607
f 6604 6607 6605
f 9112 9088 6584
o Niva_solid_rear_window
usemtl opaque_glass_rear
f 8752 8753 8754
f 8752 8754 8755
f 8758 8757 8756
f 8759 8758 8756
f 8752 8753 8757
f 8752 8757 8756
f 8753 8754 8758
f 8753 8758 8757
f 8754 8755 8759
f 8754 8759 8758
f 8755 8752 8756
f 8755 8756 8759
o Niva_rear_window_lower_seal
usemtl trim
f 8801 8803 8800
f 8804 8801 8800
f 8800 8803 8802
f 8802 8804 8800
f 8801 8807 8803
f 8805 8801 8804
f 8805 8807 8801
f 8803 8807 8802
f 8806 8804 8802
f 8802 8807 8806
f 8806 8805 8804
f 8807 8805 8806
