# Niva v6 static panels, full model except rear door
mtllib niva_low_poly.mtl
v -0.555068 0.864217 1.788048
v -0.605074 0.881692 1.777240
v -0.613027 0.870696 1.778351
v -0.611392 0.856852 1.780139
v -0.620742 0.838274 1.779111
v -0.589080 0.829400 1.785459
v -0.561028 0.844693 1.789430
v -0.608341 0.802876 1.782405
v -0.557922 0.802868 1.792339
v -0.604797 0.905183 1.766460
v -0.621735 0.897115 1.769396
v -0.616169 0.926030 1.756579
v -0.626591 0.932077 1.753001
v -0.625875 0.885695 1.772157
v -0.590860 0.886990 1.776363
v -0.535535 1.400941 1.495628
v -0.540978 1.410581 1.484919
v -0.553542 1.373340 1.501798
v -0.643473 0.911092 1.758661
v -0.629670 0.864547 1.774883
v -0.644948 0.878119 1.767214
v -0.638137 0.829843 1.774612
v -0.646713 0.802874 1.773695
v -0.334710 0.833810 1.804855
v -0.294342 0.852712 1.804859
v -0.425835 0.852772 1.798484
v -0.425981 0.833535 1.800218
v -0.267389 0.802907 1.809422
v -0.266678 0.833948 1.807595
v -0.368259 0.802898 1.805138
v -0.267169 0.864930 1.803859
v -0.357672 0.864830 1.800190
v -0.481009 0.865178 1.793422
v -0.522885 0.852876 1.792228
v -0.523476 0.833310 1.793834
v -0.487597 0.802883 1.798166
v -0.217806 0.901385 1.781536
v -0.495790 0.901371 1.771881
v -0.402908 0.896108 1.779052
v -0.486437 0.890764 1.780032
v -0.358899 0.890279 1.785325
v -0.210868 0.913188 1.774396
v -0.491871 0.911704 1.765606
v -0.570220 0.936273 1.748551
v -0.567626 0.920432 1.756945
v -0.532205 1.039380 1.696996
v -0.564548 1.066092 1.682392
v -0.576498 1.048539 1.691834
v -0.364022 0.970901 1.738395
v -0.379513 1.026181 1.709093
v -0.214491 1.066738 1.693952
v -0.200306 1.045511 1.704779
v -0.132929 1.060178 1.699306
v -0.133209 1.020768 1.719498
v -0.066173 1.028807 1.716643
v -0.066578 1.059997 1.700703
v 0.000000 1.030397 1.716309
v -0.000003 1.060994 1.700716
v -0.570653 0.898220 1.769991
v -0.542528 0.881726 1.784117
v -0.526044 1.421683 1.484186
v -0.517566 1.442876 1.469020
v -0.523932 1.449569 1.462177
v -0.505352 1.438859 1.476345
v -0.547820 1.423635 1.472029
v -0.641513 0.951210 1.742886
v -0.619781 0.996878 1.722364
v -0.638466 1.016506 1.711663
v -0.623347 1.045661 1.698137
v -0.635291 1.074761 1.680873
v -0.612286 1.056303 1.692663
v -0.621630 1.072167 1.683882
v -0.458664 1.443883 1.476019
v -0.448940 1.458921 1.462431
v -0.503841 1.456302 1.461121
v -0.487272 1.442000 1.475826
v -0.408655 1.445797 1.476776
v -0.364984 1.459678 1.465101
v -0.563972 1.412619 1.473581
v -0.562027 1.385500 1.490002
v -0.528967 1.456582 1.457221
v -0.579146 1.442892 1.454433
v -0.509121 1.473455 1.451543
v -0.371256 1.478838 1.451281
v -0.470259 1.488568 1.445733
v -0.535235 1.481443 1.446861
v -0.522684 1.485769 1.446425
v -0.488559 1.466423 1.455588
v -0.367167 1.471660 1.455734
v -0.503510 1.487916 1.446046
v -0.588221 0.927191 1.754124
v -0.593383 1.059647 1.687959
v -0.608197 1.106528 1.662976
v -0.561314 1.093710 1.668591
v -0.536534 1.067348 1.682980
v -0.578343 1.090997 1.668756
v -0.547350 1.092252 1.670624
v -0.519081 1.091847 1.672551
v -0.544117 0.874808 1.786861
v -0.461806 0.884437 1.786616
v -0.235423 0.873439 1.802553
v -0.099742 0.873454 1.805567
v -0.096207 0.879166 1.803062
v -0.246334 0.880562 1.798530
v -0.114347 0.882908 1.800125
v -0.162929 0.864897 1.806772
v -0.036075 0.864936 1.808168
v -0.000003 0.875913 1.805398
v 0.036519 0.882927 1.801085
v 0.000001 0.893672 1.791246
v -0.149643 0.891986 1.790524
v -0.089799 1.091846 1.685719
v -0.223427 1.091847 1.682359
v -0.000000 1.091846 1.686480
v -0.462829 1.058488 1.689826
v -0.233651 1.463863 1.465336
v -0.229315 1.477912 1.454011
v -0.118695 1.466146 1.465509
v -0.000003 1.462366 1.470044
v -0.000001 1.488284 1.447069
v -0.129144 1.482436 1.451639
v -0.587442 1.137542 1.641237
v -0.578501 1.138237 1.640975
v -0.567445 1.100087 1.664088
v -0.567447 1.114131 1.656116
v -0.551306 1.456257 1.453807
v -0.553201 1.470397 1.448223
v -0.569521 1.454984 1.451040
v -0.582110 1.372859 1.495358
v -0.570303 1.340860 1.516464
v -0.557941 1.291192 1.552979
v -0.547537 1.313650 1.544595
v -0.575087 1.248814 1.573516
v -0.568042 1.268004 1.563341
v -0.611153 1.155993 1.631971
v -0.627060 1.154157 1.631898
v -0.568705 1.186423 1.613458
v -0.557456 1.214190 1.600103
v -0.592861 1.414905 1.466978
v -0.585598 1.432058 1.458646
v -0.285784 1.485007 1.448566
v -0.158261 1.488307 1.446822
v -0.403461 1.488576 1.445909
v -0.331601 1.447894 1.477949
v -0.232585 1.449942 1.479287
v -0.120078 1.451470 1.480364
v -0.000000 1.452110 1.480842
v -0.585946 1.236744 1.580803
v -0.577457 1.275128 1.556910
v -0.587939 1.295991 1.544054
v -0.600848 1.378590 1.488384
v -0.614161 1.268996 1.558558
v -0.209865 0.938931 1.760289
v -0.440240 0.928434 1.758071
v -0.512881 0.928182 1.755429
v -0.062754 0.911799 1.778871
v -0.065326 0.939160 1.763746
v -0.131079 0.935660 1.764316
v -0.127326 0.912174 1.777378
v 0.000001 0.911659 1.779398
v 0.000001 0.940329 1.763625
v -0.433542 1.091841 1.675816
v -0.406252 0.879717 1.792632
v -0.399915 0.873714 1.795786
v -0.088367 0.900393 1.785735
v -0.065854 0.892327 1.791988
v -0.065164 0.834098 1.811368
v -0.038061 0.853672 1.809762
v -0.169617 0.852672 1.808493
v -0.131781 0.834157 1.810747
v -0.198855 0.834083 1.809540
v -0.038440 0.802915 1.813457
v 0.039139 0.835461 1.811430
v -0.176406 0.802911 1.811977
v 0.555069 0.864218 1.788047
v 0.613028 0.870696 1.778350
v 0.605075 0.881693 1.777240
v 0.611391 0.856851 1.780139
v 0.589085 0.829400 1.785458
v 0.620741 0.838282 1.779111
v 0.561030 0.844692 1.789430
v 0.557923 0.802868 1.792339
v 0.608348 0.802876 1.782404
v 0.604797 0.905187 1.766458
v 0.621736 0.897116 1.769395
v 0.616169 0.926030 1.756579
v 0.590856 0.886989 1.776363
v 0.625876 0.885697 1.772156
v 0.626589 0.932074 1.753003
v 0.535535 1.400941 1.495627
v 0.553544 1.373325 1.501806
v 0.540982 1.410582 1.484916
v 0.643473 0.911094 1.758660
v 0.629669 0.864550 1.774883
v 0.644948 0.878120 1.767214
v 0.638137 0.829848 1.774611
v 0.646713 0.802875 1.773695
v 0.334710 0.833808 1.804855
v 0.426003 0.833533 1.800217
v 0.425853 0.852773 1.798483
v 0.294357 0.852709 1.804859
v 0.241207 0.802909 1.810362
v 0.368266 0.802898 1.805137
v 0.266682 0.833945 1.807595
v 0.487619 0.802883 1.798165
v 0.523471 0.833332 1.793833
v 0.522880 0.852877 1.792229
v 0.481004 0.865178 1.793423
v 0.357720 0.864830 1.800188
v 0.227924 0.864845 1.805208
v 0.217734 0.901385 1.781538
v 0.402938 0.896109 1.779051
v 0.495803 0.901370 1.771882
v 0.358898 0.890279 1.785325
v 0.486441 0.890765 1.780031
v 0.210881 0.913187 1.774396
v 0.491870 0.911705 1.765605
v 0.570219 0.936273 1.748552
v 0.532200 1.039420 1.696976
v 0.567630 0.920427 1.756947
v 0.576497 1.048549 1.691829
v 0.564548 1.066091 1.682393
v 0.364022 0.970901 1.738395
v 0.379513 1.026181 1.709093
v 0.214543 1.066745 1.693947
v 0.132926 1.060166 1.699312
v 0.200295 1.045521 1.704775
v 0.066578 1.060004 1.700700
v 0.066177 1.028821 1.716636
v 0.133211 1.020711 1.719528
v 0.570653 0.898219 1.769992
v 0.542529 0.881725 1.784117
v 0.526043 1.421683 1.484185
v 0.523930 1.449570 1.462176
v 0.517567 1.442877 1.469019
v 0.547818 1.423638 1.472027
v 0.505352 1.438859 1.476345
v 0.641513 0.951207 1.742888
v 0.636976 1.047971 1.695861
v 0.619785 0.996899 1.722355
v 0.623347 1.045658 1.698138
v 0.621631 1.072168 1.683882
v 0.631691 1.111464 1.658592
v 0.612289 1.056302 1.692664
v 0.458663 1.443883 1.476019
v 0.487272 1.442000 1.475826
v 0.503842 1.456300 1.461122
v 0.448938 1.458919 1.462432
v 0.408655 1.445797 1.476776
v 0.364996 1.459679 1.465099
v 0.562027 1.385494 1.490005
v 0.563969 1.412620 1.473582
v 0.528967 1.456582 1.457221
v 0.579145 1.442892 1.454433
v 0.509125 1.473453 1.451544
v 0.470259 1.488568 1.445733
v 0.371250 1.478836 1.451282
v 0.535235 1.481443 1.446861
v 0.522684 1.485769 1.446425
v 0.503510 1.487916 1.446046
v 0.367201 1.471658 1.455735
v 0.488564 1.466422 1.455588
v 0.588233 0.927177 1.754132
v 0.593381 1.059643 1.687961
v 0.608192 1.106557 1.662958
v 0.561314 1.093710 1.668591
v 0.536532 1.067351 1.682979
v 0.547350 1.092252 1.670624
v 0.519077 1.091847 1.672552
v 0.578225 1.089923 1.669348
v 0.544128 0.874809 1.786860
v 0.461832 0.884437 1.786615
v 0.235399 0.873439 1.802554
v 0.246360 0.880563 1.798529
v 0.096211 0.879166 1.803062
v 0.099713 0.873454 1.805568
v 0.157057 0.883019 1.798960
v 0.149616 0.891986 1.790525
v 0.097129 0.864970 1.807747
v 0.223409 1.091847 1.682360
v 0.089780 1.091846 1.685720
v 0.462903 1.058486 1.689825
v 0.229331 1.477915 1.454009
v 0.233647 1.463865 1.465335
v 0.118693 1.466151 1.465504
v 0.129171 1.482438 1.451637
v 0.586958 1.135831 1.642216
v 0.575971 1.142579 1.638626
v 0.567447 1.114129 1.656117
v 0.567445 1.100088 1.664088
v 0.569521 1.454984 1.451040
v 0.551302 1.456257 1.453808
v 0.553202 1.470397 1.448223
v 0.570306 1.340841 1.516476
v 0.582570 1.372506 1.495510
v 0.547536 1.313650 1.544595
v 0.557941 1.291193 1.552979
v 0.568042 1.268002 1.563342
v 0.575086 1.248822 1.573511
v 0.611158 1.155954 1.631995
v 0.557457 1.214176 1.600111
v 0.566186 1.193024 1.610157
v 0.596164 1.402648 1.473876
v 0.592139 1.416526 1.466252
v 0.579430 1.442435 1.454499
v 0.285742 1.485007 1.448567
v 0.403467 1.488576 1.445909
v 0.158290 1.488308 1.446822
v 0.331600 1.447894 1.477949
v 0.232583 1.449942 1.479287
v 0.120075 1.451470 1.480364
v 0.585944 1.236738 1.580806
v 0.577455 1.275134 1.556906
v 0.588976 1.294878 1.544742
v 0.620304 1.214447 1.593559
v 0.606219 1.335372 1.515914
v 0.440230 0.928431 1.758072
v 0.209896 0.938944 1.760280
v 0.512896 0.928180 1.755430
v 0.062752 0.911801 1.778870
v 0.127322 0.912179 1.777374
v 0.131084 0.935667 1.764313
v 0.065323 0.939151 1.763751
v 0.433459 1.091841 1.675819
v 0.406226 0.879717 1.792634
v 0.399895 0.873713 1.795788
v 0.088388 0.900392 1.785735
v 0.065855 0.892327 1.791988
v 0.131784 0.834158 1.810747
v 0.104927 0.852723 1.809429
v 0.198849 0.834083 1.809541
v 0.199403 0.852779 1.807762
v 0.111026 0.802913 1.812956
v -0.792787 1.023368 -0.710327
v 0.792759 1.023407 -0.710372
v -0.722246 1.114708 -0.505640
v -0.713705 1.167029 -0.472662
v -0.705053 1.169461 -0.481985
v -0.709427 1.126204 -0.513238
v -0.696023 1.169483 -0.491296
v -0.691144 1.123158 -0.534784
v -0.768246 1.053059 -0.562045
v -0.765012 1.058098 -0.531365
v -0.754621 1.065830 -0.548211
v -0.750104 1.074800 -0.518420
v -0.739992 1.078977 -0.543814
v -0.782849 1.040300 -0.577319
v -0.785515 1.037308 -0.530053
v -0.768650 1.055246 -0.517321
v -0.751129 1.076795 -0.502577
v -0.736412 1.089053 -0.519939
v -0.809685 0.769985 -1.397565
v -0.800172 0.753018 -1.555446
v -0.804306 0.697134 -1.529678
v -0.807819 0.793715 -1.407525
v -0.800935 0.706926 -1.565271
v -0.809928 0.681646 -1.445267
v -0.809337 0.656596 -1.466513
v -0.792089 0.807859 -1.612782
v -0.794462 0.744883 -1.613202
v -0.795285 0.675428 -1.613341
v -0.801655 0.626243 -1.571285
v -0.819194 0.905352 1.210989
v -0.816680 0.898415 0.913771
v -0.816788 0.898403 1.191980
v -0.815626 0.889044 0.931986
v -0.815985 0.892445 1.194027
v -0.819463 0.826366 -0.954889
v -0.817171 0.848619 -0.959333
v -0.819022 0.808741 -1.065650
v -0.815413 0.833973 -1.149189
v -0.816615 0.820891 -1.157163
v -0.813021 0.846283 -1.161106
v -0.821609 0.791532 -0.934813
v -0.823000 0.838257 -0.643709
v -0.824010 0.795279 -0.705335
v -0.824807 0.736975 -0.700162
v -0.826484 0.600246 -0.779101
v -0.826394 0.638540 -0.793867
v -0.825962 0.617103 -0.850778
v -0.826057 0.584778 -0.838406
v -0.825885 0.682226 -0.811048
v -0.825602 0.648013 -0.865262
v -0.825099 0.676675 -0.882407
v -0.825810 0.552118 -0.827674
v -0.826236 0.572127 -0.772036
v -0.801877 0.850126 1.439928
v -0.797407 0.862699 1.447296
v -0.807203 0.860964 1.372867
v -0.822551 0.726041 0.616846
v -0.822062 0.773733 0.658560
v -0.821840 0.805824 0.455558
v -0.764735 1.069490 0.904700
v -0.759067 1.075620 1.143237
v -0.759919 1.075326 0.543190
v -0.730069 0.782229 1.698539
v -0.750891 0.764858 1.642770
v -0.725438 0.746259 1.709805
v -0.738086 0.682813 1.671795
v -0.752940 0.653627 1.632241
v -0.725423 0.802955 1.714427
v -0.816371 0.984829 0.868250
v -0.815504 1.001292 0.789851
v -0.817082 0.984901 0.714460
v -0.815098 1.001172 0.946182
v -0.813134 1.015037 0.981900
v -0.813782 1.014922 0.750571
v -0.809925 1.026667 0.877278
v -0.811168 1.026605 0.677699
v -0.776683 1.058601 1.327411
v -0.772542 1.063286 1.250154
v -0.793276 1.049127 1.258348
v -0.769041 1.064388 1.330984
v -0.764561 1.069945 1.246882
v -0.758370 1.075200 1.318924
v -0.772793 1.063319 1.180553
v -0.811637 0.985457 1.335191
v -0.804404 0.997693 1.382978
v -0.810462 1.001361 1.337258
v -0.805647 1.014839 1.360594
v -0.811511 1.015392 1.311531
v -0.804692 0.951942 1.394196
v -0.794512 1.014527 1.432346
v -0.789304 1.026635 1.447690
v -0.802797 1.026503 1.360497
v -0.808584 1.026810 1.310387
v -0.815063 1.002284 1.288823
v -0.815062 0.984754 1.300658
v -0.807552 0.848478 -1.298352
v -0.809507 0.851121 -1.228167
v -0.804152 0.858404 -1.298615
v -0.765121 1.069912 0.531429
v -0.762951 1.073546 0.484300
v -0.774327 1.063317 0.493633
v -0.772828 1.063462 0.540940
v -0.702994 1.206345 1.403113
v -0.697464 1.242061 1.385243
v -0.713368 1.219126 1.321655
v -0.717431 1.240905 1.258356
v -0.727951 1.196811 1.272503
v -0.695034 1.253932 1.377722
v -0.690934 1.270923 1.369488
v -0.705846 1.259338 1.300002
v -0.707741 1.287361 1.242901
v -0.689210 1.287086 1.354023
v -0.684668 1.306628 1.352723
v -0.696488 1.304606 1.281791
v -0.678890 1.336511 1.339460
v -0.681145 1.353503 1.297478
v -0.688318 1.339076 1.272467
v -0.675067 1.365444 1.326226
v -0.680420 1.368147 1.273800
v -0.692895 1.350554 1.217969
v -0.667981 1.393473 1.309462
v -0.671453 1.402856 1.256523
v -0.683709 1.385476 1.202412
v -0.665592 1.407636 1.299597
v -0.659308 1.420769 1.328688
v -0.672099 1.411468 1.219724
v -0.673996 1.414335 1.185378
v -0.678224 1.402762 1.193725
v -0.813769 0.781569 1.378134
v -0.812185 0.841171 1.363805
v -0.817254 0.842243 1.308319
v -0.806866 0.840109 1.410331
v -0.813040 0.850847 1.345017
v -0.818339 0.850366 1.278535
v -0.660970 1.452392 1.109556
v -0.670343 1.424252 1.165637
v -0.671597 1.420058 1.177808
v -0.668549 1.430363 1.108399
v -0.669288 1.427632 1.144101
v -0.656706 1.458336 1.187379
v -0.662958 1.458536 0.482605
v -0.671951 1.440984 0.437327
v -0.669668 1.440273 0.500679
v -0.662088 1.466994 0.436659
v -0.658790 1.410335 1.357595
v -0.650776 1.430273 1.370845
v -0.651568 1.438902 1.340228
v -0.646717 1.450540 1.340229
v -0.642422 1.449633 1.370410
v -0.642023 1.461423 1.334727
v -0.643233 1.456262 -0.260724
v -0.647175 1.426779 -0.292721
v -0.659926 1.411027 -0.295995
v -0.630881 1.462773 -0.266206
v -0.642207 1.474017 -0.234445
v -0.652800 1.448485 -0.254385
v -0.630316 1.482180 -0.240737
v -0.613614 1.489118 -0.246497
v -0.637970 1.421614 -0.305928
v -0.656165 1.393924 -0.320373
v -0.671764 1.366636 -0.333350
v -0.667116 1.349651 -0.355503
v -0.682031 1.331517 -0.358636
v -0.650450 1.375475 -0.342674
v -0.655974 1.336632 -0.374391
v -0.674008 1.295801 -0.399083
v -0.683650 1.297039 -0.390497
v -0.692358 1.292713 -0.384416
v -0.310589 1.548403 1.270291
v -0.405641 1.545805 1.255998
v -0.407397 1.534717 1.308207
v -0.312294 1.542984 1.294972
v -0.463038 1.542019 1.255137
v -0.463477 1.531242 1.307270
v -0.315315 1.537153 1.318946
v -0.310022 1.553182 1.246421
v -0.509216 1.538588 1.252393
v -0.509521 1.528064 1.304271
v -0.509792 1.517828 1.344698
v -0.446853 1.524511 1.338969
v -0.319418 1.531158 1.340770
v -0.691961 1.351425 0.460702
v -0.721333 1.228160 0.437330
v -0.707588 1.280331 0.499909
v -0.725476 1.204930 0.500858
v -0.738978 1.154555 0.437329
v -0.737362 1.154621 0.502366
v -0.686692 1.229553 -0.447136
v -0.694282 1.236092 -0.434891
v -0.703044 1.233275 -0.426902
v -0.579735 1.480789 1.401383
v -0.576128 1.467058 1.427313
v -0.560792 1.479625 1.418692
v -0.553051 1.466184 1.448994
v -0.530539 1.474967 1.447948
v -0.538001 1.485714 1.419661
v -0.586146 1.453123 1.436104
v -0.578636 1.443498 1.454137
v -0.568954 1.454985 1.451048
v -0.498193 1.481613 1.447496
v -0.505584 1.491500 1.418687
v -0.542549 1.496761 1.391661
v -0.511229 1.506646 1.377880
v -0.565113 1.492334 1.389597
v -0.747951 1.111036 0.499827
v -0.747927 1.119301 0.437331
v -0.753612 1.093410 0.474947
v -0.760691 1.081124 0.437387
v -0.756719 1.081656 0.504212
v -0.755531 1.093718 0.437347
v -0.779875 1.057557 0.915617
v -0.771130 1.064059 0.902887
v -0.792153 1.049453 0.728411
v -0.777908 1.050052 1.428106
v -0.758098 1.067809 1.444274
v -0.761730 1.068809 1.388582
v -0.771815 1.049511 1.469115
v -0.746329 1.077832 1.478077
v -0.754413 1.075765 1.419262
v -0.773722 1.057456 1.390220
v -0.819116 0.910406 0.958311
v -0.819377 0.910092 1.154839
v -0.818582 0.936785 1.094635
v -0.821465 0.815187 0.740738
v -0.820622 0.843684 0.729963
v -0.818880 0.904641 0.907620
v -0.822757 0.721466 0.455578
v -0.822876 0.630419 0.453582
v -0.822874 0.592425 0.449721
v -0.822859 0.531896 0.674748
v -0.822875 0.609707 0.721754
v -0.822875 0.630522 0.739536
v -0.822840 0.690189 0.734771
v -0.822875 0.645927 0.755095
v -0.822875 0.661300 0.773407
v -0.822875 0.676268 0.794742
v -0.822705 0.766214 0.893755
v -0.822875 0.583521 0.703981
v -0.822874 0.668512 0.455208
v -0.822468 0.485643 0.486821
v -0.822864 0.559008 0.443242
v -0.822876 0.528682 0.433517
v -0.822869 0.505299 0.423567
v -0.822078 0.465330 0.594348
v -0.822735 0.496143 0.658629
v -0.822630 0.516500 0.565881
v -0.822109 0.446826 0.645728
v -0.822875 0.690466 0.819224
v -0.822875 0.703584 0.846396
v -0.822875 0.715324 0.875655
v -0.822875 0.725389 0.906399
v -0.822857 0.754930 0.967731
v -0.820690 0.850193 -0.750983
v -0.819020 0.861807 -0.646668
v -0.817321 0.864621 -0.736707
v -0.821793 0.850447 -0.652045
v -0.821886 0.712829 1.313802
v -0.820485 0.774779 1.293076
v -0.821858 0.768688 1.260324
v -0.820728 0.843582 1.195978
v -0.822751 0.768159 1.178454
v -0.822637 0.711251 1.277733
v -0.779885 0.904742 1.547621
v -0.789437 0.905386 1.505248
v -0.788380 0.898511 1.498659
v -0.776697 0.899800 1.557190
v -0.787256 0.887811 1.499888
v -0.776191 0.885897 1.552025
v -0.683047 0.811923 1.745088
v -0.701226 0.819902 1.728762
v -0.703572 0.809862 1.728853
v -0.646737 0.802982 1.773368
v -0.664224 0.850185 1.756513
v -0.715581 0.819930 1.714480
v -0.718490 0.808428 1.714670
v -0.822912 0.720815 1.190071
v -0.822875 0.728476 1.163892
v -0.822875 0.712015 1.213765
v -0.822875 0.701949 1.235789
v -0.822878 0.685887 1.264918
v -0.707064 1.046005 1.648983
v -0.692896 1.073148 1.639051
v -0.701766 1.073456 1.630481
v -0.719578 1.046507 1.634805
v -0.713869 1.069488 1.616881
v -0.718752 1.070776 1.603227
v -0.728869 1.045235 1.618524
v -0.707582 1.074541 1.622334
v -0.700326 0.905414 1.721515
v -0.685086 0.899652 1.734169
v -0.678406 0.909648 1.736292
v -0.644161 0.902380 1.762989
v -0.775805 1.064923 0.437974
v -0.786776 1.056595 0.439636
v -0.794855 1.049066 0.494238
v -0.714007 1.156365 1.450481
v -0.715831 1.160877 1.410541
v -0.727012 1.137367 1.402696
v -0.707397 1.170154 1.457825
v -0.710806 1.170152 1.414796
v -0.722871 1.153110 1.380686
v -0.739707 1.091646 1.474770
v -0.736301 1.081151 1.519860
v -0.722122 1.120745 1.506208
v -0.742463 1.070212 1.520401
v -0.729298 1.094116 1.525577
v -0.694868 1.206896 1.476306
v -0.698137 1.206337 1.443067
v -0.707761 1.166278 1.472472
v -0.704703 1.166264 1.503068
v -0.690793 1.244049 1.421841
v -0.680724 1.282375 1.425772
v -0.683668 1.273343 1.405119
v -0.679704 1.306656 1.387910
v -0.667258 1.349165 1.423775
v -0.676817 1.325941 1.381172
v -0.671427 1.347093 1.387954
v -0.675445 1.336608 1.373877
v -0.664846 1.370502 1.387707
v -0.665638 1.393431 1.339692
v -0.670952 1.365568 1.360967
v -0.625306 1.491781 1.297305
v -0.623207 1.508680 1.221444
v -0.629777 1.505712 1.201572
v -0.631792 1.479471 1.323127
v -0.636188 1.498485 1.196165
v -0.637044 1.470385 1.332751
v -0.618046 1.490864 1.325378
v -0.616368 1.499426 1.295586
v -0.627212 1.480932 1.334859
v -0.614498 1.510755 1.246749
v -0.642371 1.488995 1.192228
v -0.713893 1.136046 1.520165
v -0.714692 1.123179 1.546000
v -0.601110 1.518250 1.248806
v -0.602088 1.507083 1.299019
v -0.603805 1.495200 1.339859
v -0.581244 1.515075 1.304991
v -0.582014 1.503905 1.345165
v -0.580856 1.526159 1.253514
v -0.623172 1.515262 1.175323
v -0.629671 1.510567 1.159386
v -0.636531 1.503986 1.141004
v -0.613566 1.519317 1.201096
v -0.613352 1.523655 1.160197
v -0.620608 1.521515 1.117139
v -0.630002 1.513976 1.099224
v -0.642987 1.495915 1.100867
v -0.644971 1.488815 1.158537
v -0.599845 1.526822 1.202540
v -0.599505 1.531246 1.160356
v -0.580228 1.532583 1.217943
v -0.580180 1.535937 1.192816
v -0.580181 1.538975 1.160606
v -0.588973 1.539252 1.107835
v -0.605565 1.531142 1.116695
v -0.563764 1.538702 1.205372
v -0.563973 1.544203 1.146193
v -0.541947 1.543542 1.194244
v -0.541914 1.546576 1.161878
v -0.542005 1.540246 1.219637
v -0.577408 1.542652 1.117425
v -0.563978 1.530881 1.252688
v -0.542189 1.534459 1.253809
v -0.509203 1.543936 1.220404
v -0.509173 1.547263 1.194839
v -0.509156 1.550359 1.162311
v -0.541894 1.549571 1.118111
v -0.509145 1.553460 1.118420
v -0.736366 1.120447 1.368769
v -0.741389 1.113332 1.331196
v -0.743661 1.104747 1.345426
v -0.738954 1.125665 1.317266
v -0.745609 1.110673 1.286774
v -0.746710 1.103393 1.283371
v -0.747422 1.100866 1.260338
v -0.749209 1.094103 1.282798
v -0.748550 1.085312 1.421996
v -0.344088 1.594385 0.498953
v -0.341812 1.594615 0.465293
v -0.406067 1.589706 0.465046
v -0.408391 1.589442 0.498336
v -0.341813 1.594039 0.432669
v -0.406074 1.589072 0.432598
v -0.463074 1.584506 0.464814
v -0.464878 1.584267 0.497779
v -0.465104 1.583239 0.419186
v -0.275906 1.598604 0.499589
v -0.275290 1.598602 0.451945
v -0.273933 1.597084 0.387478
v -0.341814 1.592731 0.387642
v -0.406083 1.587640 0.387803
v -0.510448 1.578201 0.420082
v -0.509412 1.579598 0.476646
v -0.510616 1.578163 0.539590
v -0.608506 1.549093 0.581928
v -0.603516 1.539844 0.941538
v -0.601954 1.555000 0.539029
v -0.593787 1.558035 0.581277
v -0.586271 1.560174 0.613178
v -0.586924 1.563470 0.504931
v -0.599359 1.557737 0.482389
v -0.609983 1.550605 0.472826
v -0.615749 1.545305 0.484406
v -0.615653 1.538854 0.714357
v -0.621596 1.533051 0.706163
v -0.622491 1.538234 0.462347
v -0.627070 1.528624 0.586688
v -0.629679 1.528862 0.451371
v -0.633401 1.519533 0.534449
v -0.640405 1.507944 0.502617
v -0.639492 1.507900 0.558841
v -0.634387 1.515491 0.725432
v -0.669472 1.440448 0.526858
v -0.656725 1.471084 0.524693
v -0.603234 1.552989 0.391419
v -0.595717 1.557534 0.403057
v -0.618514 1.541335 0.390184
v -0.612094 1.544873 0.337656
v -0.587674 1.562964 0.453259
v -0.587885 1.558823 0.349633
v -0.639714 1.504178 0.084444
v -0.640081 1.511488 0.301322
v -0.633545 1.515913 0.154457
v -0.632281 1.524557 0.372199
v -0.625427 1.533296 0.372849
v -0.628234 1.522887 0.155323
v -0.645425 1.495649 0.109091
v -0.645030 1.499404 0.183376
v -0.645250 1.502153 0.258089
v -0.646403 1.502472 0.325815
v -0.648805 1.498940 0.379135
v -0.638998 1.514860 0.386063
v -0.543177 1.552710 -0.013195
v -0.543733 1.548456 -0.081696
v -0.566549 1.542126 -0.110256
v -0.565877 1.548156 -0.013009
v -0.581452 1.542568 -0.038773
v -0.509686 1.565935 0.147188
v -0.509474 1.557836 -0.013223
v -0.543044 1.567017 0.272914
v -0.510100 1.553260 -0.083629
v -0.510333 1.549720 -0.124799
v -0.544176 1.545173 -0.122691
v -0.583162 1.535341 -0.139722
v -0.599087 1.531881 -0.109992
v -0.592351 1.540195 -0.004087
v -0.564899 1.560437 0.228263
v -0.341821 1.577434 0.024395
v -0.341823 1.573615 -0.038027
v -0.406158 1.568032 -0.035820
v -0.406144 1.571691 0.026268
v -0.341826 1.569465 -0.090656
v -0.406178 1.564152 -0.088163
v -0.463383 1.562221 -0.033728
v -0.463335 1.565732 0.028042
v -0.463450 1.558604 -0.085799
v -0.273933 1.586135 0.094008
v -0.273933 1.582475 0.022472
v -0.341820 1.581059 0.095560
v -0.273933 1.578500 -0.040292
v -0.273933 1.574106 -0.093213
v -0.273933 1.569187 -0.135217
v -0.341829 1.564846 -0.132440
v -0.406207 1.559897 -0.129732
v -0.463548 1.554726 -0.127162
v -0.462951 1.571376 0.140338
v -0.406132 1.575282 0.097071
v -0.626037 1.494104 -0.226731
v -0.636749 1.490075 -0.214699
v -0.622474 1.502824 -0.214305
v -0.625023 1.507612 -0.195432
v -0.613308 1.513717 -0.199619
v -0.607938 1.501660 -0.232122
v -0.636600 1.498361 -0.186109
v -0.607910 1.511824 -0.212400
v -0.605109 1.521045 -0.186857
v -0.205483 1.566927 -0.168769
v -0.136989 1.569307 -0.171267
v -0.137148 1.563214 -0.193068
v -0.205721 1.560831 -0.190505
v -0.068494 1.570771 -0.173034
v -0.068574 1.564740 -0.194880
v -0.137807 1.556255 -0.210235
v -0.203960 1.554209 -0.207108
v -0.069347 1.557544 -0.212823
v -0.205449 1.572599 -0.137947
v -0.273978 1.563683 -0.165905
v -0.136966 1.575025 -0.140329
v -0.068483 1.576474 -0.142014
v -0.000000 1.576955 -0.142653
v -0.000000 1.571270 -0.173704
v 0.000000 1.565277 -0.195567
v 0.000001 1.558251 -0.213294
v -0.274295 1.557721 -0.187568
v -0.269525 1.551354 -0.204313
v -0.145862 1.525093 -0.269285
v -0.219183 1.522681 -0.266204
v -0.072890 1.526792 -0.271454
v 0.000001 1.527440 -0.272278
v -0.291679 1.519948 -0.262714
v -0.624579 1.512799 -0.169350
v -0.621477 1.518404 -0.132108
v -0.613555 1.523298 -0.134181
v -0.617050 1.517640 -0.171945
v -0.606449 1.524820 -0.158425
v -0.631225 1.507115 -0.166500
v -0.627447 1.514867 -0.109487
v -0.597061 1.528308 -0.161846
v -0.706606 1.106567 -0.538670
v -0.717270 1.103962 -0.529475
v -0.709780 1.116136 -0.523174
v -0.712220 1.095200 -0.551376
v -0.723960 1.092208 -0.541840
v -0.727226 1.100669 -0.516538
v -0.634746 1.505559 -0.135155
v -0.645037 1.489414 -0.158712
v -0.639961 1.498400 -0.132518
v -0.655249 1.469969 -0.176598
v -0.652202 1.476859 -0.153740
v -0.649931 1.481835 -0.118263
v -0.602018 1.536611 0.008642
v -0.637173 1.517508 0.440231
v -0.644255 1.505131 0.437517
v -0.647140 1.480699 -0.199559
v -0.651925 1.465330 -0.222734
v -0.658541 1.461019 -0.195820
v -0.663655 1.444240 -0.219798
v -0.611683 1.434978 -0.307711
v -0.620816 1.455948 -0.280906
v -0.597856 1.457699 -0.289990
v -0.612849 1.475534 -0.263568
v -0.597814 1.489018 -0.254318
v -0.620318 1.411664 -0.325929
v -0.575429 1.477971 -0.274865
v -0.577901 1.493586 -0.255096
v -0.541035 1.494187 -0.264058
v -0.633851 1.361025 -0.364675
v -0.626863 1.389203 -0.343259
v -0.658735 1.243942 -0.452840
v -0.671252 1.186222 -0.496484
v -0.676012 1.219616 -0.463472
v -0.721880 1.161074 -0.464114
v -0.737063 1.112046 -0.480563
v -0.726995 1.172275 -0.443148
v -0.739560 1.101263 -0.487035
v -0.743001 1.091669 -0.493014
v -0.097519 1.085119 -0.691895
v -0.128828 1.096855 -0.629485
v -0.040397 1.096852 -0.630078
v -0.194394 1.096913 -0.628431
v 0.032709 1.085480 -0.690457
v -0.801193 0.989839 -0.684233
v -0.795663 1.008322 -0.701769
v -0.805005 0.974805 -0.708225
v -0.791798 1.016680 -0.672282
v -0.807934 0.972760 -0.654969
v -0.794994 1.009233 -0.638649
v -0.789426 1.021885 -0.637742
v -0.783148 1.036749 -0.645529
v -0.787811 1.030025 -0.681242
v -0.800276 0.992701 -0.724535
v -0.807802 0.958110 -0.742209
v -0.817714 0.957130 -0.546001
v -0.814722 0.956536 -0.609718
v -0.819913 0.942661 -0.547158
v -0.818670 0.925072 -0.629354
v -0.821571 0.921376 -0.548242
v -0.813986 0.973266 -0.544124
v -0.816577 0.940257 -0.631975
v -0.819322 0.910357 -0.640082
v -0.824768 0.594793 -0.681531
v -0.824301 0.501194 -0.758721
v -0.825516 0.539119 -0.748841
v -0.825071 0.520076 -0.818135
v -0.821620 0.459604 -0.801777
v -0.823630 0.488017 -0.809256
v -0.819141 0.439886 -0.737189
v -0.822121 0.475524 -0.717289
v -0.818102 0.429383 -0.794020
v -0.813600 0.425880 -0.250631
v -0.808504 0.397605 -0.249934
v -0.809084 0.396032 -0.052472
v -0.814396 0.423126 -0.076308
v -0.803186 0.372814 -0.326248
v -0.804366 0.373254 0.051235
v -0.816571 0.428275 0.157670
v -0.818477 0.472039 -0.393916
v -0.812923 0.428726 -0.397330
v -0.818804 0.457231 -0.250815
v -0.807884 0.398538 -0.465528
v -0.798321 0.352622 -0.461173
v -0.798791 0.352768 -0.160203
v -0.799450 0.352737 0.176770
v -0.810593 0.394559 0.438699
v -0.820765 0.451072 0.096093
v -0.821759 0.456512 0.241844
v -0.819674 0.450777 -0.077803
v -0.800097 0.352780 0.540714
v -0.805594 0.373181 0.485152
v -0.815027 0.415527 0.442266
v -0.818308 0.434388 0.445213
v -0.814213 0.406979 0.549664
v -0.809623 0.387413 0.548340
v -0.812716 0.391189 0.636327
v -0.804009 0.365560 0.563589
v -0.802010 0.353942 0.632019
v -0.817704 0.422935 0.569072
v -0.817962 0.414351 0.639582
v -0.794977 0.336331 0.535649
v -0.789370 0.320305 0.366406
v -0.786635 0.312818 0.547885
v -0.804387 0.365581 -0.727162
v -0.809947 0.387839 -0.724846
v -0.806621 0.372870 -0.779451
v -0.814146 0.405705 -0.787942
v -0.814974 0.413729 -0.720946
v -0.799335 0.348439 -0.706662
v -0.794411 0.333436 -0.769180
v -0.791323 0.324434 0.596922
v -0.780398 0.296715 0.603772
v -0.790083 0.319688 0.627722
v -0.779633 0.295132 0.576905
v -0.785234 0.307957 0.623123
v -0.782488 0.301640 0.617267
v -0.794182 0.335443 0.052587
v -0.793721 0.335377 -0.320488
v -0.789120 0.320603 -0.152022
v -0.783482 0.305390 -0.537519
v -0.779598 0.295145 -0.575222
v -0.788658 0.319513 -0.570464
v -0.793659 0.335199 -0.567114
v -0.798282 0.351599 -0.575043
v -0.794602 0.334055 -0.663666
v -0.799498 0.351183 -0.641099
v -0.789511 0.319711 -0.673230
v -0.786016 0.310745 -0.761823
v -0.779665 0.295234 -0.736770
v -0.781491 0.299664 -0.752981
v -0.809822 0.393723 -0.655960
v -0.804987 0.369688 -0.678201
v -0.802742 0.368858 -0.589564
v -0.823735 0.511452 -0.708712
v -0.820588 0.529567 -0.582811
v -0.822406 0.570232 -0.599657
v -0.818375 0.448735 -0.671023
v -0.818425 0.489792 -0.580549
v -0.824635 0.701262 -0.658531
v -0.824456 0.642688 -0.648430
v -0.815556 0.454206 -0.579276
v -0.822106 0.606477 -0.552630
v -0.814790 0.419073 -0.675701
v -0.811774 0.422208 -0.577572
v -0.807558 0.395155 -0.576139
v -0.616753 1.446897 1.415259
v -0.618274 1.459767 1.396551
v -0.605561 1.476124 1.383256
v -0.621570 1.468294 1.378522
v -0.631728 1.439728 1.408526
v -0.625023 1.426130 1.430015
v -0.802947 0.372620 -0.525711
v -0.812240 0.426967 -0.496952
v -0.816073 0.459588 -0.505991
v -0.819908 0.528046 -0.532520
v -0.821074 0.565453 -0.550052
v -0.818423 0.491892 -0.531931
v -0.818905 0.496170 -0.485358
v -0.810737 0.955778 -0.686393
v -0.811208 0.939901 -0.753703
v -0.813664 0.926382 -0.764898
v -0.816213 0.914382 -0.736071
v -0.815957 0.915068 -0.779026
v -0.782355 1.040363 -0.593276
v -0.781602 1.039777 -0.620438
v -0.803285 0.990827 -0.627414
v -0.765343 1.053189 -0.580494
v -0.749618 1.066062 -0.567343
v -0.744521 1.065245 -0.584646
v -0.764160 1.051893 -0.596796
v -0.728448 1.080469 -0.564386
v -0.729907 1.071027 -0.588810
v -0.740914 1.060584 -0.608975
v -0.765554 1.048405 -0.615968
v -0.706513 1.086245 -0.575520
v -0.711940 1.076065 -0.595294
v -0.722468 1.059439 -0.638614
v -0.733159 1.052623 -0.654495
v -0.718487 1.066710 -0.616636
v -0.762941 1.046002 -0.637340
v -0.713140 1.052324 -0.686579
v -0.696106 1.060415 -0.665308
v -0.684209 1.057956 -0.691748
v -0.750383 1.037269 -0.715185
v -0.741389 1.044879 -0.682774
v -0.715188 1.047079 -0.720176
v -0.693723 1.065632 -0.645549
v -0.674188 1.065721 -0.660607
v -0.686688 1.052889 -0.723907
v -0.515139 1.073814 -0.695146
v -0.468663 1.072769 -0.719239
v -0.543708 1.068998 -0.711868
v -0.605548 1.070414 -0.676367
v -0.536575 1.075741 -0.677432
v -0.421026 1.078293 -0.698269
v -0.457765 1.070513 -0.740788
v -0.517411 1.067707 -0.737118
v -0.608954 1.064672 -0.705058
v -0.649007 1.057712 -0.727166
v -0.355380 1.079640 -0.703261
v -0.409760 1.071731 -0.743019
v -0.365482 1.072593 -0.744655
v -0.302900 1.080151 -0.707718
v -0.312873 1.073128 -0.746161
v -0.245132 1.096819 -0.626940
v -0.256333 1.073439 -0.747384
v -0.167235 1.073836 -0.748746
v -0.034758 1.074056 -0.749611
v 0.053638 1.074076 -0.749537
v -0.295553 1.096804 -0.624625
v -0.339630 1.096720 -0.621819
v -0.412886 1.085479 -0.664166
v -0.384252 1.096578 -0.618349
v -0.425575 1.096257 -0.614771
v -0.552111 1.081028 -0.650642
v -0.531231 1.089652 -0.623673
v -0.515656 1.082213 -0.655374
v -0.466230 1.095792 -0.611096
v -0.476275 1.083372 -0.660015
v -0.584796 1.079889 -0.645902
v -0.597836 1.089257 -0.611428
v -0.580587 1.094847 -0.596830
v -0.546142 1.094927 -0.602276
v -0.507382 1.095309 -0.606972
v -0.710951 1.229166 -0.417364
v -0.699877 1.289118 -0.374834
v -0.712417 1.254022 -0.387621
v -0.700610 1.310367 -0.346432
v -0.680650 1.360030 -0.325934
v -0.691076 1.328027 -0.345737
v -0.671585 1.393361 -0.297333
v -0.691624 1.345555 -0.317916
v -0.682747 1.377161 -0.290032
v -0.664998 1.424109 -0.261905
v -0.619880 1.390147 1.464774
v -0.587625 1.428345 1.460232
v -0.638094 1.400443 1.440993
v -0.595609 1.404773 1.472625
v -0.663399 1.075215 -0.633848
v -0.651531 1.086486 -0.606621
v -0.635514 1.078644 -0.634355
v -0.631499 1.096659 -0.583553
v -0.612559 1.079100 -0.640456
v -0.646897 1.070544 -0.658238
v -0.669370 1.082048 -0.611343
v -0.667127 1.091557 -0.590192
v -0.662840 1.105190 -0.566510
v -0.650072 1.099910 -0.575233
v -0.609318 1.095306 -0.590476
v -0.650365 1.066010 -0.675872
v -0.652674 1.061648 -0.697534
v -0.287057 1.506426 1.410957
v -0.401423 1.498471 1.419765
v -0.386155 1.495367 1.429384
v -0.459310 1.496103 1.417644
v -0.454631 1.485796 1.447416
v -0.400003 1.505052 1.403195
v -0.461779 1.510687 1.378551
v -0.399196 1.488110 1.447605
v -0.299695 1.495018 1.435224
v -0.337347 1.488924 1.447911
v -0.242814 1.489033 1.448375
v -0.255033 1.501548 1.423227
v -0.654667 1.319519 1.489843
v -0.641219 1.312572 1.506227
v -0.612233 1.285200 1.548115
v -0.601384 1.373978 1.491279
v -0.672373 1.200913 1.566234
v -0.654879 1.197229 1.581650
v -0.621164 1.207036 1.598330
v -0.680081 1.071161 1.650708
v -0.662604 1.065334 1.667601
v -0.664602 1.128795 1.623092
v -0.689767 1.128865 1.603101
v -0.632390 1.104798 1.662710
v -0.684020 1.043851 1.667744
v -0.709572 1.031648 1.656330
v -0.680176 1.029707 1.678811
v -0.636618 1.054361 1.692593
v -0.638460 1.011276 1.715289
v -0.765063 1.044721 1.515304
v -0.771750 1.035812 1.509405
v -0.758395 1.035858 1.552640
v -0.753612 1.045382 1.551142
v -0.776548 1.026554 1.504720
v -0.760568 1.023301 1.559545
v -0.737049 1.109172 1.433658
v -0.749525 1.088357 1.372257
v -0.752856 1.081675 1.371606
v -0.821655 0.816128 0.890240
v -0.771057 1.039184 -0.659723
v -0.726077 0.898304 1.696595
v -0.732818 0.904590 1.685512
v -0.733221 0.817959 1.688687
v -0.738744 0.904043 1.673164
v -0.715461 0.857918 1.711461
v -0.715200 0.904508 1.708528
v -0.739434 0.817385 1.674825
v -0.745111 0.888405 1.657394
v -0.813467 0.647179 1.458291
v -0.799199 0.780050 1.486268
v -0.813311 0.698174 1.439802
v -0.802732 0.687864 1.494559
v -0.794110 0.769766 1.512915
v -0.803733 0.787874 1.457328
v -0.816804 0.639416 1.440791
v -0.817338 0.685523 1.416299
v -0.746223 0.586701 1.644032
v -0.725499 0.566784 1.695328
v -0.742255 0.533098 1.648306
v -0.725504 0.537157 1.691610
v -0.739367 0.503457 1.649846
v -0.738151 0.474901 1.646055
v -0.732531 0.477647 1.658131
v -0.725514 0.513707 1.685897
v -0.750470 0.501887 1.624375
v -0.757972 0.474171 1.604933
v -0.726376 0.492733 1.676287
v -0.728964 0.482067 1.666568
v -0.773477 0.846785 1.578328
v -0.768934 0.800461 1.594387
v -0.746660 0.905317 1.651562
v -0.773442 0.906201 1.571707
v -0.802721 0.473632 1.507241
v -0.806742 0.530907 1.497803
v -0.811932 0.473460 1.484945
v -0.811246 0.580285 1.483532
v -0.791309 0.526135 1.534061
v -0.793714 0.577573 1.530295
v -0.815151 0.582126 1.468580
v -0.818331 0.473130 1.463026
v -0.818289 0.578073 1.452150
v -0.821149 0.474101 1.443579
v -0.821932 0.569839 1.416023
v -0.822011 0.476584 1.433349
v -0.822861 0.506142 1.411874
v -0.822703 0.490287 1.418023
v -0.822473 0.481637 1.424422
v -0.822875 0.556236 1.401828
v -0.820101 0.583945 1.434972
v -0.822875 0.574923 1.395547
v -0.822875 0.588791 1.388327
v -0.819791 0.618133 1.423346
v -0.822197 0.622053 1.386781
v -0.819860 0.645104 1.411826
v -0.819234 0.685975 1.394790
v -0.821184 0.653160 1.388560
v -0.821268 0.691648 1.352561
v -0.822888 0.657246 1.307800
v -0.822871 0.616487 1.362517
v -0.822875 0.601407 1.378487
v -0.773515 0.581399 1.578289
v -0.776810 0.644190 1.573220
v -0.759490 0.544973 1.608086
v -0.809005 0.782626 1.422004
v -0.818633 0.743710 1.351039
v -0.781549 0.835798 1.552388
v -0.790453 0.838279 1.514698
v -0.791203 0.728576 1.530345
v -0.779798 0.785948 1.563370
v -0.725892 0.818319 1.701382
v -0.741023 0.948636 1.646634
v -0.734756 0.951590 1.659986
v -0.730005 1.005658 1.644609
v -0.736254 1.010136 1.629761
v -0.728626 0.952133 1.671088
v -0.723846 1.005214 1.654395
v -0.720871 0.953214 1.681139
v -0.716229 1.004774 1.663363
v -0.710483 0.954286 1.691256
v -0.706263 1.003391 1.672913
v -0.723466 1.031640 1.641195
v -0.733515 1.032149 1.621934
v -0.674684 1.308052 1.440272
v -0.542594 1.523812 1.305488
v -0.564512 1.520072 1.304241
v -0.542721 1.516060 1.336156
v -0.564886 1.512143 1.334881
v -0.777649 1.043153 1.466473
v -0.765562 1.049255 1.499148
v -0.781762 1.035886 1.467602
v -0.774167 0.509628 1.571934
v -0.703305 1.144174 1.568664
v -0.691400 1.188039 1.555454
v -0.694052 1.190072 1.545931
v -0.693932 1.150789 1.582453
v -0.678698 1.205440 1.557791
v -0.680743 1.221892 1.542569
v -0.680542 1.245654 1.521297
v -0.696626 1.195262 1.515834
v -0.681370 1.256505 1.506436
v -0.646017 1.392919 1.438560
v -0.649182 1.398990 1.427742
v -0.657700 1.388013 1.413534
v -0.649846 1.421243 1.395314
v -0.639917 1.419415 1.421340
v -0.642192 1.434198 1.399942
v -0.652432 1.398849 1.419722
v -0.762123 0.722325 1.611936
v -0.634640 1.453578 1.384440
v -0.632107 1.466945 1.362605
v -0.619726 1.481549 1.351694
v -0.604850 1.485745 1.363786
v -0.582412 1.491762 1.376984
v -0.666088 0.884571 1.750687
v -0.685282 0.875941 1.736987
v -0.701373 0.873205 1.723825
v -0.645303 0.869086 1.769016
v -0.565393 1.503847 1.361007
v -0.543148 1.508175 1.361733
v -0.205449 1.562490 1.223951
v -0.136966 1.565142 1.224546
v -0.136966 1.569412 1.197690
v -0.205449 1.566603 1.197294
v -0.068483 1.566922 1.224966
v -0.068483 1.571302 1.197970
v -0.136966 1.573562 1.163929
v -0.205449 1.570602 1.163723
v -0.068483 1.575554 1.164074
v -0.206894 1.555697 1.259483
v -0.309493 1.557416 1.222953
v -0.137702 1.558127 1.260811
v -0.068763 1.559774 1.261643
v 0.000000 1.559948 1.264017
v -0.000000 1.567573 1.225126
v -0.000000 1.571994 1.198076
v -0.000000 1.576283 1.164129
v -0.000000 1.580577 1.119189
v -0.068483 1.579831 1.119172
v -0.136966 1.577785 1.119125
v -0.205449 1.574722 1.119060
v -0.306995 1.565148 1.162995
v -0.304394 1.569295 1.117040
v -0.308600 1.561307 1.196592
v -0.140619 1.602867 0.550453
v -0.066700 1.601008 0.699427
v -0.070553 1.604290 0.540307
v -0.205724 1.599509 0.603660
v -0.206792 1.601177 0.530680
v -0.273925 1.594972 0.646594
v -0.204336 1.597071 0.700674
v -0.135790 1.599492 0.702758
v 0.000001 1.600591 0.736384
v 0.000002 1.604592 0.546255
v -0.274391 1.597212 0.564734
v -0.817574 0.791139 1.330371
v -0.322655 1.525217 1.359669
v -0.405053 1.519314 1.364379
v -0.318239 1.519033 1.377833
v -0.463238 1.517839 1.357284
v -0.798565 0.905586 1.451169
v -0.794142 0.911189 1.476992
v -0.798892 0.841619 1.468020
v -0.796013 0.640065 1.522822
v -0.800010 0.646898 1.510216
v -0.787296 0.657681 1.546365
v -0.786897 0.697468 1.546340
v -0.822885 0.743431 1.070441
v -0.822875 0.744570 1.036910
v -0.822875 0.740118 1.103357
v -0.822875 0.735007 1.134795
v -0.822495 0.793260 1.017378
v -0.822875 0.733506 0.938099
v -0.822875 0.739506 0.970522
v -0.822875 0.743242 1.003512
v -0.819761 0.851309 0.714577
v -0.817328 0.858468 0.940623
v -0.818020 0.858769 0.455406
v -0.816900 0.866068 0.455355
v -0.803256 0.845759 -1.400809
v -0.798924 0.863610 -1.391515
v -0.806112 0.866385 -1.192643
v -0.816721 0.904141 -0.733122
v -0.821094 0.904054 -0.548819
v -0.817898 0.889046 -0.623561
v -0.819687 0.843425 1.258911
v -0.818218 0.986298 0.543733
v -0.817886 1.002339 0.454078
v -0.818755 0.980471 0.455143
v -0.734766 1.050383 1.595352
v -0.742653 1.038845 1.592557
v -0.734660 1.066168 1.559215
v -0.746807 1.023212 1.596417
v -0.820612 0.846667 1.162375
v -0.821995 0.811065 1.054389
v -0.822234 0.784051 0.813523
v -0.751784 1.088130 1.225859
v -0.755079 1.081473 1.215115
v -0.804302 0.589346 1.503465
v -0.819540 0.852560 1.186500
v -0.817479 0.858185 1.216028
v -0.815868 0.860674 1.262244
v -0.812750 0.860820 1.318569
v -0.816337 0.865517 1.184917
v -0.816576 0.983271 1.009008
v -0.815666 1.001266 1.050047
v -0.810293 1.026728 1.026699
v -0.819960 0.910551 0.455561
v -0.819594 0.904770 0.455537
v -0.819022 0.937814 0.610005
v -0.818421 0.937288 0.788681
v -0.709642 1.091127 1.604633
v -0.816240 1.015373 0.452944
v -0.813268 1.026853 0.451155
v -0.821240 0.836903 0.455557
v -0.820360 0.849961 0.455524
v -0.799118 1.043122 0.990844
v -0.805279 1.035971 0.820621
v -0.805408 1.035871 1.010838
v -0.791938 1.049288 0.993641
v -0.813796 0.822895 -1.242323
v -0.818187 0.794024 -1.144571
v -0.816884 0.795502 -1.191713
v -0.819256 0.789774 -1.103993
v -0.813076 0.811616 -1.283884
v -0.813930 0.781607 -1.294475
v -0.814558 0.787011 -1.272281
v -0.815213 0.790970 -1.249515
v -0.815879 0.793609 -1.226428
v -0.797423 0.853203 -1.474241
v -0.792670 0.869262 -1.487086
v -0.797300 0.845887 -1.497562
v -0.794826 0.861137 -1.507967
v -0.819139 0.891002 -0.549163
v -0.803171 0.824508 -1.442269
v -0.797174 0.834761 -1.518734
v -0.807739 0.826509 -1.365178
v -0.811081 0.797684 -1.346318
v -0.811653 0.740515 -1.379332
v -0.812214 0.754412 -1.357993
v -0.812770 0.765651 -1.336997
v -0.813337 0.774595 -1.315953
v -0.815549 0.899916 -0.874340
v -0.804842 0.899958 -1.199149
v -0.804081 0.896245 -1.195056
v -0.817318 0.902477 -0.875472
v -0.806624 0.902466 -1.198622
v -0.803522 0.891476 -1.201902
v -0.814579 0.893944 -0.861985
v -0.820022 0.785495 -1.074179
v -0.820820 0.779394 -1.042755
v -0.821624 0.770815 -1.011038
v -0.822416 0.759113 -0.980367
v -0.788664 0.859204 -1.612168
v -0.796842 0.803629 -1.558827
v -0.810512 0.703987 -1.423416
v -0.811096 0.723679 -1.401261
v -0.800385 0.591839 -1.579436
v -0.794413 0.594704 -1.613359
v -0.792319 0.555068 -1.613370
v -0.799279 0.548001 -1.578697
v -0.804165 0.629409 -1.548753
v -0.807784 0.572404 -1.520151
v -0.808272 0.601295 -1.504342
v -0.805191 0.555115 -1.544650
v -0.803070 0.546791 -1.558126
v -0.807543 0.547420 -1.531443
v -0.808788 0.629424 -1.486426
v -0.800865 1.007284 -0.537676
v -0.808622 0.989227 -0.541471
v -0.791226 0.494128 -1.592048
v -0.779851 0.464314 -1.611612
v -0.790319 0.472226 -1.587043
v -0.795058 0.519161 -1.588429
v -0.787516 0.510971 -1.613321
v -0.778551 0.448610 -1.606970
v -0.782737 0.446769 -1.597451
v -0.807160 0.522435 -1.540105
v -0.801048 0.521359 -1.564909
v -0.798443 0.497606 -1.570269
v -0.803363 0.501418 -1.555351
v -0.799288 0.479211 -1.565325
v -0.793240 0.454909 -1.576378
v -0.799361 0.464249 -1.563892
v -0.805760 0.490233 -1.549101
v -0.803161 0.474307 -1.555708
v -0.824560 0.702411 -0.902678
v -0.824531 0.758514 -0.795964
v -0.823853 0.724779 -0.925848
v -0.823106 0.743748 -0.951824
v -0.823279 0.771709 -0.550984
v -0.823063 0.672952 -0.552275
v -0.822691 0.813595 -0.804030
v -0.794351 1.048702 1.194188
v -0.801548 1.042878 1.220487
v -0.807284 1.035833 1.173061
v -0.812102 1.026691 1.175130
v -0.677999 1.137513 -0.534698
v -0.675979 1.161557 -0.515244
v -0.680581 1.111145 -0.554334
v -0.691189 1.109120 -0.549759
v -0.683192 1.123623 -0.541292
v -0.679246 1.101028 -0.567725
v -0.671124 1.112991 -0.557196
v -0.693609 1.098552 -0.562933
v -0.675747 1.122774 -0.547544
v -0.548023 1.533798 -0.189418
v -0.571932 1.530519 -0.187271
v -0.569734 1.534362 -0.171956
v -0.546033 1.537947 -0.174046
v -0.590124 1.525545 -0.190107
v -0.585853 1.530836 -0.169981
v -0.568233 1.537812 -0.150733
v -0.544854 1.541706 -0.152744
v -0.523468 1.528773 -0.210782
v -0.555763 1.525913 -0.208649
v -0.513360 1.537189 -0.191755
v -0.578606 1.522970 -0.206635
v -0.510727 1.545898 -0.154968
v -0.511607 1.541734 -0.176339
v -0.561222 1.516724 -0.225736
v -0.584306 1.514085 -0.223083
v -0.568070 1.506956 -0.239703
v -0.590407 1.504646 -0.236216
v -0.597568 1.514410 -0.215751
v -0.524436 1.519238 -0.229375
v -0.533629 1.509909 -0.242988
v -0.542089 1.575095 0.476763
v -0.542736 1.573662 0.420818
v -0.564421 1.569136 0.410894
v -0.563714 1.571028 0.476886
v -0.578228 1.564953 0.402196
v -0.577503 1.567360 0.484731
v -0.542343 1.573538 0.548216
v -0.563409 1.569645 0.547579
v -0.508193 1.571020 0.739994
v -0.577141 1.564962 0.575508
v -0.684521 1.090099 -0.584827
v -0.687795 1.080553 -0.604493
v -0.691045 1.072306 -0.625077
v -0.672072 1.414612 -0.253163
v -0.541881 1.552690 1.060342
v -0.542340 1.556580 0.975208
v -0.563828 1.549863 1.042132
v -0.563802 1.555731 0.903475
v -0.577602 1.551956 0.909496
v -0.577578 1.546484 1.041664
v -0.510106 1.557910 1.036234
v -0.509308 1.564122 0.903419
v -0.542020 1.562446 0.835233
v -0.587259 1.546217 0.969037
v -0.205449 1.579105 1.060888
v -0.136966 1.582186 1.060895
v -0.136966 1.586543 0.993845
v -0.205449 1.583511 0.993830
v -0.068483 1.584214 1.060899
v -0.068483 1.588491 0.993856
v -0.136966 1.590544 0.924335
v -0.205449 1.587606 0.924270
v -0.068483 1.592381 0.924381
v -0.273933 1.575212 1.060880
v -0.000000 1.584944 1.060901
v -0.000000 1.589180 0.993860
v -0.000000 1.593016 0.924399
v -0.000000 1.596181 0.858851
v -0.068483 1.595600 0.858816
v -0.136966 1.593881 0.858724
v -0.205449 1.591057 0.858594
v -0.273933 1.583670 0.924195
v -0.273933 1.587162 0.858445
v -0.273933 1.579573 0.993812
v -0.668163 1.434096 0.988413
v -0.668193 1.432468 1.055638
v -0.660142 1.459484 0.807784
v -0.664927 1.448560 0.694479
v -0.668310 1.435553 0.900377
v -0.623057 1.522833 1.038017
v -0.629384 1.518510 0.969936
v -0.622416 1.527412 0.899147
v -0.636336 1.508204 1.040440
v -0.635534 1.511653 0.904094
v -0.616376 1.528188 1.034593
v -0.615841 1.533178 0.896902
v -0.628349 1.523308 0.785514
v -0.642362 1.499645 0.972263
v -0.610295 1.532703 1.025344
v -0.597840 1.539109 1.033799
v -0.609083 1.541827 0.785408
v -0.611133 1.529239 -0.050290
v -0.619007 1.524263 -0.050748
v -0.341815 1.590610 0.326117
v -0.341817 1.587822 0.252541
v -0.406106 1.582324 0.253324
v -0.406094 1.585327 0.326567
v -0.341818 1.584571 0.173495
v -0.406119 1.578890 0.174637
v -0.463882 1.578519 0.298953
v -0.273933 1.595164 0.325656
v -0.273933 1.592603 0.251738
v -0.273933 1.589545 0.172323
v -0.510004 1.573310 0.303757
v -0.648226 1.485825 -0.065948
v -0.646664 1.490109 0.005457
v -0.068483 1.602314 0.324525
v -0.068483 1.600311 0.249771
v -0.136966 1.598829 0.250258
v -0.136966 1.600970 0.324805
v -0.068483 1.597729 0.169452
v -0.136966 1.596129 0.170164
v -0.205449 1.596281 0.250948
v -0.205449 1.598617 0.325201
v -0.205449 1.593415 0.171170
v -0.000001 1.604629 0.411828
v 0.000000 1.602741 0.324419
v -0.069874 1.604323 0.415670
v -0.000000 1.600791 0.249586
v -0.000000 1.598254 0.169183
v -0.000000 1.595115 0.089853
v -0.068483 1.594567 0.090210
v -0.136966 1.592906 0.091152
v -0.205449 1.590104 0.092483
v -0.207124 1.601003 0.415743
v -0.138575 1.603128 0.415480
v -0.468575 1.558318 1.102996
v -0.406058 1.566006 1.060831
v -0.406446 1.571616 0.962444
v -0.464337 1.566034 0.967927
v -0.341811 1.570755 1.060868
v -0.340941 1.577111 0.958145
v -0.406059 1.562206 1.118800
v -0.340598 1.583916 0.827079
v -0.404359 1.578498 0.826487
v -0.461795 1.572775 0.827830
v -0.068483 1.534860 1.362136
v -0.154337 1.532511 1.361435
v -0.153502 1.526957 1.376746
v -0.068482 1.529063 1.377817
v -0.151720 1.521592 1.389609
v -0.068481 1.523080 1.391505
v -0.000000 1.541248 1.343971
v -0.068483 1.540570 1.343752
v -0.000000 1.535549 1.362334
v -0.155439 1.538129 1.343244
v -0.087708 1.517767 1.401533
v -0.000000 1.523724 1.391652
v 0.000002 1.514523 1.409296
v -0.000000 1.529742 1.377991
v -0.408571 1.587084 0.582623
v -0.341856 1.590456 0.645125
v -0.342390 1.592899 0.563574
v -0.465177 1.581913 0.577511
v -0.443467 1.549229 1.221949
v -0.443208 1.552721 1.196189
v -0.406060 1.558696 1.162979
v -0.463051 1.554444 1.162675
v -0.064020 1.508301 1.418988
v -0.201658 1.501171 1.426663
v -0.175571 1.495516 1.437507
v -0.099670 1.489035 1.448817
v 0.001900 1.501940 1.429638
v -0.422281 1.534541 -0.216639
v -0.345391 1.541329 -0.213848
v -0.363298 1.516959 -0.259412
v -0.484366 1.526213 -0.223584
v -0.431434 1.512591 -0.257541
v -0.468723 1.535417 -0.206705
v -0.492269 1.505415 -0.258595
v -0.463755 1.550461 -0.157452
v -0.406313 1.555156 -0.160151
v -0.406820 1.549981 -0.181665
v -0.464414 1.545803 -0.178894
v -0.341891 1.559669 -0.162992
v -0.342291 1.554032 -0.184580
v -0.408115 1.544462 -0.197172
v -0.465934 1.540779 -0.194355
v -0.343368 1.548078 -0.200135
v -0.068483 1.590829 0.017766
v -0.068483 1.586545 -0.045837
v -0.136966 1.584970 -0.044462
v -0.136966 1.589186 0.018932
v -0.068483 1.581748 -0.099472
v -0.136966 1.580252 -0.097920
v -0.205449 1.582301 -0.042519
v -0.205449 1.586411 0.020582
v -0.205449 1.577717 -0.095727
v 0.000000 1.591370 0.017323
v -0.000000 1.587061 -0.046358
v -0.000000 1.582239 -0.100060
v -0.068720 1.605049 0.478045
v -0.137331 1.603943 0.477625
v -0.205848 1.601928 0.477261
v -0.000000 1.605382 0.476090
v -0.135829 1.546718 1.313032
v -0.067669 1.548341 1.314029
v -0.203995 1.544339 1.311683
v 0.000001 1.548508 1.316172
v -0.821467 0.455989 0.560389
v -0.820145 0.440223 0.565203
v -0.820828 0.453977 0.445984
v -0.822607 0.477388 0.390441
v -0.820388 0.429089 0.642101
v -0.822852 0.490889 0.414315
v -0.822404 0.465612 0.337620
v -0.724228 1.068688 1.589556
v -0.804043 1.035928 1.309049
v -0.798427 1.035752 1.361180
v -0.794853 1.044025 1.335473
v -0.786525 1.043393 1.410399
v -0.789585 1.035929 1.422575
v -0.797627 1.044830 1.290053
v -0.753114 1.065132 1.490649
v -0.808737 1.036253 0.448569
v -0.801573 1.042890 0.530397
v -0.801685 1.044963 0.444915
v -0.807664 1.035765 0.537020
v -0.799504 1.043111 0.785328
v -0.807161 1.035898 1.253296
v -0.811993 1.026710 1.253681
v -0.815307 1.015109 1.236736
v -0.817021 1.001603 1.236823
v -0.814178 1.014962 1.274037
v -0.817859 0.985566 1.237145
v -0.816753 0.984395 1.273930
v -0.815223 1.015170 1.174587
v -0.817008 1.001637 1.177566
v -0.817900 0.986919 1.185224
v -0.795408 0.994730 1.440620
v -0.788657 0.998235 1.474245
v -0.784866 1.014756 1.481861
v -0.746230 0.999383 1.611005
v -0.766120 0.994435 1.559267
v -0.755132 0.949622 1.608001
v -0.780940 0.999845 1.506678
v -0.788438 0.946966 1.494054
v -0.780651 0.949828 1.526754
v -0.773242 1.014928 1.525662
v -0.724679 0.909542 1.695911
v -0.687418 1.008431 1.684584
v -0.695242 0.973312 1.695244
v -0.676202 0.959439 1.715513
v -0.641432 0.952547 1.742377
v -0.813685 0.905952 1.332430
v -0.809329 0.906003 1.371582
v -0.816146 0.905994 1.304034
v -0.822408 0.849591 -0.549676
v -0.819126 0.865143 -0.549616
v -0.823116 0.833203 -0.549980
v -0.791722 0.848651 1.503483
v -0.779200 0.854783 1.556640
v -0.790009 0.860166 1.496567
v -0.778657 0.866716 1.545296
v -0.788283 0.867881 1.499701
v -0.817431 0.898868 0.455419
v -0.816567 0.892464 0.455368
v -0.791869 0.902456 -1.502245
v -0.784905 0.902464 -1.611508
v -0.791633 0.883261 -1.536516
v -0.792010 0.884588 -1.516934
v -0.812139 0.835470 -1.247931
v -0.811153 0.858721 -1.080801
v -0.820365 0.848237 -0.826960
v -0.817205 0.861726 -0.841039
v -0.821623 0.832854 -0.821916
v -0.719749 1.170435 1.363839
v -0.733670 1.171669 1.278569
v -0.733201 1.150171 1.314135
v -0.688621 1.273482 1.375238
v -0.681758 1.322362 1.343957
v -0.753530 1.087455 0.532610
v -0.751985 1.092600 0.533082
v -0.756215 1.080896 0.552798
v -0.744833 1.123308 0.505271
v -0.750047 1.100967 0.527493
v -0.750142 1.100104 0.553631
v -0.748677 1.106982 0.512516
v -0.747825 1.100128 1.201645
v -0.750287 1.093975 0.993157
v -0.817926 0.874406 -0.637721
v -0.808569 0.873734 1.350324
v -0.812570 0.879175 1.300717
v -0.808438 0.889972 1.349941
v -0.815005 0.897727 1.279028
v -0.816087 0.866782 0.928071
v -0.815627 0.877955 0.901396
v -0.816189 0.882362 0.455337
v -0.815638 0.882104 1.187382
v -0.796692 0.896701 1.444380
v -0.796512 0.882708 1.443058
v -0.814950 0.890005 1.256804
v -0.814723 0.873630 1.262980
v -0.804329 0.882119 -1.189639
v -0.797151 0.877870 -1.380720
v -0.795831 0.890494 -1.385157
v -0.814652 0.884874 -0.857601
v -0.815492 0.873004 -0.851777
v -0.815251 0.887676 -0.756102
v -0.790580 0.888192 -1.484294
v -0.790807 0.881836 -1.500836
v -0.798484 0.902467 -1.387402
v -0.796405 0.898900 -1.383510
v -0.809330 0.898385 1.350446
v -0.775853 0.871908 1.565839
v -0.816393 0.902759 -0.790749
v -0.817217 0.908150 -0.794849
v -0.817721 0.903965 -0.816273
v -0.817784 0.905943 1.275395
v -0.818741 0.906011 1.246583
v -0.792898 0.902442 -1.487963
v -0.791827 0.898271 -1.468984
v -0.670489 1.325851 1.442091
v -0.666541 1.338274 1.446923
v -0.649120 1.483476 1.098131
v -0.648168 1.487747 0.972296
v -0.654166 1.472750 1.031174
v -0.653179 1.477319 0.768412
v -0.655254 1.466854 1.138625
v -0.648994 1.476379 1.187849
v -0.683555 1.254984 1.496893
v -0.701397 1.164533 1.547944
v -0.720036 1.087254 1.576153
v -0.650059 1.488465 0.488896
v -0.647349 1.491956 0.542024
v -0.706393 1.154525 1.532449
v -0.652611 1.490736 0.412822
v -0.657206 1.479531 0.430055
v -0.727790 0.804190 1.700984
v 0.722245 1.114710 -0.505640
v 0.709427 1.126204 -0.513237
v 0.705054 1.169458 -0.481988
v 0.713705 1.167023 -0.472667
v 0.696023 1.169484 -0.491296
v 0.691144 1.123159 -0.534783
v 0.768239 1.053143 -0.562043
v 0.754622 1.065888 -0.548213
v 0.764950 1.058353 -0.531376
v 0.739978 1.078993 -0.543869
v 0.750086 1.074911 -0.518466
v 0.736386 1.089082 -0.520010
v 0.751121 1.076924 -0.502569
v 0.768599 1.055614 -0.517280
v 0.785519 1.037782 -0.530064
v 0.782847 1.040387 -0.577358
v 0.809684 0.769981 -1.397577
v 0.804307 0.697124 -1.529676
v 0.800173 0.753013 -1.555440
v 0.809928 0.681646 -1.445267
v 0.809337 0.656596 -1.466513
v 0.800936 0.706914 -1.565262
v 0.807820 0.793715 -1.407511
v 0.792089 0.807863 -1.612782
v 0.794462 0.744878 -1.613202
v 0.801654 0.626252 -1.571291
v 0.795285 0.675429 -1.613341
v 0.816788 0.898402 1.191965
v 0.815985 0.892445 1.194036
v 0.815626 0.889043 0.932026
v 0.816753 0.898727 0.897146
v 0.819194 0.905352 1.210996
v 0.819464 0.826364 -0.954863
v 0.819022 0.808744 -1.065648
v 0.817171 0.848616 -0.959361
v 0.816615 0.820888 -1.157153
v 0.815413 0.833969 -1.149186
v 0.821608 0.791533 -0.934849
v 0.813020 0.846285 -1.161108
v 0.823000 0.838567 -0.549871
v 0.824438 0.734692 -0.652889
v 0.824986 0.728978 -0.716318
v 0.824010 0.795291 -0.705318
v 0.822895 0.838593 -0.656316
v 0.826484 0.600239 -0.779095
v 0.826057 0.584778 -0.838406
v 0.825962 0.617103 -0.850778
v 0.826394 0.638530 -0.793855
v 0.825602 0.648013 -0.865262
v 0.825885 0.682221 -0.811041
v 0.826236 0.572124 -0.772033
v 0.825810 0.552118 -0.827674
v 0.825099 0.676675 -0.882407
v 0.801877 0.850126 1.439932
v 0.807202 0.860965 1.372871
v 0.797408 0.862699 1.447289
v 0.764735 1.069490 0.904769
v 0.759912 1.075329 0.544087
v 0.759067 1.075620 1.143270
v 0.743502 0.713888 1.659619
v 0.725422 0.747562 1.709921
v 0.725523 0.667833 1.703474
v 0.730069 0.782230 1.698539
v 0.725423 0.802955 1.714427
v 0.746077 0.587443 1.644465
v 0.813782 1.014922 0.750590
v 0.811168 1.026605 0.677595
v 0.809926 1.026667 0.877284
v 0.813134 1.015037 0.981908
v 0.815098 1.001173 0.946210
v 0.815504 1.001292 0.789747
v 0.816808 0.983653 0.765356
v 0.776685 1.058600 1.327412
v 0.793275 1.049127 1.258354
v 0.772542 1.063286 1.250143
v 0.772791 1.063320 1.180553
v 0.764561 1.069945 1.246884
v 0.758370 1.075200 1.318921
v 0.769041 1.064388 1.330983
v 0.810462 1.001361 1.337256
v 0.811511 1.015392 1.311533
v 0.805648 1.014840 1.360589
v 0.811638 0.985458 1.335182
v 0.804402 0.997693 1.382995
v 0.815062 0.984746 1.300658
v 0.815064 1.002285 1.288821
v 0.808585 1.026810 1.310386
v 0.802798 1.026503 1.360491
v 0.789304 1.026635 1.447689
v 0.794511 1.014527 1.432351
v 0.804691 0.951953 1.394200
v 0.807552 0.848478 -1.298344
v 0.804152 0.858405 -1.298627
v 0.809508 0.851120 -1.228153
v 0.774328 1.063317 0.493635
v 0.765121 1.069912 0.531427
v 0.772828 1.063462 0.540934
v 0.763355 1.073123 0.484741
v 0.702947 1.206266 1.402912
v 0.713378 1.219101 1.321630
v 0.700748 1.235566 1.374457
v 0.727952 1.196808 1.272504
v 0.717431 1.240907 1.258355
v 0.695031 1.253966 1.377674
v 0.705843 1.259336 1.300026
v 0.691427 1.268573 1.370596
v 0.697628 1.242083 1.385090
v 0.707298 1.288938 1.242323
v 0.689821 1.273497 1.370637
v 0.684734 1.306644 1.352468
v 0.702827 1.309067 1.234524
v 0.688317 1.339096 1.272441
v 0.692894 1.350555 1.217968
v 0.681148 1.353506 1.297470
v 0.680417 1.368155 1.273805
v 0.675028 1.365444 1.326593
v 0.680183 1.329878 1.340914
v 0.683709 1.385474 1.202413
v 0.667985 1.393472 1.309431
v 0.671453 1.402856 1.256521
v 0.665592 1.407638 1.299590
v 0.678225 1.402762 1.193726
v 0.672099 1.411469 1.219721
v 0.673996 1.414336 1.185378
v 0.659309 1.420768 1.328684
v 0.813769 0.781572 1.378137
v 0.817254 0.842244 1.308312
v 0.812184 0.841174 1.363808
v 0.818339 0.850367 1.278535
v 0.813039 0.850847 1.345018
v 0.806866 0.840110 1.410329
v 0.666077 1.436876 1.138362
v 0.671597 1.420058 1.177808
v 0.670343 1.424252 1.165637
v 0.656705 1.458336 1.187377
v 0.669288 1.427632 1.144101
v 0.668549 1.430363 1.108399
v 0.665856 1.450731 0.489015
v 0.667522 1.445385 0.500674
v 0.669097 1.448636 0.437433
v 0.674656 1.418221 0.503338
v 0.677900 1.414185 0.437326
v 0.682266 1.387167 0.501127
v 0.649472 1.439392 1.356757
v 0.648897 1.448198 1.328682
v 0.642023 1.461422 1.334729
v 0.642423 1.449633 1.370410
v 0.643234 1.456259 -0.260726
v 0.659927 1.411028 -0.295995
v 0.647176 1.426778 -0.292722
v 0.630881 1.462772 -0.266207
v 0.642207 1.474017 -0.234444
v 0.652799 1.448487 -0.254383
v 0.656166 1.393922 -0.320374
v 0.637968 1.421616 -0.305927
v 0.630316 1.482180 -0.240737
v 0.613614 1.489118 -0.246497
v 0.671765 1.366633 -0.333351
v 0.667116 1.349651 -0.355503
v 0.682030 1.331519 -0.358635
v 0.692358 1.292711 -0.384418
v 0.683650 1.297037 -0.390499
v 0.674008 1.295803 -0.399082
v 0.655974 1.336628 -0.374396
v 0.650453 1.375469 -0.342677
v 0.310582 1.548405 1.270286
v 0.312299 1.542983 1.294972
v 0.407396 1.534717 1.308205
v 0.405641 1.545804 1.256004
v 0.315315 1.537153 1.318946
v 0.463478 1.531242 1.307267
v 0.463039 1.542018 1.255142
v 0.319413 1.531158 1.340770
v 0.446847 1.524511 1.338971
v 0.509792 1.517828 1.344698
v 0.509522 1.528064 1.304272
v 0.509217 1.538587 1.252393
v 0.309991 1.553184 1.246421
v 0.750174 1.102178 0.437329
v 0.749598 1.103214 0.499912
v 0.752490 1.094367 0.469591
v 0.694283 1.236092 -0.434890
v 0.686693 1.229553 -0.447136
v 0.703045 1.233268 -0.426907
v 0.579735 1.480790 1.401381
v 0.560792 1.479625 1.418692
v 0.576128 1.467058 1.427312
v 0.553051 1.466184 1.448994
v 0.538001 1.485714 1.419662
v 0.530539 1.474967 1.447948
v 0.565113 1.492336 1.389592
v 0.542548 1.496759 1.391667
v 0.511230 1.506646 1.377879
v 0.505584 1.491500 1.418685
v 0.498193 1.481614 1.447496
v 0.568954 1.454985 1.451048
v 0.586147 1.453123 1.436103
v 0.753842 1.086561 0.517264
v 0.755724 1.087102 0.461665
v 0.756333 1.080818 0.521629
v 0.760525 1.080979 0.437379
v 0.752059 1.092505 0.516657
v 0.779876 1.057556 0.915625
v 0.771130 1.064058 0.902903
v 0.792153 1.049454 0.728388
v 0.777909 1.050051 1.428100
v 0.761730 1.068808 1.388582
v 0.758099 1.067808 1.444276
v 0.773723 1.057456 1.390215
v 0.754413 1.075765 1.419260
v 0.746329 1.077832 1.478078
v 0.771815 1.049511 1.469116
v 0.818582 0.936785 1.094635
v 0.819377 0.910089 1.154838
v 0.819169 0.910338 0.993610
v 0.818869 0.904596 0.910091
v 0.821285 0.835592 0.455558
v 0.822035 0.780405 0.595039
v 0.822013 0.782950 0.573173
v 0.821209 0.826955 0.721119
v 0.822046 0.780405 0.551310
v 0.822690 0.731825 0.455584
v 0.822279 0.760468 0.521950
v 0.822442 0.745621 0.518202
v 0.822594 0.730774 0.521950
v 0.822141 0.772770 0.533195
v 0.822731 0.718473 0.533194
v 0.822875 0.630417 0.453582
v 0.822858 0.531899 0.674750
v 0.822876 0.592424 0.449721
v 0.822875 0.609707 0.721754
v 0.822849 0.673786 0.703560
v 0.822876 0.630522 0.739536
v 0.822704 0.718473 0.613154
v 0.822538 0.730766 0.624394
v 0.822823 0.738084 0.848540
v 0.822876 0.661300 0.773407
v 0.822876 0.676268 0.794742
v 0.822876 0.645927 0.755095
v 0.822798 0.710837 0.595038
v 0.822876 0.583520 0.703981
v 0.822869 0.505299 0.423567
v 0.822876 0.528682 0.433516
v 0.822468 0.485634 0.486853
v 0.822864 0.559009 0.443242
v 0.822109 0.446826 0.645728
v 0.822078 0.465336 0.594319
v 0.822735 0.496144 0.658629
v 0.822630 0.516500 0.565881
v 0.822876 0.690466 0.819224
v 0.822375 0.745627 0.628147
v 0.822876 0.715324 0.875655
v 0.822876 0.725389 0.906399
v 0.822876 0.703584 0.846396
v 0.820690 0.850192 -0.751001
v 0.817284 0.862068 -0.824759
v 0.819021 0.861806 -0.646625
v 0.821793 0.850448 -0.652025
v 0.822627 0.731173 1.254143
v 0.822461 0.785406 1.174106
v 0.821858 0.768706 1.260319
v 0.820613 0.845609 1.195076
v 0.822203 0.697256 1.318587
v 0.820485 0.774770 1.293082
v 0.776697 0.899801 1.557191
v 0.776191 0.885897 1.552024
v 0.787255 0.887812 1.499892
v 0.788379 0.898511 1.498664
v 0.779885 0.904742 1.547625
v 0.789437 0.905386 1.505250
v 0.683048 0.811920 1.745088
v 0.703572 0.809862 1.728853
v 0.701226 0.819901 1.728761
v 0.646737 0.802982 1.773368
v 0.664225 0.850184 1.756512
v 0.718489 0.808428 1.714670
v 0.715581 0.819933 1.714480
v 0.822917 0.711996 1.213812
v 0.822878 0.685886 1.264919
v 0.822876 0.701949 1.235789
v 0.822875 0.720821 1.190052
v 0.822829 0.754833 1.136296
v 0.822876 0.728476 1.163892
v 0.707062 1.046008 1.648983
v 0.701766 1.073452 1.630483
v 0.692897 1.073144 1.639053
v 0.719577 1.046508 1.634804
v 0.707583 1.074541 1.622334
v 0.713870 1.069488 1.616882
v 0.728871 1.045233 1.618522
v 0.718752 1.070775 1.603229
v 0.700327 0.905415 1.721515
v 0.678407 0.909648 1.736291
v 0.685087 0.899651 1.734169
v 0.644161 0.902380 1.762989
v 0.786775 1.056595 0.439636
v 0.775805 1.064923 0.437974
v 0.794855 1.049067 0.494233
v 0.707197 1.170019 1.457788
v 0.727013 1.137367 1.402693
v 0.715832 1.160876 1.410536
v 0.722871 1.153109 1.380688
v 0.710804 1.170152 1.414812
v 0.739707 1.091644 1.474772
v 0.722124 1.120743 1.506206
v 0.736301 1.081150 1.519863
v 0.729297 1.094117 1.525578
v 0.742463 1.070212 1.520403
v 0.705341 1.174509 1.467336
v 0.699484 1.200402 1.445589
v 0.694840 1.207036 1.476151
v 0.704704 1.166262 1.503069
v 0.691267 1.242229 1.422343
v 0.683967 1.264699 1.438736
v 0.684359 1.270590 1.407097
v 0.679677 1.306825 1.388837
v 0.675377 1.336420 1.374807
v 0.672675 1.341584 1.389364
v 0.671411 1.365356 1.359092
v 0.668634 1.377767 1.351868
v 0.665638 1.393431 1.339692
v 0.655981 1.418346 1.361827
v 0.664768 1.370739 1.387868
v 0.625306 1.491780 1.297307
v 0.631792 1.479471 1.323126
v 0.629776 1.505712 1.201576
v 0.623207 1.508680 1.221443
v 0.637044 1.470386 1.332748
v 0.636188 1.498485 1.196166
v 0.618047 1.490864 1.325379
v 0.627211 1.480933 1.334857
v 0.616368 1.499428 1.295578
v 0.642372 1.488996 1.192222
v 0.614496 1.510759 1.246737
v 0.714693 1.123180 1.545998
v 0.713893 1.136045 1.520169
v 0.601109 1.518251 1.248805
v 0.602088 1.507083 1.299017
v 0.580856 1.526159 1.253513
v 0.581244 1.515074 1.304994
v 0.582014 1.503906 1.345164
v 0.603804 1.495201 1.339860
v 0.623172 1.515263 1.175320
v 0.629671 1.510567 1.159386
v 0.636531 1.503986 1.141008
v 0.613566 1.519317 1.201094
v 0.644971 1.488814 1.158539
v 0.642987 1.495915 1.100872
v 0.630002 1.513975 1.099228
v 0.620607 1.521515 1.117135
v 0.613352 1.523655 1.160196
v 0.599848 1.526821 1.202541
v 0.599507 1.531245 1.160356
v 0.580228 1.532583 1.217942
v 0.605564 1.531142 1.116695
v 0.588973 1.539252 1.107838
v 0.580181 1.538976 1.160605
v 0.580180 1.535937 1.192816
v 0.563973 1.544203 1.146192
v 0.563763 1.538702 1.205371
v 0.541914 1.546576 1.161878
v 0.541947 1.543542 1.194244
v 0.542005 1.540246 1.219637
v 0.577408 1.542652 1.117425
v 0.541895 1.549571 1.118111
v 0.509145 1.553460 1.118420
v 0.509156 1.550359 1.162311
v 0.509173 1.547263 1.194839
v 0.509203 1.543936 1.220404
v 0.542189 1.534460 1.253804
v 0.563977 1.530883 1.252681
v 0.736366 1.120448 1.368771
v 0.743661 1.104747 1.345429
v 0.741389 1.113332 1.331197
v 0.748550 1.085313 1.421992
v 0.749210 1.094102 1.282788
v 0.747422 1.100866 1.260338
v 0.746710 1.103393 1.283371
v 0.745609 1.110673 1.286774
v 0.738954 1.125666 1.317269
v 0.344088 1.594385 0.498948
v 0.408391 1.589442 0.498336
v 0.406067 1.589706 0.465046
v 0.341812 1.594615 0.465293
v 0.464878 1.584267 0.497779
v 0.463074 1.584506 0.464814
v 0.406074 1.589072 0.432598
v 0.341813 1.594039 0.432669
v 0.465104 1.583239 0.419188
v 0.510616 1.578163 0.539596
v 0.509412 1.579598 0.476646
v 0.510449 1.578201 0.420084
v 0.406083 1.587640 0.387803
v 0.341814 1.592731 0.387642
v 0.275289 1.598603 0.451944
v 0.273933 1.597084 0.387478
v 0.275905 1.598604 0.499579
v 0.615653 1.538854 0.714355
v 0.615750 1.545305 0.484415
v 0.608506 1.549094 0.581897
v 0.609983 1.550605 0.472824
v 0.601954 1.555000 0.539029
v 0.599359 1.557737 0.482388
v 0.593787 1.558036 0.581252
v 0.586924 1.563469 0.504935
v 0.586272 1.560174 0.613190
v 0.603517 1.539842 0.941562
v 0.621596 1.533052 0.706154
v 0.627070 1.528624 0.586684
v 0.622491 1.538234 0.462349
v 0.634387 1.515491 0.725432
v 0.633401 1.519533 0.534441
v 0.639492 1.507899 0.558846
v 0.640405 1.507944 0.502616
v 0.629679 1.528861 0.451371
v 0.669682 1.439604 0.528523
v 0.671170 1.434003 0.510857
v 0.669300 1.439980 0.561355
v 0.603234 1.552989 0.391418
v 0.595717 1.557534 0.403065
v 0.618514 1.541335 0.390196
v 0.612093 1.544875 0.337686
v 0.587884 1.558823 0.349629
v 0.587675 1.562964 0.453261
v 0.639715 1.504177 0.084438
v 0.633545 1.515915 0.154495
v 0.640081 1.511487 0.301293
v 0.632280 1.524558 0.372208
v 0.628233 1.522892 0.155415
v 0.625426 1.533297 0.372869
v 0.645425 1.495649 0.109091
v 0.645030 1.499404 0.183376
v 0.638998 1.514860 0.386063
v 0.646403 1.502472 0.325815
v 0.648805 1.498940 0.379135
v 0.645250 1.502153 0.258089
v 0.543178 1.552710 -0.013191
v 0.565877 1.548156 -0.012998
v 0.566548 1.542126 -0.110256
v 0.543733 1.548456 -0.081696
v 0.581452 1.542567 -0.038798
v 0.509684 1.565934 0.147159
v 0.543045 1.567019 0.272946
v 0.509473 1.557836 -0.013225
v 0.564899 1.560440 0.228313
v 0.592352 1.540195 -0.004080
v 0.599087 1.531881 -0.109991
v 0.583162 1.535341 -0.139722
v 0.544176 1.545173 -0.122691
v 0.510100 1.553260 -0.083629
v 0.510333 1.549720 -0.124799
v 0.341821 1.577434 0.024395
v 0.406144 1.571691 0.026268
v 0.406158 1.568032 -0.035820
v 0.341823 1.573615 -0.038027
v 0.463335 1.565732 0.028042
v 0.463383 1.562221 -0.033728
v 0.406178 1.564152 -0.088163
v 0.341826 1.569465 -0.090656
v 0.463450 1.558604 -0.085799
v 0.273933 1.586135 0.094008
v 0.341820 1.581059 0.095560
v 0.273933 1.582475 0.022472
v 0.406132 1.575282 0.097071
v 0.462953 1.571376 0.140339
v 0.463548 1.554726 -0.127162
v 0.406207 1.559897 -0.129732
v 0.341829 1.564846 -0.132440
v 0.273933 1.574106 -0.093213
v 0.273933 1.569187 -0.135217
v 0.273933 1.578500 -0.040292
v 0.622474 1.502824 -0.214306
v 0.613308 1.513718 -0.199618
v 0.625022 1.507613 -0.195431
v 0.626037 1.494105 -0.226731
v 0.636749 1.490075 -0.214699
v 0.607937 1.501660 -0.232123
v 0.607910 1.511824 -0.212400
v 0.605108 1.521045 -0.186858
v 0.636600 1.498362 -0.186107
v 0.205483 1.566927 -0.168769
v 0.205721 1.560831 -0.190505
v 0.137148 1.563214 -0.193068
v 0.136989 1.569307 -0.171267
v 0.203960 1.554209 -0.207108
v 0.137807 1.556255 -0.210234
v 0.068574 1.564740 -0.194880
v 0.068494 1.570771 -0.173034
v 0.069347 1.557544 -0.212823
v 0.273978 1.563683 -0.165905
v 0.205449 1.572599 -0.137947
v 0.274295 1.557721 -0.187568
v 0.269527 1.551354 -0.204313
v 0.068483 1.576474 -0.142014
v 0.136966 1.575025 -0.140329
v 0.219183 1.522680 -0.266204
v 0.145862 1.525093 -0.269285
v 0.072890 1.526792 -0.271454
v 0.291679 1.519948 -0.262714
v 0.617050 1.517640 -0.171943
v 0.606449 1.524819 -0.158425
v 0.624580 1.512799 -0.169352
v 0.613555 1.523298 -0.134178
v 0.621477 1.518404 -0.132103
v 0.631225 1.507115 -0.166501
v 0.597061 1.528308 -0.161845
v 0.627447 1.514867 -0.109493
v 0.706605 1.106567 -0.538671
v 0.709779 1.116136 -0.523174
v 0.717267 1.103963 -0.529478
v 0.727220 1.100678 -0.516548
v 0.723957 1.092211 -0.541844
v 0.712218 1.095200 -0.551378
v 0.634745 1.505559 -0.135150
v 0.639961 1.498400 -0.132512
v 0.645036 1.489415 -0.158711
v 0.649932 1.481835 -0.118267
v 0.652201 1.476860 -0.153739
v 0.655249 1.469969 -0.176598
v 0.602018 1.536609 0.008611
v 0.637173 1.517508 0.440235
v 0.644255 1.505131 0.437522
v 0.647140 1.480700 -0.199560
v 0.658542 1.461019 -0.195820
v 0.663655 1.444240 -0.219798
v 0.651926 1.465328 -0.222734
v 0.611683 1.434978 -0.307711
v 0.597856 1.457699 -0.289990
v 0.620815 1.455948 -0.280906
v 0.597814 1.489017 -0.254319
v 0.612849 1.475535 -0.263568
v 0.575429 1.477971 -0.274865
v 0.541035 1.494187 -0.264058
v 0.577901 1.493586 -0.255096
v 0.620318 1.411664 -0.325929
v 0.633852 1.361023 -0.364677
v 0.626863 1.389203 -0.343259
v 0.658736 1.243938 -0.452843
v 0.676012 1.219615 -0.463472
v 0.671252 1.186223 -0.496483
v 0.726995 1.172272 -0.443150
v 0.737064 1.112043 -0.480565
v 0.721879 1.161079 -0.464110
v 0.739559 1.101277 -0.487033
v 0.742998 1.091713 -0.493009
v 0.105663 1.096856 -0.629761
v 0.129621 1.084759 -0.693397
v 0.194392 1.096913 -0.628431
v 0.802051 0.990089 -0.655086
v 0.805809 0.975473 -0.690848
v 0.793434 1.014229 -0.688791
v 0.794235 1.010547 -0.667553
v 0.800317 0.993924 -0.708594
v 0.807988 0.972748 -0.654697
v 0.803279 0.982756 -0.729288
v 0.787831 1.029985 -0.681401
v 0.783115 1.036798 -0.645268
v 0.793068 1.013567 -0.644988
v 0.819911 0.942689 -0.547157
v 0.821571 0.921373 -0.548242
v 0.818308 0.923089 -0.643562
v 0.817709 0.957191 -0.545999
v 0.812423 0.954193 -0.661951
v 0.819355 0.913814 -0.632217
v 0.815673 0.938665 -0.656141
v 0.813977 0.973380 -0.544120
v 0.824768 0.594793 -0.681532
v 0.821620 0.459602 -0.801777
v 0.823630 0.488017 -0.809256
v 0.824301 0.501193 -0.758726
v 0.825071 0.520079 -0.818136
v 0.825516 0.539118 -0.748843
v 0.819141 0.439886 -0.737192
v 0.822121 0.475522 -0.717287
v 0.818103 0.429385 -0.794021
v 0.813600 0.425880 -0.250631
v 0.814396 0.423126 -0.076308
v 0.809084 0.396032 -0.052436
v 0.808504 0.397605 -0.249934
v 0.816572 0.428280 0.157662
v 0.804366 0.373254 0.051235
v 0.803185 0.372811 -0.326444
v 0.818477 0.472039 -0.393916
v 0.818804 0.457231 -0.250815
v 0.812923 0.428726 -0.397330
v 0.819674 0.450777 -0.077803
v 0.820765 0.451072 0.096093
v 0.821759 0.456512 0.241844
v 0.810593 0.394559 0.438668
v 0.799450 0.352737 0.176770
v 0.798791 0.352768 -0.160203
v 0.798320 0.352622 -0.461200
v 0.807885 0.398541 -0.465484
v 0.805593 0.373180 0.485153
v 0.800097 0.352779 0.540738
v 0.815027 0.415528 0.442276
v 0.818308 0.434393 0.445153
v 0.814212 0.406978 0.549658
v 0.812716 0.391191 0.636327
v 0.809623 0.387411 0.548340
v 0.802011 0.353946 0.632019
v 0.804010 0.365562 0.563580
v 0.817704 0.422934 0.569083
v 0.817962 0.414351 0.639582
v 0.794976 0.336328 0.535669
v 0.786637 0.312822 0.547913
v 0.789370 0.320305 0.366406
v 0.804388 0.365582 -0.727145
v 0.806622 0.372875 -0.779452
v 0.809947 0.387838 -0.724859
v 0.814146 0.405705 -0.787942
v 0.799334 0.348438 -0.706634
v 0.794412 0.333437 -0.769180
v 0.814974 0.413730 -0.720937
v 0.791325 0.324441 0.596920
v 0.780398 0.296715 0.603771
v 0.790083 0.319688 0.627722
v 0.785234 0.307957 0.623123
v 0.782488 0.301640 0.617267
v 0.779633 0.295132 0.576906
v 0.794183 0.335443 0.052587
v 0.789120 0.320603 -0.152022
v 0.783482 0.305392 -0.537554
v 0.793721 0.335377 -0.320488
v 0.779598 0.295145 -0.575214
v 0.793659 0.335200 -0.567116
v 0.798283 0.351599 -0.575047
v 0.788658 0.319513 -0.570468
v 0.794601 0.334053 -0.663646
v 0.799498 0.351184 -0.641108
v 0.779665 0.295234 -0.736769
v 0.786016 0.310744 -0.761823
v 0.789511 0.319710 -0.673202
v 0.781491 0.299664 -0.752981
v 0.809822 0.393723 -0.655941
v 0.802743 0.368860 -0.589556
v 0.804987 0.369688 -0.678187
v 0.822406 0.570235 -0.599651
v 0.820588 0.529567 -0.582813
v 0.823735 0.511452 -0.708704
v 0.818425 0.489788 -0.580539
v 0.818376 0.448734 -0.671042
v 0.824456 0.642688 -0.648430
v 0.824318 0.685560 -0.632726
v 0.822106 0.606477 -0.552630
v 0.815555 0.454206 -0.579269
v 0.814790 0.419073 -0.675691
v 0.811774 0.422209 -0.577565
v 0.807558 0.395156 -0.576134
v 0.616746 1.446899 1.415264
v 0.618273 1.459766 1.396553
v 0.625028 1.426128 1.430012
v 0.631729 1.439728 1.408525
v 0.621570 1.468295 1.378520
v 0.605555 1.476125 1.383260
v 0.802947 0.372621 -0.525692
v 0.812240 0.426967 -0.496952
v 0.816073 0.459588 -0.505991
v 0.821073 0.565453 -0.550052
v 0.819908 0.528046 -0.532520
v 0.818423 0.491892 -0.531931
v 0.818905 0.496170 -0.485358
v 0.814168 0.926016 -0.765293
v 0.811889 0.939593 -0.753950
v 0.808887 0.955911 -0.743539
v 0.816326 0.914396 -0.736178
v 0.816142 0.915068 -0.779026
v 0.782346 1.040387 -0.593513
v 0.795871 1.009049 -0.623010
v 0.781605 1.039767 -0.620531
v 0.765343 1.053216 -0.580494
v 0.764160 1.051901 -0.596796
v 0.744521 1.065249 -0.584646
v 0.749618 1.066080 -0.567342
v 0.765554 1.048406 -0.615968
v 0.740922 1.060580 -0.608980
v 0.729907 1.071028 -0.588810
v 0.728445 1.080472 -0.564387
v 0.762941 1.046002 -0.637343
v 0.722469 1.059439 -0.638614
v 0.718484 1.066711 -0.616636
v 0.733156 1.052624 -0.654492
v 0.711937 1.076066 -0.595295
v 0.706511 1.086245 -0.575521
v 0.713139 1.052324 -0.686579
v 0.696105 1.060415 -0.665308
v 0.684208 1.057956 -0.691747
v 0.750741 1.037250 -0.715158
v 0.715188 1.047079 -0.720176
v 0.741386 1.044880 -0.682775
v 0.686687 1.052889 -0.723907
v 0.674187 1.065721 -0.660607
v 0.693723 1.065632 -0.645549
v 0.515139 1.073814 -0.695147
v 0.543708 1.068998 -0.711868
v 0.468663 1.072769 -0.719239
v 0.605549 1.070414 -0.676367
v 0.536574 1.075742 -0.677432
v 0.608955 1.064672 -0.705057
v 0.649006 1.057712 -0.727166
v 0.517414 1.067707 -0.737118
v 0.457765 1.070513 -0.740788
v 0.421031 1.078293 -0.698265
v 0.409759 1.071731 -0.743019
v 0.355379 1.079640 -0.703260
v 0.365482 1.072593 -0.744655
v 0.312875 1.073128 -0.746161
v 0.302901 1.080150 -0.707726
v 0.256328 1.073439 -0.747384
v 0.245132 1.096819 -0.626940
v 0.167230 1.073836 -0.748747
v 0.339631 1.096720 -0.621819
v 0.384253 1.096578 -0.618349
v 0.412885 1.085479 -0.664165
v 0.295552 1.096804 -0.624625
v 0.425574 1.096257 -0.614771
v 0.552112 1.081028 -0.650642
v 0.515656 1.082212 -0.655375
v 0.531231 1.089652 -0.623674
v 0.476275 1.083372 -0.660015
v 0.466230 1.095792 -0.611096
v 0.584796 1.079889 -0.645902
v 0.507382 1.095309 -0.606972
v 0.546142 1.094927 -0.602276
v 0.597836 1.089258 -0.611427
v 0.580587 1.094847 -0.596830
v 0.699875 1.289121 -0.374835
v 0.710951 1.229167 -0.417363
v 0.700610 1.310367 -0.346432
v 0.712416 1.254024 -0.387620
v 0.680651 1.360026 -0.325937
v 0.691074 1.328028 -0.345740
v 0.671583 1.393371 -0.297322
v 0.664998 1.424107 -0.261907
v 0.682747 1.377160 -0.290033
v 0.691624 1.345555 -0.317916
v 0.619881 1.390150 1.464770
v 0.638093 1.400443 1.440993
v 0.663398 1.075216 -0.633848
v 0.635514 1.078645 -0.634353
v 0.651531 1.086486 -0.606621
v 0.631499 1.096659 -0.583553
v 0.612559 1.079100 -0.640456
v 0.646896 1.070544 -0.658239
v 0.609318 1.095306 -0.590476
v 0.650072 1.099910 -0.575233
v 0.667127 1.091557 -0.590192
v 0.662840 1.105190 -0.566510
v 0.669370 1.082048 -0.611343
v 0.650366 1.066010 -0.675871
v 0.652676 1.061648 -0.697531
v 0.287079 1.506426 1.410956
v 0.386160 1.495365 1.429388
v 0.401421 1.498471 1.419766
v 0.454631 1.485796 1.447416
v 0.459310 1.496103 1.417641
v 0.255041 1.501547 1.423228
v 0.299686 1.495018 1.435225
v 0.242799 1.489033 1.448375
v 0.337347 1.488924 1.447912
v 0.399196 1.488110 1.447605
v 0.461778 1.510686 1.378553
v 0.400007 1.505052 1.403193
v 0.654685 1.319441 1.489888
v 0.641219 1.312566 1.506232
v 0.671764 1.200833 1.566760
v 0.654883 1.197222 1.581652
v 0.680082 1.071157 1.650710
v 0.664606 1.128805 1.623082
v 0.662608 1.065328 1.667603
v 0.684593 1.122640 1.611835
v 0.631112 1.117262 1.655083
v 0.635706 1.068259 1.684457
v 0.637039 1.042600 1.699292
v 0.680171 1.029708 1.678814
v 0.684021 1.043851 1.667743
v 0.709572 1.031647 1.656330
v 0.765062 1.044721 1.515308
v 0.758395 1.035858 1.552639
v 0.771749 1.035812 1.509406
v 0.753613 1.045381 1.551139
v 0.760568 1.023301 1.559547
v 0.776547 1.026555 1.504721
v 0.752856 1.081675 1.371586
v 0.749526 1.088356 1.372242
v 0.737047 1.109176 1.433658
v 0.820680 0.843306 0.853702
v 0.820311 0.847971 0.646498
v 0.819735 0.851413 0.720694
v 0.771057 1.039184 -0.659725
v 0.726078 0.898307 1.696594
v 0.733221 0.817961 1.688687
v 0.732818 0.904591 1.685511
v 0.738744 0.904042 1.673163
v 0.739434 0.817392 1.674824
v 0.745114 0.888405 1.657386
v 0.715461 0.857910 1.711462
v 0.715200 0.904508 1.708528
v 0.813467 0.647173 1.458290
v 0.813311 0.698168 1.439806
v 0.799198 0.780061 1.486271
v 0.802731 0.687877 1.494560
v 0.816804 0.639415 1.440788
v 0.817338 0.685521 1.416300
v 0.803732 0.787880 1.457332
v 0.794112 0.769747 1.512911
v 0.725500 0.566918 1.695340
v 0.752938 0.653638 1.632247
v 0.725504 0.537154 1.691610
v 0.742257 0.533101 1.648302
v 0.739367 0.503452 1.649844
v 0.732531 0.477647 1.658132
v 0.738151 0.474901 1.646055
v 0.725514 0.513704 1.685896
v 0.726376 0.492734 1.676288
v 0.728964 0.482067 1.666568
v 0.757969 0.474171 1.604938
v 0.750468 0.501890 1.624378
v 0.773477 0.846782 1.578327
v 0.746662 0.905318 1.651558
v 0.773442 0.906201 1.571708
v 0.768930 0.800452 1.594397
v 0.811832 0.473462 1.485127
v 0.818331 0.473130 1.463024
v 0.815151 0.582123 1.468580
v 0.811246 0.580288 1.483532
v 0.806242 0.582501 1.498608
v 0.802722 0.473632 1.507238
v 0.796233 0.577720 1.524371
v 0.782376 0.515619 1.553960
v 0.821149 0.474101 1.443579
v 0.818289 0.578071 1.452151
v 0.822011 0.476584 1.433349
v 0.821933 0.569841 1.416019
v 0.822473 0.481637 1.424422
v 0.822703 0.490287 1.418023
v 0.822849 0.504846 1.412313
v 0.822878 0.554757 1.402276
v 0.822875 0.574923 1.395547
v 0.822875 0.588791 1.388327
v 0.820101 0.583945 1.434970
v 0.819792 0.618134 1.423343
v 0.821235 0.626435 1.401731
v 0.819589 0.651898 1.411585
v 0.822188 0.641100 1.372610
v 0.821129 0.671510 1.375283
v 0.822876 0.601407 1.378487
v 0.822871 0.616487 1.362516
v 0.822888 0.657245 1.307803
v 0.819234 0.685966 1.394801
v 0.773519 0.581388 1.578278
v 0.776817 0.644159 1.573202
v 0.759483 0.544967 1.608101
v 0.757891 0.778096 1.624275
v 0.809003 0.782633 1.422012
v 0.818633 0.743712 1.351032
v 0.779799 0.785929 1.563367
v 0.791866 0.694772 1.531211
v 0.781548 0.835811 1.552389
v 0.795582 0.699964 1.518329
v 0.790454 0.838280 1.514697
v 0.725893 0.818321 1.701382
v 0.741023 0.948631 1.646636
v 0.736255 1.010134 1.629761
v 0.730005 1.005654 1.644611
v 0.734756 0.951600 1.659983
v 0.733514 1.032147 1.621938
v 0.723466 1.031641 1.641195
v 0.723845 1.005214 1.654395
v 0.716229 1.004776 1.663362
v 0.706263 1.003385 1.672916
v 0.720871 0.953199 1.681144
v 0.710482 0.954299 1.691250
v 0.728627 0.952120 1.671092
v 0.672107 1.321319 1.433372
v 0.542593 1.523813 1.305484
v 0.564512 1.520072 1.304243
v 0.542721 1.516060 1.336156
v 0.564886 1.512143 1.334881
v 0.765562 1.049256 1.499146
v 0.777650 1.043153 1.466467
v 0.781761 1.035887 1.467602
v 0.693930 1.150800 1.582446
v 0.678113 1.207910 1.556408
v 0.691835 1.127642 1.601855
v 0.703303 1.144184 1.568661
v 0.694051 1.190076 1.545929
v 0.691399 1.188042 1.555452
v 0.680743 1.221892 1.542569
v 0.680541 1.245661 1.521293
v 0.696625 1.195264 1.515832
v 0.681371 1.256500 1.506439
v 0.646016 1.392923 1.438558
v 0.649182 1.398989 1.427743
v 0.649846 1.421244 1.395313
v 0.657702 1.388006 1.413538
v 0.639918 1.419414 1.421340
v 0.652432 1.398851 1.419721
v 0.642192 1.434198 1.399943
v 0.762123 0.722363 1.611937
v 0.634640 1.453578 1.384440
v 0.632108 1.466945 1.362605
v 0.619726 1.481549 1.351694
v 0.604846 1.485747 1.363788
v 0.582412 1.491763 1.376983
v 0.666091 0.884574 1.750684
v 0.685283 0.875937 1.736986
v 0.701372 0.873192 1.723827
v 0.645303 0.869089 1.769016
v 0.565393 1.503847 1.361007
v 0.543148 1.508175 1.361735
v 0.205449 1.562490 1.223951
v 0.205449 1.566603 1.197294
v 0.136966 1.569412 1.197690
v 0.136966 1.565142 1.224546
v 0.205449 1.570602 1.163723
v 0.136966 1.573562 1.163929
v 0.068483 1.571302 1.197970
v 0.068483 1.566922 1.224966
v 0.068483 1.575554 1.164074
v 0.309475 1.557417 1.222954
v 0.206883 1.555696 1.259490
v 0.308601 1.561307 1.196591
v 0.306995 1.565148 1.162995
v 0.304394 1.569295 1.117040
v 0.205449 1.574722 1.119060
v 0.136966 1.577785 1.119125
v 0.068483 1.579831 1.119172
v 0.068761 1.559774 1.261644
v 0.137709 1.558131 1.260794
v 0.205724 1.599510 0.603657
v 0.206793 1.601177 0.530691
v 0.140617 1.602867 0.550476
v 0.070550 1.604290 0.540313
v 0.066701 1.601009 0.699408
v 0.273925 1.594972 0.646582
v 0.204336 1.597071 0.700683
v 0.274393 1.597212 0.564717
v 0.135788 1.599491 0.702785
v 0.817575 0.791144 1.330361
v 0.322637 1.525218 1.359670
v 0.318240 1.519033 1.377834
v 0.405053 1.519314 1.364379
v 0.463238 1.517840 1.357284
v 0.798564 0.905586 1.451174
v 0.794142 0.911191 1.476993
v 0.798892 0.841617 1.468021
v 0.787294 0.657700 1.546373
v 0.786898 0.697479 1.546339
v 0.822886 0.740118 1.103359
v 0.822857 0.758070 1.001937
v 0.822876 0.735007 1.134795
v 0.822875 0.743432 1.070440
v 0.822876 0.744570 1.036910
v 0.822602 0.793878 1.012509
v 0.822876 0.743242 1.003512
v 0.822876 0.739506 0.970522
v 0.822875 0.733506 0.938099
v 0.818020 0.858769 0.455406
v 0.816899 0.866068 0.455355
v 0.817328 0.858469 0.940611
v 0.803256 0.845758 -1.400805
v 0.798925 0.863609 -1.391512
v 0.806111 0.866387 -1.192656
v 0.821496 0.907690 -0.548703
v 0.817916 0.893624 -0.637695
v 0.816751 0.904204 -0.732715
v 0.819687 0.843424 1.258912
v 0.818313 0.984793 0.536132
v 0.818756 0.980465 0.455143
v 0.817886 1.002338 0.454078
v 0.734765 1.050383 1.595355
v 0.742651 1.038845 1.592562
v 0.734660 1.066167 1.559217
v 0.746810 1.023211 1.596411
v 0.821826 0.800698 0.788289
v 0.755079 1.081473 1.215121
v 0.751945 1.087747 1.227339
v 0.822246 0.760468 0.624397
v 0.822112 0.772770 0.613153
v 0.798945 0.606832 1.516844
v 0.819820 0.851768 1.179743
v 0.817479 0.858183 1.216030
v 0.815868 0.860673 1.262244
v 0.816337 0.865516 1.184901
v 0.812750 0.860821 1.318568
v 0.816409 0.983303 0.928081
v 0.816679 0.983981 1.030408
v 0.810293 1.026728 1.026695
v 0.815666 1.001266 1.050027
v 0.819960 0.910552 0.455561
v 0.819277 0.909667 0.830819
v 0.819604 0.904805 0.455537
v 0.709642 1.091128 1.604632
v 0.816240 1.015373 0.452944
v 0.813268 1.026853 0.451155
v 0.820362 0.849951 0.455524
v 0.799118 1.043122 0.990874
v 0.805409 1.035870 1.010862
v 0.805278 1.035971 0.820648
v 0.791939 1.049288 0.993668
v 0.819256 0.789774 -1.103993
v 0.818187 0.794024 -1.144571
v 0.816884 0.795502 -1.191714
v 0.813796 0.822890 -1.242334
v 0.813076 0.811628 -1.283848
v 0.815879 0.793609 -1.226428
v 0.815213 0.790970 -1.249515
v 0.814559 0.787011 -1.272281
v 0.813930 0.781607 -1.294475
v 0.797423 0.853203 -1.474243
v 0.792670 0.869260 -1.487085
v 0.797299 0.845889 -1.497574
v 0.794826 0.861138 -1.507965
v 0.819139 0.891001 -0.549163
v 0.807739 0.826510 -1.365183
v 0.803170 0.824506 -1.442283
v 0.797172 0.834772 -1.518741
v 0.813337 0.774595 -1.315953
v 0.811082 0.797687 -1.346297
v 0.812770 0.765651 -1.336997
v 0.812214 0.754412 -1.357993
v 0.811653 0.740515 -1.379332
v 0.815548 0.899916 -0.874379
v 0.804080 0.896245 -1.195075
v 0.804842 0.899957 -1.199158
v 0.814578 0.893944 -0.861996
v 0.803524 0.891476 -1.201852
v 0.817320 0.902477 -0.875402
v 0.806624 0.902466 -1.198622
v 0.820022 0.785495 -1.074179
v 0.820820 0.779394 -1.042755
v 0.821624 0.770815 -1.011038
v 0.822416 0.759113 -0.980367
v 0.796845 0.803616 -1.558806
v 0.788664 0.859206 -1.612168
v 0.810512 0.703987 -1.423416
v 0.811096 0.723679 -1.401261
v 0.800385 0.591835 -1.579433
v 0.804165 0.629409 -1.548755
v 0.794413 0.594708 -1.613360
v 0.799279 0.548000 -1.578695
v 0.792319 0.555067 -1.613370
v 0.808272 0.601295 -1.504342
v 0.807784 0.572403 -1.520151
v 0.805191 0.555121 -1.544649
v 0.808788 0.629424 -1.486426
v 0.807543 0.547420 -1.531443
v 0.803070 0.546786 -1.558124
v 0.800761 1.007784 -0.537623
v 0.808595 0.989456 -0.541458
v 0.791227 0.494128 -1.592046
v 0.790319 0.472229 -1.587044
v 0.779851 0.464315 -1.611612
v 0.782737 0.446769 -1.597451
v 0.778551 0.448610 -1.606969
v 0.787516 0.510976 -1.613321
v 0.795057 0.519161 -1.588431
v 0.807160 0.522433 -1.540105
v 0.803363 0.501418 -1.555351
v 0.798444 0.497606 -1.570268
v 0.801048 0.521362 -1.564910
v 0.799288 0.479212 -1.565325
v 0.805760 0.490232 -1.549101
v 0.803161 0.474307 -1.555708
v 0.799361 0.464249 -1.563892
v 0.793240 0.454909 -1.576378
v 0.823106 0.743748 -0.951824
v 0.823853 0.724779 -0.925848
v 0.824531 0.758526 -0.795935
v 0.824560 0.702411 -0.902678
v 0.823268 0.739622 -0.551430
v 0.822691 0.813593 -0.804038
v 0.794350 1.048702 1.194190
v 0.801548 1.042878 1.220489
v 0.807284 1.035833 1.173036
v 0.812102 1.026691 1.175125
v 0.675979 1.161556 -0.515245
v 0.677999 1.137512 -0.534699
v 0.680581 1.111145 -0.554334
v 0.683192 1.123623 -0.541292
v 0.691189 1.109120 -0.549759
v 0.671124 1.112991 -0.557196
v 0.679246 1.101028 -0.567725
v 0.675747 1.122774 -0.547544
v 0.693610 1.098552 -0.562932
v 0.548023 1.533798 -0.189418
v 0.546033 1.537947 -0.174046
v 0.569734 1.534362 -0.171956
v 0.571932 1.530519 -0.187271
v 0.544854 1.541706 -0.152744
v 0.568233 1.537812 -0.150733
v 0.585853 1.530836 -0.169981
v 0.590124 1.525545 -0.190107
v 0.523468 1.528773 -0.210782
v 0.513360 1.537189 -0.191755
v 0.555763 1.525913 -0.208649
v 0.511607 1.541734 -0.176339
v 0.510727 1.545898 -0.154968
v 0.578606 1.522970 -0.206635
v 0.584305 1.514085 -0.223083
v 0.561222 1.516724 -0.225736
v 0.597568 1.514410 -0.215750
v 0.590407 1.504646 -0.236216
v 0.568069 1.506956 -0.239703
v 0.533629 1.509909 -0.242988
v 0.524435 1.519238 -0.229375
v 0.542089 1.575095 0.476763
v 0.563714 1.571028 0.476885
v 0.564421 1.569136 0.410896
v 0.542736 1.573663 0.420825
v 0.577503 1.567360 0.484729
v 0.578228 1.564953 0.402193
v 0.542342 1.573539 0.548207
v 0.563410 1.569645 0.547574
v 0.508194 1.571021 0.739955
v 0.577141 1.564962 0.575505
v 0.684522 1.090098 -0.584827
v 0.687795 1.080553 -0.604493
v 0.691047 1.072306 -0.625076
v 0.672071 1.414612 -0.253163
v 0.541881 1.552690 1.060342
v 0.563828 1.549863 1.042134
v 0.542339 1.556581 0.975192
v 0.563803 1.555731 0.903481
v 0.577578 1.546485 1.041644
v 0.577602 1.551957 0.909480
v 0.510107 1.557909 1.036240
v 0.587259 1.546216 0.969083
v 0.542019 1.562449 0.835158
v 0.509307 1.564122 0.903432
v 0.205449 1.579105 1.060888
v 0.205449 1.583511 0.993830
v 0.136966 1.586543 0.993845
v 0.136966 1.582186 1.060894
v 0.205449 1.587606 0.924270
v 0.136966 1.590544 0.924335
v 0.068483 1.588491 0.993856
v 0.068483 1.584214 1.060899
v 0.068483 1.592381 0.924381
v 0.273933 1.575212 1.060880
v 0.273933 1.579573 0.993812
v 0.273933 1.583670 0.924196
v 0.273933 1.587162 0.858445
v 0.205449 1.591057 0.858594
v 0.136966 1.593881 0.858724
v 0.068483 1.595600 0.858816
v 0.668188 1.432466 1.055642
v 0.668131 1.434073 0.988990
v 0.668383 1.435611 0.897973
v 0.659310 1.457513 1.093558
v 0.664047 1.448895 0.812904
v 0.623057 1.522833 1.038014
v 0.629384 1.518510 0.969931
v 0.636336 1.508204 1.040435
v 0.622416 1.527412 0.899152
v 0.635534 1.511653 0.904101
v 0.616376 1.528187 1.034617
v 0.642362 1.499644 0.972279
v 0.628349 1.523308 0.785512
v 0.615841 1.533178 0.896890
v 0.610295 1.532703 1.025321
v 0.597842 1.539109 1.033796
v 0.609083 1.541827 0.785418
v 0.611133 1.529239 -0.050290
v 0.619007 1.524262 -0.050757
v 0.341815 1.590610 0.326117
v 0.406094 1.585327 0.326567
v 0.406106 1.582324 0.253324
v 0.341817 1.587822 0.252541
v 0.463884 1.578520 0.298979
v 0.406119 1.578890 0.174637
v 0.341818 1.584571 0.173495
v 0.273933 1.595164 0.325656
v 0.510004 1.573311 0.303769
v 0.273933 1.589545 0.172323
v 0.273933 1.592603 0.251738
v 0.648226 1.485825 -0.065948
v 0.646664 1.490110 0.005459
v 0.068483 1.602314 0.324525
v 0.136966 1.600970 0.324805
v 0.136966 1.598829 0.250258
v 0.068483 1.600311 0.249771
v 0.205449 1.598617 0.325202
v 0.205449 1.596281 0.250948
v 0.136966 1.596129 0.170164
v 0.068483 1.597729 0.169452
v 0.205449 1.593415 0.171170
v 0.069874 1.604324 0.415674
v 0.138575 1.603128 0.415479
v 0.207123 1.601003 0.415739
v 0.205449 1.590104 0.092483
v 0.136966 1.592906 0.091152
v 0.068483 1.594567 0.090210
v 0.468576 1.558318 1.102992
v 0.464334 1.566035 0.967906
v 0.406441 1.571616 0.962444
v 0.406058 1.566006 1.060831
v 0.340943 1.577111 0.958144
v 0.341811 1.570755 1.060868
v 0.461796 1.572774 0.827855
v 0.404359 1.578498 0.826483
v 0.340601 1.583917 0.827058
v 0.406059 1.562206 1.118800
v 0.068483 1.534860 1.362135
v 0.068482 1.529063 1.377817
v 0.153507 1.526957 1.376745
v 0.154334 1.532511 1.361435
v 0.068481 1.523080 1.391505
v 0.151708 1.521593 1.389609
v 0.068483 1.540570 1.343752
v 0.087721 1.517769 1.401529
v 0.155436 1.538129 1.343245
v 0.408566 1.587083 0.582659
v 0.342389 1.592899 0.563575
v 0.341857 1.590456 0.645104
v 0.465177 1.581913 0.577522
v 0.443210 1.552721 1.196189
v 0.463051 1.554444 1.162675
v 0.406060 1.558696 1.162979
v 0.443468 1.549228 1.221950
v 0.064016 1.508302 1.418986
v 0.175559 1.495515 1.437509
v 0.201653 1.501172 1.426661
v 0.121297 1.489025 1.448751
v 0.484366 1.526213 -0.223584
v 0.431434 1.512591 -0.257541
v 0.422282 1.534540 -0.216639
v 0.363298 1.516959 -0.259412
v 0.345391 1.541329 -0.213848
v 0.468723 1.535417 -0.206705
v 0.492269 1.505415 -0.258595
v 0.463755 1.550461 -0.157452
v 0.464414 1.545803 -0.178894
v 0.406820 1.549980 -0.181665
v 0.406313 1.555156 -0.160151
v 0.465934 1.540779 -0.194355
v 0.408115 1.544462 -0.197172
v 0.342291 1.554031 -0.184580
v 0.341891 1.559669 -0.162992
v 0.343368 1.548078 -0.200135
v 0.068483 1.590829 0.017766
v 0.136966 1.589186 0.018932
v 0.136966 1.584970 -0.044462
v 0.068483 1.586545 -0.045837
v 0.205449 1.586411 0.020582
v 0.205449 1.582301 -0.042519
v 0.136966 1.580252 -0.097920
v 0.068483 1.581748 -0.099472
v 0.205449 1.577717 -0.095727
v 0.068720 1.605049 0.478045
v 0.137333 1.603943 0.477627
v 0.205844 1.601928 0.477254
v 0.067666 1.548340 1.314032
v 0.135837 1.546720 1.313024
v 0.203993 1.544340 1.311682
v 0.822810 0.710837 0.551310
v 0.822835 0.708292 0.573174
v 0.822868 0.668128 0.455200
v 0.820145 0.440223 0.565192
v 0.820828 0.453975 0.445988
v 0.821467 0.455991 0.560373
v 0.822607 0.477388 0.390441
v 0.820388 0.429089 0.642101
v 0.822852 0.490889 0.414315
v 0.822404 0.465612 0.337620
v 0.724228 1.068689 1.589554
v 0.804043 1.035928 1.309049
v 0.794852 1.044025 1.335484
v 0.798426 1.035752 1.361187
v 0.786526 1.043392 1.410395
v 0.797627 1.044831 1.290049
v 0.789584 1.035929 1.422582
v 0.753115 1.065131 1.490648
v 0.808737 1.036253 0.448570
v 0.801685 1.044963 0.444915
v 0.801573 1.042890 0.530408
v 0.807663 1.035765 0.537050
v 0.799504 1.043111 0.785318
v 0.807161 1.035898 1.253298
v 0.811993 1.026710 1.253683
v 0.815307 1.015109 1.236733
v 0.814178 1.014962 1.274037
v 0.817021 1.001605 1.236838
v 0.816753 0.984396 1.273931
v 0.817859 0.985568 1.237146
v 0.815223 1.015170 1.174592
v 0.817008 1.001638 1.177589
v 0.817900 0.986920 1.185237
v 0.795408 0.994724 1.440622
v 0.784867 1.014756 1.481858
v 0.788658 0.998234 1.474243
v 0.746225 0.999386 1.611015
v 0.766121 0.994437 1.559264
v 0.755129 0.949620 1.608009
v 0.780940 0.999845 1.506679
v 0.773242 1.014928 1.525663
v 0.780652 0.949830 1.526750
v 0.788439 0.946947 1.494056
v 0.724679 0.909541 1.695911
v 0.687413 1.008419 1.684593
v 0.639160 0.997413 1.721863
v 0.641432 0.952554 1.742374
v 0.676204 0.959443 1.715510
v 0.695243 0.973306 1.695246
v 0.813685 0.905952 1.332429
v 0.809329 0.906003 1.371582
v 0.816146 0.905994 1.304034
v 0.818676 0.937897 0.702117
v 0.819194 0.863664 -0.549637
v 0.822261 0.849999 -0.549678
v 0.791722 0.848651 1.503483
v 0.790008 0.860166 1.496570
v 0.779199 0.854785 1.556641
v 0.778657 0.866716 1.545294
v 0.788283 0.867882 1.499698
v 0.816567 0.892463 0.455368
v 0.791633 0.883260 -1.536515
v 0.784905 0.902464 -1.611508
v 0.791870 0.902456 -1.502242
v 0.792010 0.884587 -1.516931
v 0.812139 0.835466 -1.247946
v 0.811152 0.858722 -1.080818
v 0.820365 0.848234 -0.826963
v 0.816890 0.861514 -0.854744
v 0.821623 0.832853 -0.821918
v 0.823015 0.668034 -0.552316
v 0.719750 1.170432 1.363837
v 0.733200 1.150172 1.314136
v 0.733670 1.171674 1.278568
v 0.678611 1.336583 1.341067
v 0.750274 1.100104 0.511122
v 0.750287 1.093976 0.993292
v 0.747808 1.100127 1.202613
v 0.815492 0.873004 -0.851787
v 0.818169 0.869729 -0.644218
v 0.817755 0.882172 -0.631134
v 0.812570 0.879174 1.300717
v 0.808569 0.873738 1.350326
v 0.808439 0.889974 1.349940
v 0.815005 0.897727 1.279028
v 0.816087 0.866783 0.928084
v 0.815627 0.877953 0.901418
v 0.816189 0.882359 0.455337
v 0.815638 0.882104 1.187388
v 0.796512 0.882705 1.443057
v 0.796692 0.896701 1.444379
v 0.814950 0.890006 1.256804
v 0.814723 0.873629 1.262973
v 0.797151 0.877868 -1.380715
v 0.804329 0.882119 -1.189642
v 0.795831 0.890494 -1.385164
v 0.814652 0.884873 -0.857607
v 0.815305 0.890430 -0.756068
v 0.816106 0.874587 -0.752647
v 0.790580 0.888192 -1.484291
v 0.790807 0.881837 -1.500837
v 0.796406 0.898900 -1.383493
v 0.798483 0.902467 -1.387421
v 0.809330 0.898384 1.350446
v 0.775853 0.871909 1.565841
v 0.816414 0.902769 -0.790542
v 0.817295 0.908150 -0.794849
v 0.817733 0.903965 -0.816292
v 0.817784 0.905944 1.275396
v 0.818741 0.906012 1.246583
v 0.791827 0.898271 -1.468985
v 0.792898 0.902442 -1.487961
v 0.817389 0.898625 0.455417
v 0.666542 1.338270 1.446927
v 0.670491 1.325840 1.442096
v 0.665491 1.357537 1.420191
v 0.649120 1.483474 1.098149
v 0.654166 1.472750 1.031150
v 0.648169 1.487745 0.972369
v 0.655255 1.466852 1.138623
v 0.654544 1.473959 0.784828
v 0.648994 1.476380 1.187844
v 0.683553 1.254990 1.496889
v 0.701397 1.164536 1.547943
v 0.720036 1.087254 1.576153
v 0.656611 1.471149 0.544756
v 0.647455 1.491734 0.542191
v 0.648621 1.491153 0.495236
v 0.706393 1.154526 1.532449
v 0.657120 1.479481 0.430061
v 0.652611 1.490736 0.412822
v 0.661891 1.467545 0.436419
v 0.727790 0.804190 1.700984
v 0.462745 1.576610 0.730625
v 0.405440 1.582187 0.733422
v 0.340988 1.587597 0.735487
v 0.273060 1.592330 0.737115
v 0.273933 1.589800 0.801477
v 0.205449 1.593625 0.801694
v 0.205449 1.595459 0.752494
v 0.136966 1.598064 0.752735
v 0.136966 1.596337 0.801883
v 0.068483 1.599591 0.752905
v 0.068483 1.597953 0.802017
v 0.000000 1.598488 0.802068
v -0.405440 1.582186 0.733437
v -0.462742 1.576609 0.730672
v -0.340986 1.587597 0.735499
v -0.273933 1.589800 0.801477
v -0.273060 1.592329 0.737119
v -0.205449 1.593625 0.801694
v -0.136966 1.596337 0.801883
v -0.136966 1.598064 0.752735
v -0.205449 1.595459 0.752494
v -0.068483 1.597953 0.802017
v -0.068483 1.599591 0.752905
v -0.674495 1.420236 0.499586
v 0.729177 1.190859 0.474442
v 0.713068 1.262799 0.437329
v 0.699666 1.316889 0.472508
v 0.693798 1.338669 0.500306
v 0.710811 1.266953 0.499861
v -0.717638 1.139741 1.481213
v -0.728502 1.150486 1.346498
v -0.731383 1.136660 1.358449
v -0.738750 1.146216 1.282588
v 0.714769 1.145885 1.482774
v 0.731383 1.136659 1.358449
v 0.728502 1.150487 1.346496
v 0.738749 1.146220 1.282587
v 0.683657 1.273520 1.404121
v -0.692067 1.242123 1.420080
v 0.698092 1.206438 1.440781
v -0.706579 1.287144 -0.296174
v -0.700913 1.309694 -0.278492
v -0.689956 1.351770 -0.311351
v -0.698066 1.320602 -0.337016
v -0.693247 1.338023 -0.254436
v -0.677452 1.395679 -0.270919
v -0.712411 1.261726 -0.314757
v -0.704199 1.294166 -0.357430
v -0.666118 1.458966 0.336384
v -0.667016 1.458600 0.374173
v -0.648398 1.510951 0.384343
v -0.668629 1.453674 0.382361
v -0.663079 1.454632 0.119779
v -0.683793 1.399462 0.387295
v -0.706065 1.298237 0.387274
v -0.682859 1.408049 0.436439
v -0.823650 0.512527 -0.249635
v -0.824141 0.533577 -0.218517
v -0.823002 0.535552 -0.552999
v -0.822367 0.513399 -0.552773
v -0.823798 0.557939 -0.337570
v -0.823301 0.566376 -0.553120
v -0.823846 0.610506 -0.217813
v -0.823245 0.616178 -0.552898
v -0.823851 0.741109 0.047977
v -0.824440 0.654345 0.203749
v -0.824282 0.712862 0.233698
v -0.823694 0.656376 -0.204038
v -0.824583 0.617497 0.155390
v -0.825986 0.607371 0.451512
v -0.824014 0.780672 0.237693
v -0.738683 1.154681 0.386623
v -0.716168 1.254756 0.436385
v -0.745167 1.127843 0.436386
v -0.749399 1.109012 0.382501
v -0.753850 1.093637 0.436638
v -0.757799 1.082047 0.387724
v -0.765723 1.075292 0.438748
v -0.757718 1.084008 0.437092
v -0.753936 1.089563 0.381618
v -0.764941 1.073972 0.387890
v -0.779360 1.062524 0.415310
v -0.771313 1.067607 0.387884
v -0.802419 1.046573 0.448130
v -0.796815 1.042702 0.365693
v -0.789039 1.047755 0.218330
v -0.795239 1.040615 0.184034
v -0.804448 1.033955 0.383458
v -0.820570 0.950837 0.348374
v -0.819504 0.954711 0.223477
v -0.821024 0.940281 0.222238
v -0.822471 0.940576 0.456543
v -0.823375 0.743321 -0.319046
v -0.823139 0.780847 -0.550725
v -0.826485 0.575567 0.446632
v -0.825694 0.569839 0.282622
v -0.822035 0.446567 0.076406
v -0.825211 0.447035 0.392041
v -0.823982 0.461710 0.180254
v -0.826651 0.483476 0.378490
v -0.827016 0.515339 0.375208
v -0.825389 0.512448 0.107715
v -0.674354 1.435834 0.386388
v -0.798251 1.018966 -0.464198
v -0.795887 1.026660 -0.375201
v -0.793519 1.025427 -0.500603
v -0.803528 1.012763 -0.330791
v -0.800323 1.020020 -0.329078
v -0.790799 1.033094 -0.407225
v -0.785431 1.035550 -0.529295
v -0.798505 1.012989 -0.536586
v -0.672720 1.444398 0.436642
v -0.663048 1.472034 0.436848
v -0.824898 0.493963 0.094515
v -0.822867 0.493839 -0.249720
v -0.821742 0.476914 -0.249775
v -0.824174 0.477204 0.094488
v -0.820647 0.461203 -0.218799
v -0.817725 0.445769 -0.380111
v -0.827603 0.502987 0.422196
v -0.827406 0.528307 0.432947
v -0.821733 0.909028 0.205761
v -0.821356 0.917616 -0.548247
v -0.821090 0.906172 -0.548643
v -0.807628 1.010163 -0.089082
v -0.806209 1.016287 -0.052271
v -0.802609 1.023294 -0.089574
v -0.808537 1.019982 0.168800
v -0.799794 1.029492 -0.045677
v -0.823428 0.796728 -0.133219
v -0.822825 0.819688 -0.549998
v -0.797628 1.042876 0.389123
v -0.812452 1.035372 0.451098
v -0.808573 1.027358 0.383314
v -0.760943 1.061918 -0.427118
v -0.751586 1.073127 -0.504649
v -0.764659 1.058363 -0.481858
v -0.768307 1.056074 -0.327622
v -0.761507 1.062937 -0.325138
v -0.754545 1.072546 -0.269132
v -0.748743 1.076706 -0.448716
v -0.776290 1.047289 -0.522951
v -0.747584 1.080958 -0.395905
v -0.744149 1.083500 -0.497821
v -0.747228 1.086933 -0.328493
v -0.743794 1.089913 -0.443822
v -0.742644 1.103025 -0.416127
v -0.731244 1.164684 -0.378539
v -0.730492 1.152370 -0.455274
v -0.720196 1.223958 -0.340565
v -0.717564 1.225743 -0.406255
v -0.710212 1.264958 -0.378768
v -0.745596 1.090317 -0.383486
v -0.744209 1.095691 -0.409327
v -0.739999 1.097494 -0.489122
v -0.671908 1.414524 -0.172812
v -0.656678 1.467415 -0.182916
v -0.661392 1.452458 -0.208546
v -0.668309 1.426981 -0.150852
v -0.653633 1.475212 -0.161400
v -0.676385 1.398451 -0.193397
v -0.651135 1.480543 -0.138971
v -0.664080 1.439135 -0.114187
v -0.649366 1.483354 -0.113107
v -0.661827 1.446489 -0.070157
v -0.661497 1.449829 -0.029716
v -0.648357 1.485206 -0.075493
v -0.661988 1.452286 0.032437
v -0.822608 0.843092 0.234233
v -0.823348 0.847089 0.456665
v -0.821710 0.851194 0.218973
v -0.786876 1.043627 -0.079656
v -0.788110 1.039412 -0.244943
v -0.798247 1.034458 0.068700
v -0.766488 1.060376 -0.194404
v -0.781529 1.041544 -0.496745
v -0.764626 1.072199 0.216009
v -0.771833 1.064491 0.218910
v -0.760960 1.077092 0.224328
v -0.821260 0.494157 -0.552290
v -0.818506 0.464939 -0.547346
v -0.817489 0.455470 -0.541353
v -0.816863 0.449791 -0.530047
v -0.816682 0.446823 -0.506818
v -0.816935 0.445790 -0.463145
v -0.819873 0.477837 -0.550772
v -0.823982 0.839658 0.456697
v -0.823371 0.826579 0.216779
v -0.824803 0.809972 0.456714
v -0.825329 0.732658 0.456687
v -0.823088 0.917505 0.456719
v -0.821970 0.918585 0.213773
v -0.822612 0.906665 0.456667
v -0.818949 0.894188 -0.548983
v -0.819292 0.894578 0.219987
v -0.822512 0.834183 -0.549734
v -0.822013 0.844134 -0.549561
v -0.824418 0.571619 -0.098999
v -0.825615 0.533276 0.155225
v -0.825156 0.571111 0.155289
v -0.821033 0.930211 -0.547825
v -0.825499 0.685927 0.456061
v -0.825706 0.644752 0.454503
v -0.826803 0.472372 0.407191
v -0.776016 1.047446 -0.465565
v -0.683741 1.372018 -0.221975
v -0.666787 1.433576 -0.231586
v -0.814777 1.005322 0.381139
v -0.817935 0.971822 0.361144
v -0.820690 0.982492 0.454894
v -0.821034 0.959336 0.423673
v -0.822208 0.949526 0.456323
v -0.819806 0.959287 -0.435690
v -0.818969 0.966840 -0.443343
v -0.818115 0.966465 -0.014930
v -0.817689 0.973367 -0.449764
v -0.819102 0.963867 -0.546620
v -0.816042 0.976855 -0.545022
v -0.809046 0.964105 0.253108
v -0.809740 0.959215 0.263457
v -0.807454 0.967513 0.271911
v -0.808247 0.970030 0.249781
v -0.807582 0.976008 0.253227
v -0.806987 0.981007 0.263757
v -0.756945 1.085383 0.215053
v -0.758403 1.081501 0.221997
v -0.756010 1.093317 0.210984
v -0.756175 1.089654 0.209865
v -0.754764 1.093837 0.300474
v -0.753658 1.095200 0.334536
v -0.752554 1.097623 0.357351
v -0.752840 1.088755 -0.011505
v -0.818774 0.885786 0.223829
v -0.818390 0.885613 -0.549120
v -0.818341 0.873437 -0.549305
v -0.818762 0.873921 0.222479
v -0.819207 0.861549 -0.549404
v -0.819571 0.862311 0.226883
v -0.819918 0.890336 0.456514
v -0.819906 0.870840 0.456492
v -0.820571 0.862757 0.456529
v -0.821244 0.904540 0.215606
v -0.821067 0.899003 0.456597
v -0.815329 0.990606 0.278223
v -0.816518 0.986736 0.361575
v -0.815239 0.989359 0.229459
v -0.815085 0.988960 0.300212
v -0.815390 0.988003 0.324268
v -0.819221 1.011453 0.453657
v -0.815500 0.980154 0.011812
v -0.814765 0.982339 -0.217181
v -0.816606 0.975528 -0.218683
v -0.812910 0.988616 -0.217057
v -0.812883 0.995598 0.066149
v -0.812084 0.993308 -0.096728
v -0.808746 1.001010 -0.244039
v -0.807688 1.001216 -0.367940
v -0.812490 0.988903 -0.415942
v -0.815616 0.980318 -0.458944
v -0.811120 0.990639 -0.501217
v -0.806367 1.002476 -0.441783
v -0.809697 0.991501 -0.541810
v -0.806354 0.984046 0.319853
v -0.808026 0.964633 0.312887
v -0.808283 0.976797 0.347272
v -0.807652 0.981712 0.336923
v -0.808947 0.970817 0.350601
v -0.809648 0.964804 0.347153
v -0.810077 0.959769 0.336626
v -0.810424 0.956567 0.320076
v -0.810235 0.955418 0.288491
v -0.806721 0.985290 0.289266
v -0.649350 1.508485 0.422766
v -0.648305 1.511290 0.412185
v -0.655479 1.492334 0.435072
v -0.825087 0.792202 0.456737
v -0.827010 0.549726 0.440270
v -0.751302 1.101580 0.372091
v -0.816848 0.975164 0.211709
v -0.821223 0.851412 -0.549463
v -0.750937 1.086822 -0.129173
v -0.749070 1.085967 -0.239083
v -0.805641 1.026802 0.185551
v -0.811966 1.011147 0.214935
v -0.811886 1.002622 0.097895
v -0.811428 1.020552 0.383028
v -0.813318 1.013770 0.382908
v -0.817511 1.023317 0.452845
v -0.814385 0.987216 0.276363
v -0.815016 0.983657 0.256380
v -0.815624 0.984446 0.343819
v -0.818626 0.954995 0.276138
v -0.818921 0.953982 0.300081
v -0.819224 0.955247 0.324174
v -0.818619 0.959067 0.343896
v -0.818047 0.958407 0.256405
v -0.818027 0.964909 0.356072
v -0.816338 0.978768 0.355985
v -0.815612 0.977849 0.244194
v -0.816396 0.970927 0.240151
v -0.817233 0.964056 0.244227
v -0.648364 1.511690 0.400334
v -0.635144 1.509740 0.420206
v -0.634639 1.511657 0.399749
v -0.649344 1.508482 0.422767
v -0.651208 1.503574 0.429607
v -0.638326 1.501376 0.431661
v -0.760339 1.049650 -0.521308
v -0.735088 1.076062 -0.502602
v -0.699731 1.267083 0.436386
v -0.732681 1.122254 0.436386
v -0.756207 1.085931 0.436827
v -0.742248 1.087246 0.436820
v -0.728579 1.162359 -0.449459
v -0.727665 1.090396 -0.493484
v -0.714857 1.162344 -0.449470
v -0.791607 1.044333 0.448907
v -0.801791 1.029627 0.452091
v -0.655183 1.493125 0.434882
v -0.646347 1.480447 0.436788
v -0.750048 1.076749 0.438326
v -0.809457 0.910821 0.456733
v -0.808538 0.948552 0.456374
v -0.817663 0.465057 -0.547398
v -0.818519 0.477936 -0.550790
v -0.805011 0.480829 -0.551374
v -0.803938 0.465057 -0.547398
v -0.819679 0.497003 -0.552470
v -0.807961 0.545299 -0.553173
v -0.817009 0.455629 -0.541199
v -0.803284 0.455629 -0.541199
v -0.772345 1.034792 -0.529808
v -0.786414 1.009661 -0.537270
v -0.811218 0.811412 0.456742
v -0.809647 0.847555 0.456664
v -0.825514 0.693404 0.456286
v -0.825738 0.644594 0.454494
v -0.811802 0.644593 0.454494
v -0.811736 0.699124 0.456402
v -0.826055 0.606790 0.451448
v -0.811828 0.606790 0.451448
v -0.826516 0.575363 0.446593
v -0.827017 0.549724 0.440269
v -0.811843 0.575363 0.446593
v -0.827419 0.528401 0.432982
v -0.811853 0.539751 0.437307
v -0.827588 0.502832 0.422130
v -0.811855 0.503533 0.422448
v -0.643341 1.466243 -0.185740
v -0.647019 1.454663 -0.205583
v -0.818677 0.891641 -0.549027
v -0.804950 0.891632 -0.549025
v -0.804842 0.866909 -0.549386
v -0.825038 0.447082 0.388421
v -0.817004 0.445691 -0.452490
v -0.803283 0.445670 -0.450689
v -0.811327 0.447058 0.387488
v -0.806294 0.867029 0.456501
v -0.816631 0.446825 -0.505648
v -0.802905 0.446825 -0.505648
v -0.816653 0.449791 -0.529900
v -0.802927 0.449791 -0.529900
v -0.815349 0.969851 -0.544325
v -0.804573 0.967086 -0.544592
v -0.806706 0.943807 -0.547041
v -0.820879 0.933076 -0.547638
v -0.800112 0.983199 -0.542065
v -0.821585 0.545861 -0.553076
v -0.822941 0.627207 -0.552833
v -0.809307 0.648129 -0.552584
v -0.809396 0.813417 -0.550164
v -0.807711 0.908922 -0.548559
v -0.808069 0.848264 -0.549492
v -0.717979 1.223288 -0.407991
v -0.710328 1.264352 -0.379200
v -0.692955 1.282891 -0.365908
v -0.704319 1.222920 -0.408247
v -0.701447 1.306805 -0.347976
v -0.805318 1.015069 0.453471
v -0.681817 1.330924 -0.328839
v -0.669436 1.375752 -0.289825
v -0.661022 1.405218 -0.261393
v -0.653819 1.430863 -0.234711
v -0.826128 0.456230 0.397869
v -0.811734 0.450856 0.393665
v -0.638096 1.479150 -0.147246
v -0.666767 1.418652 0.436450
v -0.806249 0.891901 0.456516
v -0.811839 0.471675 0.406716
v -0.648411 1.485341 -0.073615
v -0.635682 1.483175 -0.115981
v -0.634685 1.485334 -0.073441
v 0.706579 1.287144 -0.296175
v 0.698066 1.320602 -0.337017
v 0.691936 1.344377 -0.317487
v 0.700913 1.309694 -0.278492
v 0.684498 1.371049 -0.294055
v 0.693247 1.338022 -0.254436
v 0.712411 1.261727 -0.314757
v 0.704191 1.294211 -0.357396
v 0.662031 1.452340 0.035291
v 0.648409 1.496138 0.119583
v 0.662859 1.454073 0.102492
v 0.648370 1.485109 -0.077303
v 0.665630 1.455226 0.254874
v 0.668045 1.458405 0.436769
v 0.667460 1.453419 0.316683
v 0.664075 1.455239 0.179587
v 0.821592 0.548810 -0.553077
v 0.822458 0.587821 -0.553063
v 0.822798 0.602865 -0.403201
v 0.821744 0.512524 -0.229424
v 0.819750 0.499783 -0.552536
v 0.822148 0.545788 -0.324159
v 0.823856 0.781164 0.171243
v 0.824245 0.702493 0.241592
v 0.823962 0.704141 0.089431
v 0.825482 0.644800 0.454506
v 0.824286 0.538693 0.263014
v 0.823806 0.609824 0.036592
v 0.706182 1.297779 0.387270
v 0.685055 1.398471 0.436422
v 0.710793 1.279450 0.436387
v 0.728868 1.198398 0.436389
v 0.734934 1.170817 0.386894
v 0.747546 1.118266 0.436400
v 0.748277 1.113952 0.383945
v 0.756513 1.085723 0.436837
v 0.754029 1.089188 0.382928
v 0.756576 1.083996 0.380767
v 0.760085 1.079237 0.384717
v 0.765739 1.075292 0.438747
v 0.764654 1.074250 0.387722
v 0.777571 1.064283 0.418600
v 0.797964 1.050331 0.446880
v 0.771434 1.067499 0.389898
v 0.796777 1.042712 0.365634
v 0.804412 1.034031 0.383623
v 0.796428 1.040310 0.228482
v 0.808508 1.027472 0.383243
v 0.804754 1.027316 0.151778
v 0.799791 1.034077 0.132792
v 0.788681 1.048397 0.229018
v 0.820210 0.954183 0.353483
v 0.821364 0.948713 0.398887
v 0.819517 0.953758 0.299411
v 0.819986 0.950460 0.246872
v 0.821389 0.934106 0.223489
v 0.822616 0.937621 0.456607
v 0.822538 0.906162 0.456663
v 0.820272 0.894416 0.456533
v 0.819281 0.894354 0.237360
v 0.823147 0.780875 -0.550691
v 0.823397 0.783435 -0.214063
v 0.823116 0.686351 -0.552098
v 0.823529 0.676280 -0.194921
v 0.824781 0.446979 0.351506
v 0.825526 0.606794 0.451448
v 0.822957 0.446736 0.172472
v 0.823153 0.478574 0.146094
v 0.674462 1.435568 0.386080
v 0.675864 1.434191 0.436563
v 0.684872 1.394921 0.387287
v 0.798909 1.019916 -0.414506
v 0.799861 1.014098 -0.499675
v 0.793475 1.025886 -0.496425
v 0.794930 1.027382 -0.398564
v 0.794483 1.021413 -0.534542
v 0.783898 1.037874 -0.528258
v 0.790650 1.033623 -0.388910
v 0.671714 1.443622 0.377052
v 0.821349 0.493859 -0.196633
v 0.821393 0.469232 -0.068873
v 0.819442 0.468959 -0.324517
v 0.823043 0.522969 0.004953
v 0.817856 0.445796 -0.364026
v 0.825574 0.575363 0.446593
v 0.825576 0.523988 0.431357
v 0.825576 0.549724 0.440269
v 0.825553 0.486204 0.414222
v 0.821739 0.908959 0.217066
v 0.821134 0.906564 -0.548632
v 0.821341 0.917303 -0.548261
v 0.810079 1.007364 0.035833
v 0.805510 1.012394 -0.193965
v 0.803319 1.018178 -0.191029
v 0.808311 1.014722 0.049277
v 0.800325 1.024566 -0.185674
v 0.805839 1.021435 0.050337
v 0.807051 1.007679 -0.196173
v 0.802742 1.013628 -0.359916
v 0.796342 1.031104 -0.177856
v 0.822824 0.819730 -0.549998
v 0.808408 1.040617 0.449879
v 0.798015 1.042746 0.391247
v 0.814044 1.032372 0.451621
v 0.763429 1.059649 -0.404069
v 0.764769 1.058251 -0.481768
v 0.753553 1.070455 -0.450096
v 0.747780 1.077487 -0.501727
v 0.772671 1.051128 -0.520302
v 0.758586 1.067315 -0.275161
v 0.754085 1.074116 -0.237803
v 0.749839 1.077214 -0.366210
v 0.743258 1.085793 -0.496390
v 0.747651 1.081095 -0.390004
v 0.743779 1.090030 -0.443140
v 0.747357 1.087115 -0.319868
v 0.742640 1.103045 -0.416094
v 0.730496 1.152327 -0.455288
v 0.731243 1.164689 -0.378536
v 0.717634 1.225381 -0.406506
v 0.720196 1.223958 -0.340566
v 0.710212 1.264956 -0.378769
v 0.745650 1.090394 -0.379847
v 0.741303 1.090897 -0.493172
v 0.744230 1.095712 -0.408257
v 0.671908 1.414524 -0.172813
v 0.661194 1.453137 -0.207647
v 0.657131 1.466051 -0.186062
v 0.668309 1.426981 -0.150851
v 0.676385 1.398451 -0.193397
v 0.652870 1.476925 -0.155674
v 0.664080 1.439135 -0.114188
v 0.649819 1.482615 -0.123196
v 0.661825 1.446499 -0.070068
v 0.661507 1.449844 -0.028987
v 0.821718 0.851167 0.228105
v 0.819642 0.861817 0.230798
v 0.820651 0.862267 0.456532
v 0.823411 0.846522 0.456668
v 0.822585 0.843118 0.228404
v 0.790194 1.042674 0.034365
v 0.791465 1.037434 -0.157591
v 0.784863 1.044024 -0.160162
v 0.768779 1.058569 -0.177150
v 0.781600 1.041436 -0.497066
v 0.777854 1.045672 -0.459076
v 0.768381 1.056148 -0.322119
v 0.648369 1.510897 0.385371
v 0.771155 1.065343 0.225414
v 0.764736 1.072302 0.224850
v 0.761159 1.077099 0.233894
v 0.818444 0.477791 -0.550765
v 0.817578 0.464949 -0.547352
v 0.816973 0.445763 -0.457119
v 0.816631 0.446825 -0.505648
v 0.816653 0.449791 -0.529900
v 0.816996 0.455470 -0.541353
v 0.824514 0.825931 0.456707
v 0.823383 0.826578 0.233381
v 0.825086 0.783564 0.456728
v 0.821993 0.916983 0.228347
v 0.823122 0.915308 0.456727
v 0.821248 0.904586 0.222527
v 0.819088 0.895524 -0.548948
v 0.822511 0.834197 -0.549734
v 0.821786 0.847485 -0.549507
v 0.823312 0.571568 -0.068406
v 0.823833 0.531873 0.171534
v 0.821093 0.928393 -0.547912
v 0.825464 0.693557 0.456324
v 0.825373 0.447108 0.391219
v 0.825535 0.460494 0.400655
v 0.683741 1.372018 -0.221975
v 0.671171 1.417945 -0.248458
v 0.665746 1.437242 -0.227340
v 0.821287 0.969685 0.455473
v 0.818341 0.981628 0.403307
v 0.819100 1.013231 0.453580
v 0.819743 0.959645 -0.379068
v 0.818982 0.966741 -0.439449
v 0.820019 0.953087 -0.547087
v 0.817924 0.971242 -0.330557
v 0.818583 0.962899 0.058707
v 0.819045 0.964351 -0.546560
v 0.816153 0.976941 -0.545062
v 0.816704 0.976949 -0.481838
v 0.806987 0.981007 0.263757
v 0.807696 0.965189 0.280145
v 0.807582 0.976008 0.253227
v 0.808247 0.970030 0.249780
v 0.809046 0.964105 0.253108
v 0.809740 0.959215 0.263457
v 0.756292 1.093696 0.228015
v 0.754782 1.093860 0.301620
v 0.755225 1.088285 0.319851
v 0.756719 1.087067 0.227753
v 0.753660 1.095203 0.334671
v 0.752554 1.097623 0.357351
v 0.757892 1.082792 0.222709
v 0.753308 1.089421 0.019924
v 0.818675 0.882415 0.229726
v 0.818338 0.873551 -0.549299
v 0.818388 0.885598 -0.549120
v 0.818938 0.870405 0.231036
v 0.819111 0.862149 -0.549415
v 0.819678 0.882462 0.456496
v 0.814730 1.005774 0.381846
v 0.815255 0.992258 0.284548
v 0.815296 0.988263 0.222349
v 0.816629 0.986489 0.363974
v 0.815389 0.988002 0.324276
v 0.815084 0.988959 0.300241
v 0.815417 0.983837 0.255965
v 0.812591 1.010133 0.238735
v 0.817213 0.971623 -0.066592
v 0.815709 0.979318 -0.283064
v 0.815695 0.978676 -0.067166
v 0.813113 0.988092 -0.194144
v 0.815823 0.980069 0.105482
v 0.812580 0.988873 -0.406836
v 0.809601 0.997433 -0.312402
v 0.810919 0.997048 -0.123366
v 0.813577 0.990627 0.043831
v 0.812602 0.986473 -0.543181
v 0.806229 1.002568 -0.467770
v 0.806812 0.975311 0.320013
v 0.810077 0.959769 0.336626
v 0.809648 0.964804 0.347153
v 0.808947 0.970817 0.350601
v 0.808283 0.976798 0.347272
v 0.807652 0.981712 0.336923
v 0.810235 0.955418 0.288490
v 0.810424 0.956567 0.320076
v 0.807073 0.984578 0.320215
v 0.806721 0.985291 0.289265
v 0.819917 0.870581 0.456489
v 0.817801 0.971846 0.360916
v 0.648280 1.511283 0.412368
v 0.649350 1.508485 0.422766
v 0.654252 1.495554 0.433913
v 0.651153 1.503719 0.429727
v 0.659163 1.482638 0.436460
v 0.669525 1.449417 0.356326
v 0.751302 1.101580 0.372091
v 0.749948 1.106741 0.380016
v 0.817292 0.971230 0.238863
v 0.817586 0.964044 0.243852
v 0.751301 1.087345 -0.104458
v 0.749313 1.086312 -0.222776
v 0.809684 1.019324 0.220289
v 0.812403 0.997942 0.070402
v 0.811398 1.020584 0.382772
v 0.817424 1.023598 0.452788
v 0.813305 1.013792 0.382777
v 0.806951 1.004368 -0.319173
v 0.814728 0.987375 0.276196
v 0.815624 0.984446 0.343819
v 0.818616 0.954997 0.276202
v 0.818892 0.955353 0.324085
v 0.818031 0.958416 0.256477
v 0.818619 0.959067 0.343896
v 0.818028 0.964909 0.356072
v 0.816338 0.978768 0.355985
v 0.815651 0.977838 0.244215
v 0.634638 1.511674 0.401054
v 0.635197 1.509574 0.420661
v 0.650231 1.506117 0.427456
v 0.637482 1.503574 0.429607
v 0.667139 1.417339 0.436434
v 0.731546 1.080448 -0.499712
v 0.762659 1.047143 -0.523072
v 0.710745 1.217671 0.436389
v 0.733501 1.119311 0.436406
v 0.742672 1.085665 0.436850
v 0.726209 1.097909 -0.488866
v 0.715980 1.156915 -0.452498
v 0.791610 1.044328 0.448903
v 0.812516 1.035356 0.451114
v 0.801757 1.029709 0.452077
v 0.654252 1.495554 0.433913
v 0.646350 1.480438 0.436790
v 0.659376 1.481968 0.436523
v 0.640527 1.495554 0.433913
v 0.753548 1.073950 0.439164
v 0.808556 0.948116 0.456383
v 0.809457 0.910851 0.456739
v 0.817663 0.465057 -0.547398
v 0.803938 0.465057 -0.547398
v 0.804793 0.477936 -0.550790
v 0.818808 0.482085 -0.551559
v 0.805941 0.496738 -0.552458
v 0.817009 0.455629 -0.541199
v 0.803284 0.455629 -0.541199
v 0.777832 1.026212 -0.533160
v 0.811218 0.811423 0.456744
v 0.809647 0.847556 0.456665
v 0.811802 0.644594 0.454494
v 0.825527 0.644594 0.454494
v 0.811740 0.697278 0.456372
v 0.811828 0.606790 0.451448
v 0.825567 0.583629 0.448327
v 0.811843 0.575363 0.446593
v 0.825576 0.549724 0.440269
v 0.811851 0.549724 0.440269
v 0.811854 0.523839 0.431297
v 0.825580 0.523225 0.431053
v 0.644169 1.463946 -0.190883
v 0.649990 1.444436 -0.219020
v 0.639063 1.477132 -0.155330
v 0.825163 0.447047 0.389443
v 0.811323 0.447085 0.389445
v 0.804842 0.866913 -0.549387
v 0.804950 0.891632 -0.549026
v 0.818677 0.891641 -0.549026
v 0.803253 0.445730 -0.455245
v 0.806294 0.867029 0.456499
v 0.802905 0.446825 -0.505648
v 0.816631 0.446825 -0.505647
v 0.816653 0.449791 -0.529900
v 0.802927 0.449791 -0.529900
v 0.819101 0.964197 -0.546573
v 0.806075 0.954349 -0.546160
v 0.801460 0.980642 -0.542673
v 0.814262 0.982533 -0.543811
v 0.808554 0.571542 -0.553180
v 0.809499 0.702505 -0.551905
v 0.805351 1.014872 0.453493
v 0.808062 0.913910 -0.548460
v 0.808997 0.840149 -0.549634
v 0.698725 1.253622 -0.386909
v 0.710287 1.264603 -0.379022
v 0.690451 1.294293 -0.357336
v 0.695516 1.331031 -0.328758
v 0.681817 1.330925 -0.328838
v 0.669702 1.374809 -0.290690
v 0.658451 1.414335 -0.252281
v 0.825528 0.459352 0.399573
v 0.811809 0.460836 0.400508
v 0.635935 1.482815 -0.121850
v 0.806249 0.891897 0.456517
v 0.825576 0.483719 0.412966
v 0.811852 0.486335 0.414269
v 0.634685 1.485338 -0.073669
v 0.822778 0.828714 -0.549835
v -0.401260 1.513824 1.430091
v -0.403176 1.521557 1.417730
v -0.403848 1.510091 1.438179
v -0.440417 1.510156 1.439089
v -0.450934 1.521506 1.419456
v -0.452667 1.514134 1.430480
v -0.414001 1.510653 1.438898
v -0.451022 1.500327 1.399316
v -0.452745 1.492521 1.414935
v -0.408893 1.522680 1.413898
v -0.407006 1.502789 1.394486
v -0.402315 1.500363 1.399917
v -0.453003 1.490372 1.458095
v -0.453008 1.471541 1.439814
v -0.440693 1.490864 1.458762
v -0.401706 1.490404 1.458859
v -0.414114 1.490857 1.459124
v -0.448510 1.522765 1.415921
v -0.444307 1.522693 1.413267
v -0.446512 1.502700 1.394072
v -0.407474 1.522738 1.417845
v -0.413580 1.490793 1.420682
v -0.413851 1.471397 1.440226
v -0.440160 1.490793 1.420313
v -0.440431 1.471397 1.439857
v -0.401276 1.471532 1.440523
v -0.400877 1.492569 1.415582
v 0.401260 1.513823 1.430091
v 0.403756 1.503820 1.445124
v 0.402550 1.521150 1.420848
v 0.440419 1.510157 1.439092
v 0.451959 1.507999 1.439358
v 0.450933 1.521515 1.419469
v 0.413856 1.510227 1.439531
v 0.452750 1.513584 1.427693
v 0.452746 1.492521 1.414935
v 0.451022 1.500327 1.399316
v 0.409203 1.522700 1.413766
v 0.407006 1.502789 1.394486
v 0.405112 1.522837 1.416592
v 0.402315 1.500363 1.399917
v 0.453128 1.489747 1.457505
v 0.453008 1.471516 1.439790
v 0.440696 1.490933 1.458829
v 0.401748 1.490412 1.458865
v 0.414114 1.490857 1.459124
v 0.448396 1.522823 1.415963
v 0.446610 1.502677 1.394101
v 0.444601 1.522661 1.413365
v 0.413851 1.471397 1.440226
v 0.413580 1.490793 1.420682
v 0.440160 1.490793 1.420313
v 0.440431 1.471397 1.439857
v 0.439032 1.490793 1.420329
v 0.401016 1.471384 1.440418
v 0.401072 1.485326 1.425736
v 0.401009 1.495459 1.410004
v -0.749085 0.980546 -1.619563
v -0.750577 0.973897 -1.631439
v -0.755817 0.977244 -1.603756
v -0.761185 0.966502 -1.608983
v -0.746367 0.984491 -1.613364
v -0.751717 0.988422 -1.581008
v -0.729399 0.987981 -1.636422
v -0.714228 0.993031 -1.648102
v -0.729639 0.979192 -1.648719
v -0.714244 0.974727 -1.666440
v -0.733433 0.967631 -1.655978
v -0.724768 0.992714 -1.620255
v -0.709769 0.997233 -1.623484
v -0.080093 1.073440 -0.756153
v -0.447404 1.071079 -0.758776
v -0.418737 1.072324 -0.744118
v -0.075143 1.072543 -0.764101
v -0.429860 1.069558 -0.767635
v -0.437906 1.051892 -0.876022
v -0.455522 1.059538 -0.841823
v -0.423174 1.047198 -0.832701
v -0.451490 1.059600 -0.815322
v -0.443612 1.050902 -1.001371
v -0.440293 1.057401 -0.803443
v -0.418866 1.047570 -0.807093
v -0.423609 1.044840 -0.984641
v -0.786387 0.964113 -1.302469
v -0.781161 0.960449 -1.420336
v -0.786601 0.953662 -1.361367
v -0.784990 0.976990 -1.264406
v -0.780662 0.976028 -1.353298
v -0.775153 0.968383 -1.470765
v -0.778221 0.951180 -1.513621
v -0.784622 0.933173 -1.513677
v -0.790400 0.931622 -1.425694
v -0.792169 0.949813 -1.259375
v -0.726216 1.045669 -0.717999
v -0.738762 1.039070 -0.789809
v -0.749789 1.036748 -0.784608
v -0.748600 1.040362 -0.714718
v -0.690120 1.050368 -0.721821
v -0.721722 1.041425 -0.798968
v -0.759097 1.034653 -0.762962
v -0.796666 1.020430 -0.779218
v -0.792787 1.023368 -0.710327
v -0.797689 1.004822 -0.737139
v -0.798731 1.002094 -0.768704
v -0.802309 0.979036 -0.772837
v -0.803282 0.978255 -0.746701
v -0.804971 0.973649 -0.734045
v -0.704365 0.952040 -1.684469
v -0.712871 0.939895 -1.685998
v -0.714034 0.959619 -1.676209
v -0.663841 0.976959 -1.678259
v -0.691305 0.950294 -1.689201
v -0.685527 0.974381 -1.676355
v -0.671090 0.948071 -1.694140
v -0.692593 0.938566 -1.699108
v -0.699020 0.938561 -1.693542
v -0.728076 0.930298 -1.679432
v -0.724695 0.955010 -1.671766
v -0.701191 0.974055 -1.672727
v -0.438002 1.029823 -1.463583
v -0.444344 1.034452 -1.410689
v -0.413805 1.032496 -1.410650
v -0.436747 1.037460 -1.348002
v -0.443337 1.042323 -1.266934
v -0.431091 1.040672 -1.257654
v -0.421589 1.039779 -1.252795
v -0.416342 1.036131 -1.344630
v -0.408622 1.028895 -1.464098
v -0.450281 1.025766 -1.511880
v -0.407645 1.024951 -1.510706
v -0.035840 1.044832 -0.991794
v -0.422845 1.043193 -1.079351
v 0.029867 1.043192 -1.085400
v 0.023893 1.041060 -1.185083
v -0.404483 1.041102 -1.178804
v 0.052441 1.047703 -0.802893
v 0.074447 1.038445 -1.277474
v -0.234052 1.038550 -1.273236
v -0.770655 0.964424 -1.541965
v -0.780711 0.933482 -1.559957
v -0.774446 0.943376 -1.585096
v -0.763593 0.970644 -1.580275
v -0.765200 0.977950 -1.536566
v -0.771202 0.943608 -1.605129
v -0.761420 0.956892 -1.625266
v -0.771532 0.927862 -1.622854
v -0.753612 0.957971 -1.642111
v -0.761276 0.928409 -1.646417
v -0.755744 0.933639 -1.653437
v -0.766632 0.928066 -1.635847
v -0.758058 0.903381 -1.662441
v -0.769587 0.903599 -1.642844
v -0.776695 0.903731 -1.625611
v -0.782443 0.903844 -1.605248
v -0.741694 0.930084 -1.668106
v -0.734592 0.903761 -1.681716
v -0.706640 0.926952 -1.693372
v -0.692738 0.903273 -1.703553
v -0.472308 0.966607 -1.701065
v -0.463991 0.948955 -1.709644
v -0.469562 0.941819 -1.713121
v -0.617585 0.939672 -1.703843
v -0.572176 0.968549 -1.692263
v -0.449742 1.067479 -0.780461
v -0.462065 1.067142 -0.788041
v -0.474282 1.069883 -0.766877
v -0.471514 1.071858 -0.741497
v -0.110589 0.932710 -1.729550
v -0.046864 0.937876 -1.730054
v -0.046815 0.920057 -1.733865
v -0.114185 0.919119 -1.732568
v -0.167618 0.938693 -1.725505
v -0.093787 0.946603 -1.726201
v 0.000003 0.938714 -1.730305
v 0.020492 0.923256 -1.733638
v -0.048939 0.903758 -1.736783
v -0.202851 0.903687 -1.733343
v -0.206078 0.918758 -1.729356
v -0.807466 0.952181 -0.787619
v -0.819382 0.903931 -0.773720
v -0.812940 0.936652 -0.755925
v -0.508969 1.062579 -0.814510
v -0.579968 1.055678 -0.818866
v -0.607413 1.054734 -0.789569
v -0.657077 1.048788 -0.801429
v -0.694623 1.044516 -0.805873
v -0.797398 1.019188 -0.823930
v -0.800240 0.989865 -0.818177
v -0.802840 0.969677 -0.822648
v -0.416664 0.969828 -1.700186
v -0.421181 0.958239 -1.705506
v -0.798725 0.903894 -1.429824
v -0.794287 0.903905 -1.507493
v -0.804247 0.903885 -1.284064
v -0.787630 0.903865 -1.575909
v -0.740264 0.952064 -1.659366
v -0.165241 0.949021 -1.722206
v -0.117269 0.958888 -1.720597
v -0.420476 0.946282 -1.710492
v -0.154254 0.966334 -1.715129
v -0.298848 0.973686 -1.703647
v -0.112885 0.974066 -1.712346
v -0.763831 0.988038 -1.511988
v -0.758497 0.983510 -1.564419
v -0.769504 0.983817 -1.475075
v -0.766766 0.997075 -1.463273
v -0.758547 0.991839 -1.535995
v -0.732932 1.000723 -1.541830
v -0.722702 1.010148 -1.488595
v -0.715922 1.006231 -1.541830
v -0.707535 1.011627 -1.506338
v -0.701744 1.006383 -1.562150
v -0.684917 1.012107 -1.527033
v -0.686388 1.007807 -1.563917
v -0.694601 1.014665 -1.489859
v -0.659677 1.017038 -1.495705
v -0.654334 1.009758 -1.566831
v -0.677255 1.001278 -1.620811
v -0.696452 0.995389 -1.657057
v -0.576380 1.005897 -1.621513
v -0.467264 1.010220 -1.625458
v -0.464907 1.006804 -1.642855
v -0.539005 1.004867 -1.636822
v -0.492800 1.002495 -1.656613
v -0.477372 0.996579 -1.679354
v -0.470961 0.982312 -1.691098
v -0.573514 0.996785 -1.672246
v -0.578741 0.982335 -1.682854
v -0.641282 0.999397 -1.647447
v -0.649499 0.996676 -1.665259
v -0.681315 0.996239 -1.660606
v -0.706728 0.994506 -1.652796
v -0.793033 0.974563 -1.082448
v -0.794553 0.965329 -1.091141
v -0.420042 0.980331 -1.693721
v -0.366365 0.989224 -1.689412
v -0.419871 0.997499 -1.681108
v -0.636647 0.948241 -1.697804
v -0.631709 0.979476 -1.680105
v -0.807895 0.933419 -0.917332
v -0.802819 0.927743 -1.128231
v -0.810577 0.903892 -1.075564
v -0.796116 0.952539 -1.131750
v -0.794788 0.988266 -0.975875
v -0.788833 0.996313 -1.104960
v -0.789207 0.982910 -1.142672
v -0.788841 1.013613 -1.058201
v -0.784182 1.010541 -1.170095
v -0.780121 1.007550 -1.260176
v -0.781965 0.993354 -1.265847
v -0.778126 0.991659 -1.339495
v -0.775139 0.984903 -1.404738
v -0.776191 1.004477 -1.333881
v -0.772277 1.001325 -1.394801
v -0.734368 1.017744 -1.344280
v -0.730663 1.014896 -1.404916
v -0.727216 1.012138 -1.453205
v -0.738198 1.020756 -1.267827
v -0.478437 1.023522 -1.531824
v -0.470974 1.019180 -1.567967
v -0.623678 1.015540 -1.532822
v -0.472695 1.014077 -1.601862
v -0.628702 1.004385 -1.616022
v -0.568604 1.022524 -1.496926
v -0.454991 1.022207 -1.543855
v -0.476538 1.027468 -1.498901
v -0.110130 0.980984 -1.706971
v -0.161785 0.988983 -1.697337
v -0.064207 0.988681 -1.700829
v -0.020802 0.980878 -1.709393
v -0.255211 0.980631 -1.700840
v -0.105769 0.998465 -1.688600
v 0.041324 0.998624 -1.689550
v 0.020295 0.988286 -1.701977
v -0.047784 0.974695 -1.713916
v 0.020135 0.974691 -1.714422
v -0.065913 1.008813 -1.647563
v -0.716715 1.033180 -1.054259
v -0.711510 1.027136 -1.232380
v -0.727272 1.024780 -1.232837
v -0.733451 1.031070 -1.041411
v -0.741343 1.024132 -1.173874
v -0.744745 1.027793 -1.061301
v -0.691214 1.036956 -1.032851
v -0.687090 1.029516 -1.241548
v -0.697469 1.023673 -1.347160
v -0.700622 1.018905 -1.425216
v -0.716090 1.016874 -1.424006
v -0.722259 1.020848 -1.336172
v -0.678221 1.022668 -1.398526
v -0.674451 1.019686 -1.449068
v -0.066109 1.005974 -1.662470
v -0.014001 1.003009 -1.675462
v -0.085104 1.002634 -1.675841
v -0.431699 1.045012 -1.101154
v -0.443986 1.046255 -1.164326
v -0.545176 1.027912 -1.455544
v -0.625334 1.023032 -1.452486
v -0.601844 1.028421 -1.401476
v -0.546546 1.032174 -1.403574
v -0.643103 1.025460 -1.399838
v -0.604225 1.032153 -1.339092
v -0.548126 1.036416 -1.340874
v -0.646189 1.028793 -1.337899
v -0.648978 1.032223 -1.262399
v -0.606367 1.035927 -1.263253
v -0.549788 1.040611 -1.264939
v -0.630103 1.056829 -0.727488
v -0.390080 1.035663 -1.348116
v -0.405946 1.038775 -1.267094
v -0.421938 1.066937 -0.775393
v -0.431631 1.063582 -0.784296
v -0.419835 1.058126 -0.790399
v -0.442508 1.062085 -0.792437
v -0.399570 1.053051 -0.794293
v -0.390203 1.058346 -0.788656
v -0.400969 1.063185 -0.782288
v -0.401143 1.047691 -0.799671
v -0.131822 1.047697 -0.802167
v -0.487184 1.064385 -0.814809
v -0.473288 1.066251 -0.800201
v -0.476748 1.064201 -0.829378
v -0.467774 1.063846 -0.820433
v -0.469205 1.056211 -1.037862
v -0.489316 1.058318 -0.973868
v -0.476321 1.055837 -1.055336
v -0.489285 1.054408 -1.074128
v -0.473271 1.050919 -1.172683
v -0.491444 1.050258 -1.167410
v -0.547849 1.052433 -0.989686
v -0.470996 1.046619 -1.260338
v -0.489554 1.045613 -1.263407
v -0.547240 1.049051 -1.079436
v -0.119026 1.031780 -1.422627
v -0.190265 1.028144 -1.474753
v -0.155305 1.035346 -1.356064
v -0.424412 1.003153 -1.660895
v -0.058760 1.012213 -1.626249
v -0.413145 1.017394 -1.579388
v -0.291934 0.997813 -1.684261
v -0.404498 0.927445 -1.717912
v -0.095709 1.070837 -0.771440
v -0.180164 1.073473 -0.747892
v -0.086818 1.064357 -0.784907
v -0.051128 1.057908 -0.792981
v -0.028122 1.068368 -0.778883
v 0.057776 1.064387 -0.785189
v -0.460183 0.926999 -1.716943
v -0.424005 0.904374 -1.724588
v -0.469629 0.903536 -1.722996
v -0.655412 1.043995 -0.939010
v -0.611232 1.048302 -0.939516
v -0.609594 1.043372 -1.078622
v -0.654034 1.036493 -1.148868
v -0.586532 1.041646 -1.173950
v -0.476673 1.037180 -1.400203
v -0.489982 1.040824 -1.340753
v -0.472615 1.041706 -1.340460
v -0.476662 1.032244 -1.454088
v -0.580109 1.000720 -1.650790
v -0.519568 0.999289 -1.665934
v -0.453389 1.062065 -0.802568
v -0.462780 1.058018 -0.956049
v -0.460716 1.050932 -1.142124
v -0.455627 1.044613 -1.265233
v -0.413492 1.021240 -1.547120
v -0.458593 1.031445 -1.459935
v -0.461028 1.036239 -1.407017
v -0.458962 1.040788 -1.341944
v 0.749085 0.980546 -1.619563
v 0.755816 0.977245 -1.603756
v 0.750576 0.973897 -1.631439
v 0.746367 0.984491 -1.613364
v 0.751718 0.988423 -1.581007
v 0.761185 0.966501 -1.608982
v 0.729398 0.987982 -1.636422
v 0.729638 0.979192 -1.648719
v 0.733432 0.967631 -1.655979
v 0.714244 0.974728 -1.666440
v 0.714228 0.993031 -1.648101
v 0.724767 0.992714 -1.620257
v 0.709769 0.997233 -1.623482
v 0.429860 1.069558 -0.767635
v 0.095988 1.072673 -0.762665
v 0.444620 1.071214 -0.757548
v 0.437906 1.051892 -0.876027
v 0.423159 1.047193 -0.832656
v 0.455523 1.059538 -0.841826
v 0.451490 1.059600 -0.815322
v 0.443611 1.050902 -1.001387
v 0.423644 1.044831 -0.985815
v 0.418870 1.047572 -0.807092
v 0.440293 1.057401 -0.803443
v 0.786387 0.964112 -1.302476
v 0.786602 0.953662 -1.361342
v 0.781161 0.960448 -1.420351
v 0.784990 0.976988 -1.264412
v 0.780662 0.976028 -1.353306
v 0.792169 0.949814 -1.259371
v 0.790401 0.931620 -1.425699
v 0.784624 0.933168 -1.513679
v 0.778222 0.951177 -1.513619
v 0.775154 0.968379 -1.470767
v 0.726216 1.045669 -0.717999
v 0.748599 1.040362 -0.714718
v 0.749789 1.036748 -0.784608
v 0.738762 1.039070 -0.789809
v 0.759095 1.034653 -0.762957
v 0.721722 1.041425 -0.798968
v 0.690120 1.050368 -0.721821
v 0.792759 1.023407 -0.710372
v 0.796577 1.020504 -0.777338
v 0.798381 1.003022 -0.739815
v 0.802324 0.979428 -0.772886
v 0.798708 1.002595 -0.767833
v 0.804646 0.977861 -0.731412
v 0.704365 0.952042 -1.684468
v 0.714034 0.959618 -1.676210
v 0.712870 0.939893 -1.685999
v 0.663844 0.976956 -1.678260
v 0.685528 0.974381 -1.676355
v 0.691304 0.950295 -1.689201
v 0.701191 0.974052 -1.672728
v 0.724695 0.955007 -1.671768
v 0.728077 0.930297 -1.679431
v 0.699020 0.938561 -1.693542
v 0.671089 0.948071 -1.694139
v 0.692593 0.938566 -1.699108
v 0.438003 1.029823 -1.463582
v 0.413805 1.032496 -1.410650
v 0.444345 1.034452 -1.410689
v 0.436747 1.037460 -1.348002
v 0.450281 1.025766 -1.511879
v 0.407319 1.025009 -1.509981
v 0.408623 1.028895 -1.464098
v 0.416342 1.036131 -1.344630
v 0.419471 1.039074 -1.268808
v 0.431091 1.040672 -1.257654
v 0.443337 1.042323 -1.266932
v 0.404392 1.041124 -1.177757
v 0.422847 1.043222 -1.077697
v 0.780710 0.933484 -1.559958
v 0.770654 0.964426 -1.541964
v 0.774447 0.943376 -1.585095
v 0.763593 0.970644 -1.580274
v 0.771202 0.943608 -1.605129
v 0.765200 0.977949 -1.536565
v 0.771532 0.927863 -1.622854
v 0.761420 0.956892 -1.625266
v 0.766632 0.928067 -1.635847
v 0.761276 0.928409 -1.646417
v 0.753612 0.957971 -1.642111
v 0.755743 0.933642 -1.653436
v 0.782443 0.903844 -1.605248
v 0.776695 0.903731 -1.625611
v 0.769587 0.903599 -1.642845
v 0.758057 0.903381 -1.662441
v 0.734592 0.903761 -1.681715
v 0.741695 0.930083 -1.668105
v 0.706640 0.926949 -1.693372
v 0.692750 0.903273 -1.703560
v 0.572180 0.968547 -1.692264
v 0.617507 0.939674 -1.703848
v 0.472304 0.966607 -1.701065
v 0.469562 0.941819 -1.713121
v 0.463996 0.948951 -1.709645
v 0.471514 1.071858 -0.741497
v 0.474282 1.069883 -0.766877
v 0.462065 1.067143 -0.788040
v 0.449742 1.067479 -0.780461
v 0.110598 0.932711 -1.729550
v 0.114171 0.919121 -1.732568
v 0.046856 0.937883 -1.730053
v 0.167614 0.938694 -1.725505
v 0.206070 0.918755 -1.729357
v 0.202857 0.903687 -1.733343
v 0.077719 0.903719 -1.736286
v 0.093786 0.946601 -1.726202
v 0.813741 0.927399 -0.772831
v 0.810263 0.950271 -0.745973
v 0.818134 0.903589 -0.772639
v 0.818517 0.903900 -0.799583
v 0.810359 0.925035 -0.904476
v 0.657076 1.048788 -0.801429
v 0.694623 1.044516 -0.805872
v 0.607416 1.054734 -0.789569
v 0.579955 1.055679 -0.818868
v 0.508969 1.062579 -0.814510
v 0.797398 1.019188 -0.823937
v 0.800240 0.989820 -0.818308
v 0.802823 0.969659 -0.823291
v 0.420474 0.963234 -1.703328
v 0.420490 0.977374 -1.695696
v 0.298879 0.973686 -1.703645
v 0.798724 0.903894 -1.429842
v 0.804246 0.903885 -1.284109
v 0.794287 0.903906 -1.507497
v 0.787630 0.903865 -1.575907
v 0.740267 0.952061 -1.659366
v 0.165275 0.949018 -1.722205
v 0.117257 0.958889 -1.720597
v 0.117169 0.966459 -1.716871
v 0.420472 0.946279 -1.710493
v 0.112896 0.974066 -1.712346
v 0.758497 0.983510 -1.564420
v 0.763830 0.988038 -1.511990
v 0.769503 0.983817 -1.475082
v 0.758548 0.991840 -1.535991
v 0.766766 0.997075 -1.463271
v 0.732930 1.000725 -1.541823
v 0.715922 1.006231 -1.541830
v 0.722702 1.010147 -1.488596
v 0.701743 1.006382 -1.562154
v 0.707535 1.011627 -1.506338
v 0.686388 1.007808 -1.563915
v 0.684917 1.012107 -1.527033
v 0.696452 0.995389 -1.657057
v 0.677254 1.001278 -1.620811
v 0.654334 1.009758 -1.566831
v 0.694601 1.014665 -1.489859
v 0.659676 1.017038 -1.495705
v 0.576381 1.005897 -1.621512
v 0.539004 1.004867 -1.636822
v 0.464908 1.006804 -1.642855
v 0.466448 1.010170 -1.625907
v 0.492799 1.002494 -1.656614
v 0.573506 0.996785 -1.672246
v 0.578738 0.982336 -1.682854
v 0.470961 0.982311 -1.691099
v 0.477373 0.996579 -1.679354
v 0.706728 0.994506 -1.652796
v 0.681315 0.996239 -1.660606
v 0.641282 0.999397 -1.647448
v 0.649499 0.996676 -1.665259
v 0.793034 0.974563 -1.082434
v 0.794552 0.965330 -1.091168
v 0.807688 0.950418 -0.793149
v 0.366423 0.989225 -1.689410
v 0.419871 0.997499 -1.681108
v 0.636635 0.948243 -1.697804
v 0.631705 0.979476 -1.680106
v 0.810578 0.903892 -1.075524
v 0.802819 0.927743 -1.128231
v 0.796117 0.952544 -1.131706
v 0.794788 0.988259 -0.975903
v 0.789209 0.982911 -1.142622
v 0.788833 0.996307 -1.104961
v 0.781965 0.993351 -1.265854
v 0.784182 1.010541 -1.170090
v 0.780121 1.007550 -1.260179
v 0.788842 1.013614 -1.058179
v 0.778127 0.991660 -1.339489
v 0.775139 0.984901 -1.404736
v 0.776191 1.004477 -1.333881
v 0.772277 1.001325 -1.394803
v 0.734369 1.017744 -1.344282
v 0.730663 1.014896 -1.404916
v 0.727216 1.012138 -1.453205
v 0.738197 1.020756 -1.267832
v 0.478436 1.023522 -1.531825
v 0.623674 1.015541 -1.532822
v 0.470975 1.019179 -1.567968
v 0.628705 1.004385 -1.616022
v 0.472694 1.014077 -1.601862
v 0.568604 1.022524 -1.496926
v 0.476538 1.027468 -1.498901
v 0.454987 1.022207 -1.543856
v 0.078942 0.980841 -1.708285
v 0.092937 0.988940 -1.699742
v 0.161787 0.988985 -1.697336
v 0.255274 0.980633 -1.700836
v 0.234560 0.998009 -1.685651
v 0.716715 1.033180 -1.054257
v 0.733451 1.031070 -1.041408
v 0.727271 1.024779 -1.232843
v 0.711510 1.027136 -1.232381
v 0.744746 1.027793 -1.061289
v 0.741343 1.024132 -1.173880
v 0.691214 1.036956 -1.032851
v 0.687090 1.029516 -1.241551
v 0.697473 1.023673 -1.347160
v 0.722259 1.020848 -1.336172
v 0.716090 1.016874 -1.424006
v 0.700622 1.018905 -1.425213
v 0.674451 1.019686 -1.449068
v 0.678221 1.022668 -1.398526
v 0.092029 1.005957 -1.661650
v 0.076966 1.008962 -1.646145
v 0.084145 1.002673 -1.675727
v 0.443986 1.046256 -1.164325
v 0.431699 1.045012 -1.101156
v 0.422291 1.041480 -1.173784
v 0.545175 1.027912 -1.455544
v 0.546545 1.032174 -1.403574
v 0.601844 1.028421 -1.401476
v 0.625334 1.023032 -1.452487
v 0.548126 1.036416 -1.340874
v 0.604225 1.032153 -1.339092
v 0.643103 1.025460 -1.399838
v 0.646189 1.028793 -1.337898
v 0.549788 1.040611 -1.264938
v 0.606367 1.035927 -1.263253
v 0.648978 1.032223 -1.262399
v 0.630097 1.056830 -0.727488
v 0.390081 1.035663 -1.348116
v 0.393407 1.038690 -1.267820
v 0.431632 1.063582 -0.784296
v 0.423819 1.067181 -0.775011
v 0.442508 1.062085 -0.792437
v 0.409908 1.047656 -0.802504
v 0.411892 1.057071 -0.790923
v 0.386911 1.057114 -0.790169
v 0.400968 1.063186 -0.782288
v 0.392803 1.047691 -0.799757
v 0.489316 1.058318 -0.973868
v 0.487184 1.064385 -0.814809
v 0.476747 1.064201 -0.829378
v 0.469205 1.056211 -1.037864
v 0.467774 1.063846 -0.820433
v 0.473288 1.066251 -0.800201
v 0.489284 1.054408 -1.074127
v 0.476321 1.055837 -1.055336
v 0.491444 1.050258 -1.167411
v 0.473271 1.050919 -1.172683
v 0.547849 1.052433 -0.989686
v 0.547240 1.049051 -1.079436
v 0.489555 1.045613 -1.263407
v 0.470996 1.046619 -1.260339
v 0.208185 1.031960 -1.419466
v 0.124998 1.027958 -1.477437
v 0.095572 1.035283 -1.357615
v 0.424414 1.003153 -1.660895
v 0.085852 1.012250 -1.625345
v 0.413151 1.017394 -1.579387
v 0.404496 0.927444 -1.717912
v 0.068930 1.070967 -0.771579
v 0.180126 1.073473 -0.747893
v 0.418736 1.072324 -0.744118
v 0.141034 1.068078 -0.777938
v 0.078043 1.057971 -0.792683
v 0.460181 0.926997 -1.716943
v 0.469629 0.903536 -1.722996
v 0.424015 0.904374 -1.724588
v 0.655412 1.043995 -0.939010
v 0.654033 1.036493 -1.148862
v 0.609594 1.043372 -1.078622
v 0.611232 1.048302 -0.939516
v 0.586532 1.041646 -1.173950
v 0.476673 1.037180 -1.400203
v 0.472615 1.041706 -1.340460
v 0.489982 1.040824 -1.340753
v 0.476663 1.032244 -1.454089
v 0.580110 1.000720 -1.650789
v 0.519567 0.999289 -1.665934
v 0.453389 1.062065 -0.802568
v 0.460717 1.050931 -1.142133
v 0.462781 1.058019 -0.956012
v 0.455627 1.044613 -1.265233
v 0.413492 1.021240 -1.547120
v 0.458593 1.031445 -1.459935
v 0.461028 1.036239 -1.407017
v 0.458962 1.040788 -1.341945
v -0.038659 1.073950 -0.749469
v -0.000000 1.015695 -1.601411
v 0.017919 1.019760 -1.565883
v 0.023893 1.023712 -1.527035
v -0.261951 0.988811 -1.693666
v -0.046907 0.955446 -1.724409
v -0.063839 0.967225 -1.718374
v 0.000000 0.956223 -1.724620
v 0.020189 0.967828 -1.718908
v -0.296352 0.918959 -1.725489
v 0.065581 1.073888 -0.749246
v 0.261918 0.988811 -1.693667
v 0.046910 0.955446 -1.724409
v 0.296405 0.918949 -1.725489
v -0.444730 1.465233 1.472218
v -0.450245 1.469145 1.471581
v -0.446506 1.452085 1.459236
v -0.451583 1.456060 1.455160
v -0.452770 1.474508 1.466343
v -0.453380 1.471254 1.439822
v -0.453189 1.490256 1.458001
v -0.439566 1.490860 1.458777
v -0.415242 1.490865 1.459125
v -0.414991 1.508801 1.441024
v -0.439314 1.508801 1.440687
v -0.403328 1.471240 1.470327
v -0.401379 1.490213 1.458714
v -0.405619 1.468590 1.472569
v -0.410531 1.465157 1.472661
v -0.408138 1.452210 1.459643
v -0.403162 1.456003 1.455889
v -0.414979 1.471397 1.440211
v -0.414708 1.490793 1.420666
v -0.439032 1.490793 1.420329
v -0.439303 1.471397 1.439873
v -0.400955 1.471359 1.440444
v 0.453008 1.471516 1.439790
v 0.439032 1.490793 1.420329
v 0.401016 1.471384 1.440418
v 0.446705 1.466098 1.472704
v 0.446845 1.452253 1.459062
v 0.452414 1.457406 1.453791
v 0.451797 1.471261 1.469579
v 0.453386 1.490227 1.458011
v 0.439569 1.490934 1.458909
v 0.404874 1.469157 1.472219
v 0.401693 1.490415 1.458868
v 0.402028 1.475866 1.466619
v 0.415242 1.490862 1.459118
v 0.439314 1.508801 1.440687
v 0.414991 1.508801 1.441024
v 0.408026 1.452260 1.459594
v 0.410945 1.465027 1.472655
v 0.403003 1.456321 1.455572
v 0.414708 1.490793 1.420667
v 0.414979 1.471397 1.440211
v 0.439303 1.471397 1.439873
v -0.692738 0.903273 -1.703553
v -0.469629 0.903536 -1.722996
v 0.692750 0.903273 -1.703560
v 0.469629 0.903536 -1.722996
v -0.664962 0.547849 -1.698503
v -0.686525 0.550765 -1.694043
v -0.685393 0.568270 -1.699688
v -0.668984 0.561843 -1.702100
v -0.697192 0.567921 -1.695422
v -0.660890 0.572540 -1.705604
v -0.701687 0.583634 -1.696303
v -0.648013 0.530524 -1.693663
v -0.630306 0.545462 -1.703853
v -0.678403 0.532906 -1.687778
v -0.702078 0.533772 -1.678771
v -0.710140 0.552496 -1.684604
v -0.714449 0.569586 -1.688015
v -0.693656 0.601249 -1.700889
v -0.675295 0.599400 -1.705599
v -0.633063 0.557960 -1.707481
v -0.709066 0.631998 -1.697625
v -0.692789 0.657128 -1.705875
v -0.689220 0.637715 -1.706353
v 0.045521 0.539642 -1.729199
v -0.156658 0.539457 -1.728472
v -0.156008 0.548451 -1.732202
v 0.045212 0.548447 -1.732833
v -0.157812 0.555546 -1.733687
v -0.037582 0.555348 -1.734185
v 0.045765 0.527287 -1.722077
v -0.156937 0.526878 -1.721208
v -0.277704 0.527112 -1.719606
v -0.277555 0.539929 -1.726879
v -0.277124 0.549219 -1.730620
v -0.274621 0.556645 -1.732173
v -0.522763 0.561961 -1.720756
v -0.548602 0.553817 -1.716918
v -0.569536 0.563776 -1.716396
v -0.613144 0.566067 -1.711582
v -0.546258 0.542797 -1.713350
v -0.471363 0.560514 -1.724621
v -0.474300 0.552116 -1.722880
v -0.473486 0.541752 -1.719201
v -0.471620 0.528092 -1.712172
v -0.521283 0.528461 -1.708406
v -0.581001 0.529125 -1.702593
v -0.747605 0.580611 -1.670842
v -0.729665 0.582738 -1.682496
v -0.741063 0.566387 -1.672529
v -0.737442 0.550611 -1.669173
v -0.737330 0.623995 -1.681934
v -0.724510 0.625159 -1.689321
v -0.730370 0.532513 -1.663689
v -0.754166 0.549253 -1.656754
v -0.747849 0.532018 -1.652260
v -0.757594 0.564031 -1.659466
v -0.759648 0.578722 -1.660888
v -0.788514 0.578517 -1.624436
v -0.779663 0.576968 -1.637504
v -0.781096 0.562356 -1.633082
v -0.770276 0.577474 -1.649665
v -0.768254 0.563115 -1.648828
v -0.775350 0.548470 -1.635922
v -0.784806 0.548529 -1.624753
v -0.765244 0.548669 -1.646661
v -0.759741 0.531711 -1.643078
v -0.770886 0.531606 -1.633432
v -0.781533 0.531637 -1.623477
v -0.793939 0.548717 -1.613369
v -0.791931 0.531735 -1.613368
v -0.795206 0.567294 -1.613317
v -0.788287 0.642826 -1.626589
v -0.780622 0.625433 -1.639064
v -0.771884 0.623179 -1.651478
v -0.761796 0.624684 -1.663031
v -0.795383 0.660772 -1.613359
v -0.750271 0.627657 -1.673158
v -0.709685 0.742670 -1.700129
v -0.695836 0.706443 -1.705196
v -0.729081 0.746087 -1.691017
v -0.697756 0.770540 -1.704634
v -0.696708 0.792041 -1.704658
v -0.714471 0.806093 -1.698223
v -0.699611 0.825001 -1.701386
v -0.685436 0.820225 -1.703630
v -0.679400 0.807767 -1.705472
v -0.656850 0.810310 -1.706969
v -0.691596 0.802403 -1.704726
v -0.622202 0.811719 -1.709317
v -0.651198 0.828732 -1.706896
v -0.506119 0.843916 -1.717221
v -0.560344 0.812710 -1.713469
v -0.687966 0.854721 -1.704439
v -0.637032 0.853680 -1.708247
v -0.470131 0.853679 -1.719899
v -0.426299 0.813059 -1.721871
v -0.397794 0.848644 -1.723750
v -0.333435 0.858189 -1.727304
v -0.294193 0.813115 -1.728945
v -0.266405 0.862387 -1.730469
v -0.211970 0.903561 -1.732884
v -0.169919 0.813118 -1.733782
v -0.113811 0.903665 -1.735636
v -0.097723 0.813117 -1.735254
v -0.045303 0.903745 -1.736578
v -0.030695 0.813117 -1.735839
v 0.022934 0.903764 -1.736762
v -0.774591 0.813847 -1.655475
v -0.781978 0.814599 -1.643063
v -0.778865 0.856614 -1.640998
v -0.770740 0.859258 -1.653149
v -0.787955 0.815274 -1.630632
v -0.786084 0.852753 -1.627998
v -0.795457 0.804587 -1.613405
v -0.792986 0.854207 -1.612934
v -0.762890 0.848709 -1.665015
v -0.319857 0.903518 -1.729051
v -0.393113 0.884427 -1.725360
v -0.742761 0.775897 -1.683999
v -0.754162 0.776212 -1.676191
v -0.764197 0.727489 -1.665372
v -0.765535 0.808005 -1.666702
v -0.788756 0.724305 -1.627363
v -0.781633 0.724177 -1.640999
v -0.773587 0.724829 -1.653814
v -0.720392 0.877815 -1.690205
v -0.738445 0.853546 -1.682846
v -0.727380 0.903082 -1.682118
v -0.750787 0.853110 -1.674615
v -0.741104 0.903179 -1.671699
v -0.753164 0.903227 -1.660500
v -0.732795 0.812717 -1.689684
v -0.742387 0.815044 -1.684252
v -0.754293 0.816703 -1.676268
v -0.711726 0.837175 -1.697563
v -0.785233 0.902868 -1.611509
v -0.768313 0.903139 -1.641466
v -0.702332 0.871973 -1.699881
v -0.692617 0.866107 -1.703977
v -0.694115 0.847323 -1.702794
v -0.608099 0.596684 -1.714849
v -0.569446 0.591622 -1.718381
v -0.524154 0.587367 -1.721947
v -0.473598 0.583726 -1.725246
v -0.638483 0.602723 -1.711853
v -0.675238 0.618859 -1.708137
v -0.659503 0.609729 -1.709861
v -0.418499 0.580531 -1.727986
v -0.360593 0.577827 -1.730111
v -0.359280 0.558026 -1.729938
v -0.416515 0.559244 -1.727670
v -0.301094 0.575649 -1.731690
v -0.240870 0.574013 -1.732812
v -0.360859 0.540584 -1.724660
v -0.394757 0.550641 -1.727199
v -0.418530 0.541129 -1.722331
v -0.360487 0.527482 -1.717432
v -0.417656 0.527766 -1.715169
v -0.156403 0.572559 -1.733795
v -0.038383 0.571882 -1.734253
v -0.216120 0.510140 -1.709018
v -0.099052 0.510064 -1.709942
v -0.154889 0.484849 -1.690667
v -0.037988 0.485663 -1.691756
v 0.038338 0.510321 -1.710278
v 0.037798 0.443955 -1.658926
v -0.099792 0.443959 -1.658772
v -0.214579 0.443958 -1.657847
v -0.271816 0.468184 -1.676097
v -0.275028 0.490062 -1.693044
v -0.664978 0.512837 -1.678438
v -0.639084 0.490645 -1.668157
v -0.659852 0.491352 -1.663275
v -0.633778 0.511300 -1.684166
v -0.614233 0.489753 -1.672177
v -0.626090 0.468242 -1.653417
v -0.590896 0.466373 -1.658335
v -0.689652 0.513199 -1.669842
v -0.569140 0.443966 -1.644486
v -0.603979 0.443966 -1.638548
v -0.654364 0.467383 -1.645038
v -0.634871 0.443958 -1.631233
v -0.591866 0.511239 -1.690080
v -0.556865 0.510988 -1.693934
v -0.539832 0.484051 -1.676835
v -0.570179 0.484926 -1.674451
v -0.515587 0.510796 -1.697685
v -0.508036 0.490165 -1.683771
v -0.499248 0.467556 -1.667729
v -0.468483 0.510640 -1.701045
v -0.464308 0.490119 -1.686565
v -0.459441 0.467550 -1.669849
v -0.442223 0.443974 -1.652455
v -0.489841 0.443957 -1.650622
v -0.531574 0.443981 -1.648328
v -0.416155 0.510503 -1.703783
v -0.337273 0.510248 -1.706595
v -0.355262 0.485207 -1.687357
v -0.411181 0.484665 -1.685022
v -0.330185 0.443955 -1.655688
v -0.724300 0.512520 -1.653169
v -0.710424 0.512768 -1.660221
v -0.688817 0.490348 -1.651998
v -0.710274 0.490676 -1.643499
v -0.678060 0.467629 -1.637583
v -0.694098 0.467619 -1.632484
v -0.737997 0.512297 -1.645627
v -0.669137 0.443962 -1.622404
v -0.710575 0.467611 -1.627710
v -0.694935 0.443958 -1.617588
v -0.725251 0.490609 -1.637250
v -0.776332 0.512265 -1.621600
v -0.763927 0.512164 -1.629763
v -0.754789 0.490888 -1.625135
v -0.769122 0.491593 -1.619238
v -0.751193 0.512172 -1.637794
v -0.740138 0.490612 -1.631124
v -0.744039 0.468636 -1.619869
v -0.760020 0.470911 -1.616562
v -0.727392 0.467735 -1.623530
v -0.788569 0.512425 -1.613371
v -0.713796 0.444205 -1.615474
v -0.732456 0.445938 -1.614285
v -0.749701 0.450641 -1.613734
v -0.775397 0.474290 -1.613438
v -0.764477 0.459552 -1.613530
v -0.783270 0.492554 -1.613389
v 0.664962 0.547849 -1.698503
v 0.668984 0.561843 -1.702100
v 0.685393 0.568270 -1.699687
v 0.686524 0.550766 -1.694043
v 0.660895 0.572542 -1.705604
v 0.697192 0.567921 -1.695422
v 0.701686 0.583635 -1.696303
v 0.648012 0.530524 -1.693663
v 0.630310 0.545462 -1.703853
v 0.633063 0.557960 -1.707481
v 0.675291 0.599402 -1.705600
v 0.693657 0.601257 -1.700889
v 0.714448 0.569587 -1.688016
v 0.710140 0.552496 -1.684604
v 0.678402 0.532906 -1.687778
v 0.702080 0.533772 -1.678770
v 0.709064 0.632002 -1.697626
v 0.689220 0.637716 -1.706353
v 0.692788 0.657125 -1.705875
v 0.215646 0.548752 -1.731601
v 0.216225 0.539646 -1.727867
v 0.094435 0.555334 -1.734046
v 0.215389 0.555936 -1.733096
v 0.216456 0.526976 -1.720601
v 0.522768 0.561962 -1.720756
v 0.569529 0.563776 -1.716397
v 0.548580 0.553816 -1.716920
v 0.613143 0.566066 -1.711582
v 0.546262 0.542798 -1.713350
v 0.581006 0.529125 -1.702592
v 0.521283 0.528461 -1.708407
v 0.473486 0.541752 -1.719201
v 0.471620 0.528092 -1.712172
v 0.474300 0.552116 -1.722880
v 0.471367 0.560513 -1.724620
v 0.747605 0.580615 -1.670843
v 0.741060 0.566389 -1.672531
v 0.729663 0.582739 -1.682497
v 0.737444 0.550610 -1.669172
v 0.759648 0.578722 -1.660888
v 0.757594 0.564031 -1.659466
v 0.754166 0.549253 -1.656755
v 0.747849 0.532018 -1.652260
v 0.730372 0.532512 -1.663688
v 0.724509 0.625160 -1.689322
v 0.737330 0.623995 -1.681934
v 0.788514 0.578515 -1.624435
v 0.781095 0.562357 -1.633083
v 0.779663 0.576967 -1.637504
v 0.784806 0.548529 -1.624753
v 0.775349 0.548470 -1.635922
v 0.768254 0.563115 -1.648828
v 0.770276 0.577477 -1.649665
v 0.765244 0.548669 -1.646661
v 0.795206 0.567291 -1.613317
v 0.793939 0.548717 -1.613368
v 0.791931 0.531736 -1.613368
v 0.781533 0.531637 -1.623477
v 0.770886 0.531606 -1.633432
v 0.759741 0.531711 -1.643078
v 0.788287 0.642805 -1.626589
v 0.780621 0.625433 -1.639065
v 0.771884 0.623179 -1.651478
v 0.795383 0.660766 -1.613359
v 0.761796 0.624690 -1.663031
v 0.750271 0.627658 -1.673159
v 0.695836 0.706443 -1.705196
v 0.709693 0.742732 -1.700127
v 0.697756 0.770543 -1.704635
v 0.729081 0.746076 -1.691017
v 0.696723 0.791985 -1.704690
v 0.701417 0.817827 -1.701357
v 0.714470 0.806094 -1.698223
v 0.691596 0.802403 -1.704726
v 0.679795 0.807693 -1.705313
v 0.622202 0.811719 -1.709317
v 0.560341 0.812710 -1.713469
v 0.602131 0.835957 -1.710582
v 0.656850 0.810310 -1.706969
v 0.660584 0.837038 -1.706005
v 0.426292 0.813059 -1.721871
v 0.423363 0.846270 -1.722293
v 0.470131 0.853679 -1.719899
v 0.692620 0.853682 -1.704300
v 0.294167 0.813115 -1.728946
v 0.333472 0.858189 -1.727302
v 0.266413 0.862387 -1.730468
v 0.169916 0.813118 -1.733782
v 0.211983 0.903561 -1.732884
v 0.079827 0.813117 -1.735520
v 0.113803 0.903665 -1.735636
v 0.774591 0.813844 -1.655475
v 0.770740 0.859258 -1.653149
v 0.778865 0.856615 -1.640998
v 0.781978 0.814603 -1.643064
v 0.786084 0.852754 -1.627996
v 0.787955 0.815274 -1.630631
v 0.762890 0.848710 -1.665015
v 0.792986 0.854205 -1.612934
v 0.795457 0.804589 -1.613405
v 0.319914 0.903519 -1.729048
v 0.393166 0.884438 -1.725358
v 0.742761 0.775881 -1.683999
v 0.754162 0.776208 -1.676191
v 0.765536 0.808002 -1.666702
v 0.764197 0.727476 -1.665371
v 0.788756 0.724297 -1.627365
v 0.781633 0.724174 -1.640999
v 0.773587 0.724828 -1.653814
v 0.720392 0.877825 -1.690203
v 0.727379 0.903082 -1.682118
v 0.738443 0.853560 -1.682846
v 0.741105 0.903179 -1.671698
v 0.750787 0.853108 -1.674615
v 0.753164 0.903227 -1.660499
v 0.732798 0.812718 -1.689683
v 0.742388 0.815048 -1.684252
v 0.754293 0.816706 -1.676268
v 0.711729 0.837168 -1.697562
v 0.785233 0.902868 -1.611509
v 0.768312 0.903139 -1.641467
v 0.692715 0.881397 -1.703890
v 0.695181 0.851815 -1.702475
v 0.608100 0.596684 -1.714850
v 0.569445 0.591622 -1.718382
v 0.524155 0.587367 -1.721947
v 0.638483 0.602723 -1.711853
v 0.473598 0.583726 -1.725245
v 0.659503 0.609729 -1.709861
v 0.675238 0.618859 -1.708137
v 0.418498 0.580531 -1.727986
v 0.416518 0.559242 -1.727670
v 0.335443 0.557496 -1.730742
v 0.360593 0.577827 -1.730111
v 0.301094 0.575649 -1.731690
v 0.240901 0.574014 -1.732809
v 0.337050 0.540321 -1.725456
v 0.336606 0.549857 -1.729208
v 0.418886 0.551115 -1.726039
v 0.418530 0.541129 -1.722331
v 0.337418 0.527304 -1.718175
v 0.417656 0.527766 -1.715169
v 0.180670 0.572916 -1.733551
v 0.098919 0.572088 -1.734113
v 0.686988 0.839860 -1.703403
v 0.156928 0.510090 -1.709615
v 0.215247 0.489932 -1.693910
v 0.088651 0.486381 -1.692196
v 0.156013 0.467310 -1.676916
v 0.276976 0.510201 -1.708040
v 0.271841 0.468174 -1.676089
v 0.239411 0.443958 -1.657454
v 0.157294 0.443959 -1.658439
v 0.664979 0.512837 -1.678438
v 0.659854 0.491352 -1.663275
v 0.639084 0.490645 -1.668157
v 0.626090 0.468244 -1.653419
v 0.614231 0.489754 -1.672178
v 0.633776 0.511301 -1.684166
v 0.590891 0.466375 -1.658337
v 0.689651 0.513199 -1.669842
v 0.654363 0.467385 -1.645039
v 0.634871 0.443958 -1.631233
v 0.603979 0.443967 -1.638548
v 0.569138 0.443966 -1.644487
v 0.591866 0.511239 -1.690080
v 0.570181 0.484930 -1.674453
v 0.539831 0.484054 -1.676837
v 0.556865 0.510988 -1.693933
v 0.508036 0.490165 -1.683771
v 0.515587 0.510796 -1.697685
v 0.499248 0.467556 -1.667729
v 0.531572 0.443981 -1.648328
v 0.489841 0.443958 -1.650622
v 0.442214 0.443974 -1.652455
v 0.459441 0.467550 -1.669849
v 0.464308 0.490119 -1.686565
v 0.468483 0.510640 -1.701045
v 0.416155 0.510503 -1.703783
v 0.411180 0.484657 -1.685015
v 0.355268 0.485205 -1.687355
v 0.359827 0.510383 -1.705915
v 0.300409 0.490013 -1.692418
v 0.330185 0.443955 -1.655688
v 0.724300 0.512521 -1.653169
v 0.710274 0.490676 -1.643499
v 0.688817 0.490348 -1.651998
v 0.710424 0.512768 -1.660221
v 0.694098 0.467620 -1.632484
v 0.678060 0.467629 -1.637583
v 0.737997 0.512297 -1.645627
v 0.725250 0.490610 -1.637250
v 0.710575 0.467611 -1.627710
v 0.694935 0.443958 -1.617588
v 0.669136 0.443962 -1.622404
v 0.776332 0.512265 -1.621600
v 0.769122 0.491593 -1.619238
v 0.754789 0.490888 -1.625135
v 0.763927 0.512164 -1.629763
v 0.760020 0.470911 -1.616562
v 0.744039 0.468636 -1.619869
v 0.740138 0.490612 -1.631124
v 0.751193 0.512172 -1.637794
v 0.727392 0.467736 -1.623530
v 0.788569 0.512425 -1.613371
v 0.783270 0.492554 -1.613389
v 0.775397 0.474290 -1.613438
v 0.764477 0.459552 -1.613530
v 0.749701 0.450641 -1.613734
v 0.732456 0.445938 -1.614285
v 0.713796 0.444205 -1.615474
v -0.121626 0.791447 1.806897
v -0.288862 0.791352 1.802657
v -0.199344 0.786018 1.794918
v -0.208903 0.782279 1.788643
v -0.292346 0.776914 1.781838
v -0.182296 0.777054 1.782868
v 0.015882 0.782116 1.788178
v 0.011278 0.776959 1.782148
v 0.103807 0.785905 1.795085
v -0.037039 0.797685 1.813009
v -0.167016 0.797869 1.811588
v -0.204721 0.794229 1.808771
v -0.037055 0.794197 1.810842
v -0.038814 0.802917 1.813529
v -0.217943 0.802916 1.811147
v -0.296682 0.797887 1.807613
v -0.421810 0.791394 1.796123
v -0.364102 0.785982 1.790048
v -0.488498 0.785977 1.783318
v -0.487322 0.782174 1.778809
v -0.363011 0.782163 1.784759
v -0.490480 0.792875 1.793165
v -0.536046 0.777009 1.772137
v -0.422209 0.776897 1.777816
v -0.430944 0.797924 1.800381
v -0.365615 0.794247 1.802323
v -0.371422 0.802931 1.804802
v -0.492981 0.802947 1.796589
v -0.537215 0.797955 1.791597
v -0.587774 0.797900 1.784767
v -0.598281 0.792172 1.780356
v -0.549085 0.792519 1.787300
v -0.613923 0.796125 1.779257
v -0.575846 0.802957 1.787589
v -0.624907 0.802965 1.777693
v -0.633611 0.793992 1.773341
v -0.576085 0.785920 1.776051
v -0.627470 0.783451 1.765958
v -0.576476 0.782160 1.772339
v -0.635227 0.774799 1.760175
v -0.602311 0.776956 1.766617
v -0.664905 0.782073 1.752108
v -0.676966 0.794070 1.751578
v -0.683626 0.783428 1.742051
v -0.651757 0.784256 1.759164
v -0.650995 0.774271 1.755683
v -0.650783 0.794272 1.766835
v -0.663986 0.794227 1.760028
v -0.655438 0.802954 1.766192
v -0.681180 0.802950 1.749813
v -0.725321 0.786633 1.713291
v -0.695645 0.773637 1.731971
v -0.725255 0.676894 1.703966
v -0.711883 0.699762 1.715645
v -0.692621 0.745605 1.731906
v -0.725250 0.802952 1.714690
v -0.116429 0.498970 1.705238
v 0.060282 0.513908 1.721684
v -0.177487 0.513774 1.721159
v -0.171738 0.486174 1.687513
v -0.280569 0.498946 1.704393
v 0.289313 0.474603 1.669472
v 0.201001 0.486365 1.687778
v -0.292295 0.474609 1.669469
v 0.096188 0.499048 1.705390
v 0.096764 0.531776 1.735601
v -0.113071 0.531715 1.735503
v -0.234646 0.531674 1.734739
v -0.301205 0.513801 1.720002
v -0.349730 0.486039 1.686568
v -0.431228 0.498944 1.702491
v -0.399166 0.513791 1.718323
v -0.486273 0.486208 1.685754
v -0.488315 0.513736 1.716390
v -0.380880 0.531879 1.732535
v -0.541834 0.531547 1.727978
v -0.536125 0.498910 1.700729
v -0.459173 0.474593 1.669478
v -0.572963 0.486183 1.684930
v -0.604940 0.498854 1.699266
v -0.577307 0.513633 1.713991
v -0.656546 0.485116 1.682510
v -0.628513 0.513568 1.711965
v -0.608623 0.474609 1.669466
v -0.606541 0.531444 1.725293
v -0.646042 0.531304 1.722235
v -0.646833 0.498727 1.697786
v -0.674975 0.513791 1.707038
v -0.671492 0.498698 1.695840
v -0.660017 0.513458 1.709497
v -0.679939 0.486042 1.682069
v -0.678530 0.531718 1.715609
v -0.688264 0.514276 1.703381
v -0.685082 0.498988 1.693529
v -0.700875 0.474933 1.669558
v -0.670947 0.474633 1.669446
v -0.663862 0.531718 1.719643
v -0.687061 0.642814 1.729776
v -0.703837 0.592916 1.713581
v -0.688295 0.608477 1.726184
v -0.651195 0.756207 1.753931
v -0.664540 0.763392 1.748996
v -0.634858 0.756301 1.758344
v -0.675926 0.763174 1.743129
v -0.604207 0.770147 1.764623
v -0.614368 0.756237 1.761840
v -0.588103 0.755940 1.764585
v -0.554622 0.755399 1.766795
v -0.538965 0.770119 1.769623
v -0.511622 0.745410 1.768425
v -0.486551 0.760434 1.770471
v -0.426529 0.769837 1.774541
v -0.364268 0.760238 1.774124
v -0.459959 0.744320 1.770071
v -0.365783 0.747647 1.772590
v -0.298395 0.769855 1.777937
v -0.391410 0.727189 1.771096
v -0.329898 0.730385 1.772084
v -0.265937 0.730813 1.772604
v -0.233882 0.747433 1.773918
v -0.233083 0.760310 1.775813
v -0.189998 0.769999 1.778652
v 0.000021 0.760506 1.774757
v -0.013817 0.769928 1.777725
v 0.000048 0.748124 1.772983
v -0.195628 0.730338 1.772661
v 0.000002 0.732583 1.772031
v -0.634499 0.632729 1.751800
v -0.634511 0.660217 1.754725
v -0.650384 0.675065 1.751526
v -0.650762 0.632729 1.747510
v -0.634466 0.692248 1.756797
v -0.663574 0.674646 1.746065
v -0.674540 0.674392 1.740050
v -0.675490 0.612009 1.734423
v -0.663973 0.632729 1.742399
v -0.540581 0.660053 1.764080
v -0.555059 0.692185 1.765420
v -0.588077 0.692354 1.763257
v -0.587909 0.660217 1.761142
v -0.614072 0.692357 1.760448
v -0.614067 0.660217 1.758336
v -0.513954 0.691758 1.767126
v -0.614062 0.632729 1.755220
v -0.587908 0.632729 1.757911
v -0.542433 0.633072 1.760760
v -0.301791 0.660223 1.769285
v -0.302232 0.686630 1.770898
v -0.399167 0.686459 1.769638
v -0.433941 0.660274 1.767318
v -0.463694 0.690954 1.768553
v -0.437227 0.632946 1.764083
v -0.305035 0.632733 1.766289
v -0.179875 0.660907 1.769793
v -0.000025 0.686229 1.770775
v -0.187857 0.686926 1.771244
v -0.012757 0.632505 1.766795
v 0.015962 0.659854 1.769425
v -0.181954 0.632844 1.766989
v -0.687780 0.578506 1.722903
v -0.708707 0.553644 1.704543
v -0.687749 0.554002 1.718418
v -0.725270 0.570177 1.694417
v -0.725196 0.525711 1.687320
v -0.699278 0.531903 1.705663
v -0.650706 0.553452 1.730942
v -0.650723 0.578260 1.738124
v -0.663913 0.578260 1.734331
v -0.663887 0.553452 1.727981
v -0.650742 0.605049 1.743573
v -0.663942 0.605049 1.739026
v -0.675073 0.578260 1.729751
v -0.675039 0.553452 1.724240
v -0.634469 0.553452 1.733326
v -0.634478 0.578260 1.741237
v -0.634488 0.605049 1.747357
v -0.718478 0.482192 1.672647
v -0.702800 0.495881 1.686216
v -0.712698 0.509205 1.689561
v -0.712318 0.477822 1.670945
v -0.724846 0.503903 1.681613
v -0.722411 0.489503 1.676116
v -0.614057 0.605049 1.750404
v -0.614053 0.578260 1.743784
v -0.577995 0.577870 1.746482
v -0.587906 0.605049 1.752856
v -0.614049 0.553452 1.735319
v -0.578526 0.553133 1.737476
v -0.554391 0.605049 1.754885
v -0.490818 0.553575 1.741001
v -0.489910 0.578613 1.750344
v -0.490044 0.605637 1.757584
v -0.358820 0.553445 1.744344
v -0.362003 0.578235 1.753499
v -0.399166 0.605049 1.759775
v -0.303985 0.604672 1.761365
v -0.238542 0.553347 1.746209
v -0.241488 0.578125 1.755259
v -0.103366 0.553508 1.747019
v -0.117380 0.578302 1.755877
v -0.165580 0.605112 1.762444
v 0.113233 0.578293 1.755881
v 0.220058 0.782222 1.788399
v 0.103460 0.791484 1.806967
v 0.239029 0.785997 1.794030
v 0.225658 0.791345 1.804735
v 0.182443 0.777018 1.782861
v 0.292348 0.776914 1.781838
v 0.101290 0.797877 1.812745
v 0.103046 0.794251 1.810517
v 0.234044 0.794249 1.807973
v 0.195519 0.797879 1.811112
v 0.114651 0.802932 1.813208
v 0.296477 0.797926 1.807903
v 0.241997 0.802946 1.810781
v 0.316048 0.792509 1.803341
v 0.364048 0.785982 1.790058
v 0.421561 0.791409 1.796200
v 0.488505 0.785978 1.783321
v 0.363039 0.782163 1.784759
v 0.487333 0.782174 1.778809
v 0.422207 0.776897 1.777816
v 0.536059 0.777009 1.772137
v 0.533056 0.791316 1.787637
v 0.430962 0.794263 1.798550
v 0.431020 0.797927 1.800539
v 0.333918 0.802950 1.807055
v 0.537373 0.794254 1.789873
v 0.537445 0.797912 1.791602
v 0.433618 0.802953 1.801321
v 0.539060 0.802957 1.792282
v 0.598302 0.792164 1.780347
v 0.588250 0.802890 1.785841
v 0.613933 0.796123 1.779254
v 0.633611 0.793992 1.773341
v 0.624948 0.802965 1.777681
v 0.576089 0.785920 1.776051
v 0.627471 0.783451 1.765957
v 0.576480 0.782161 1.772339
v 0.602314 0.776956 1.766617
v 0.635227 0.774798 1.760175
v 0.664905 0.782072 1.752108
v 0.683626 0.783429 1.742051
v 0.676965 0.794070 1.751579
v 0.650995 0.774270 1.755683
v 0.651758 0.784256 1.759164
v 0.663986 0.794227 1.760028
v 0.650782 0.794272 1.766836
v 0.681180 0.802950 1.749813
v 0.655439 0.802954 1.766192
v 0.725321 0.786633 1.713291
v 0.695651 0.773636 1.731967
v 0.692624 0.745589 1.731903
v 0.711883 0.699770 1.715645
v 0.725255 0.676892 1.703966
v 0.725250 0.802952 1.714690
v 0.280526 0.498947 1.704394
v 0.241004 0.513771 1.720684
v 0.234651 0.531674 1.734739
v 0.371549 0.486187 1.686614
v 0.431232 0.498945 1.702491
v 0.486255 0.486208 1.685755
v 0.366962 0.513790 1.718945
v 0.488296 0.513736 1.716391
v 0.459169 0.474593 1.669478
v 0.536134 0.498910 1.700729
v 0.541835 0.531547 1.727978
v 0.380938 0.531879 1.732533
v 0.572955 0.486183 1.684931
v 0.604936 0.498854 1.699266
v 0.656547 0.485117 1.682510
v 0.577307 0.513633 1.713991
v 0.628512 0.513568 1.711965
v 0.608621 0.474609 1.669466
v 0.646833 0.498727 1.697786
v 0.646044 0.531304 1.722235
v 0.606540 0.531444 1.725293
v 0.674975 0.513791 1.707038
v 0.660016 0.513458 1.709497
v 0.671492 0.498698 1.695840
v 0.679939 0.486041 1.682068
v 0.678531 0.531718 1.715609
v 0.688265 0.514276 1.703380
v 0.663862 0.531718 1.719643
v 0.670947 0.474633 1.669446
v 0.700875 0.474934 1.669558
v 0.685082 0.498988 1.693529
v 0.687061 0.642805 1.729775
v 0.688293 0.608476 1.726186
v 0.703830 0.592919 1.713586
v 0.651195 0.756208 1.753931
v 0.664540 0.763392 1.748996
v 0.675926 0.763175 1.743129
v 0.634859 0.756300 1.758344
v 0.604204 0.770147 1.764624
v 0.588102 0.755941 1.764585
v 0.614367 0.756234 1.761840
v 0.538953 0.770118 1.769623
v 0.554622 0.755401 1.766795
v 0.486559 0.760435 1.770471
v 0.511619 0.745415 1.768425
v 0.426537 0.769838 1.774541
v 0.364277 0.760240 1.774124
v 0.298401 0.769855 1.777937
v 0.365787 0.747645 1.772590
v 0.459957 0.744317 1.770071
v 0.233064 0.760311 1.775813
v 0.233851 0.747433 1.773918
v 0.265936 0.730811 1.772604
v 0.329899 0.730387 1.772084
v 0.391412 0.727190 1.771096
v 0.188279 0.769889 1.778562
v 0.195645 0.730339 1.772661
v 0.634499 0.632729 1.751800
v 0.650762 0.632729 1.747510
v 0.650384 0.675070 1.751527
v 0.634511 0.660217 1.754725
v 0.663973 0.632729 1.742399
v 0.663574 0.674656 1.746066
v 0.675489 0.612010 1.734423
v 0.674540 0.674404 1.740051
v 0.634467 0.692245 1.756797
v 0.540576 0.660054 1.764081
v 0.587909 0.660217 1.761141
v 0.588076 0.692356 1.763257
v 0.555057 0.692185 1.765420
v 0.614067 0.660217 1.758336
v 0.614072 0.692358 1.760448
v 0.542435 0.633072 1.760760
v 0.587908 0.632729 1.757911
v 0.614062 0.632729 1.755220
v 0.513970 0.691742 1.767125
v 0.301771 0.660223 1.769286
v 0.433910 0.660274 1.767318
v 0.399166 0.686459 1.769638
v 0.302212 0.686631 1.770898
v 0.463689 0.690958 1.768553
v 0.305006 0.632733 1.766289
v 0.437246 0.632946 1.764083
v 0.185061 0.660415 1.769758
v 0.187941 0.686926 1.771244
v 0.174674 0.633119 1.767043
v 0.687782 0.578505 1.722902
v 0.687750 0.554001 1.718417
v 0.708710 0.553642 1.704540
v 0.699275 0.531904 1.705666
v 0.725196 0.525712 1.687321
v 0.725270 0.570175 1.694416
v 0.650706 0.553452 1.730942
v 0.663887 0.553452 1.727981
v 0.663913 0.578260 1.734331
v 0.650723 0.578260 1.738124
v 0.675039 0.553452 1.724239
v 0.675073 0.578260 1.729751
v 0.663942 0.605049 1.739026
v 0.650742 0.605049 1.743573
v 0.634469 0.553452 1.733326
v 0.634488 0.605049 1.747356
v 0.634478 0.578260 1.741237
v 0.718478 0.482193 1.672647
v 0.712695 0.509205 1.689562
v 0.702801 0.495881 1.686216
v 0.722411 0.489503 1.676116
v 0.724846 0.503901 1.681612
v 0.712318 0.477822 1.670945
v 0.614057 0.605049 1.750404
v 0.587906 0.605049 1.752857
v 0.577998 0.577870 1.746482
v 0.614053 0.578260 1.743784
v 0.554391 0.605049 1.754885
v 0.578534 0.553133 1.737475
v 0.614049 0.553452 1.735319
v 0.490042 0.605637 1.757584
v 0.489937 0.578613 1.750344
v 0.490788 0.553575 1.741002
v 0.361993 0.578235 1.753499
v 0.358850 0.553446 1.744344
v 0.399166 0.605049 1.759775
v 0.303930 0.604670 1.761365
v 0.241496 0.578125 1.755259
v 0.238536 0.553347 1.746209
v 0.114038 0.553460 1.746963
v 0.166709 0.605266 1.762486
v 0.820410 0.704894 0.513290
v 0.819551 0.786292 0.513277
v 0.822977 0.785862 0.513686
v 0.823885 0.705546 0.513792
v 0.822977 0.785475 0.632646
v 0.820412 0.704973 0.633172
v 0.823932 0.705348 0.632289
v 0.819482 0.786381 0.633104
v -0.828692 0.344426 -0.730659
v -0.774608 0.382624 -0.730659
v -0.811103 0.313641 -0.730659
v -0.810045 0.313641 0.604602
v -0.767727 0.301234 0.604602
v -0.767727 0.382624 0.604602
v -0.823752 0.344426 0.604602
v -0.816926 0.382624 -0.730659
v -0.802280 0.301234 0.604602
v -0.813927 0.382624 0.604602
v -0.797515 0.301234 -0.730659
v -0.774608 0.301234 -0.730659
v -0.336460 0.579190 1.850005
v -0.337098 0.579190 1.862503
v 0.000001 0.579190 1.859873
v -0.000000 0.579190 1.872371
v -0.337092 0.529150 1.862504
v 0.000001 0.529150 1.859874
v -0.000000 0.529151 1.872372
v -0.336459 0.529150 1.850005
v -0.679235 0.529150 1.837627
v -0.678598 0.529150 1.825129
v -0.679235 0.579190 1.837627
v -0.678598 0.579190 1.825129
v 0.337095 0.529150 1.862504
v 0.337097 0.579190 1.862503
v 0.336460 0.529150 1.850005
v 0.678598 0.529150 1.825129
v 0.679235 0.529150 1.837627
v 0.679235 0.579190 1.837627
v 0.678598 0.579190 1.825129
v 0.336459 0.579190 1.850005
v -0.806853 0.422804 -1.642396
v -0.840943 0.457996 -1.643912
v -0.814266 0.440454 -1.681599
v -0.820613 0.457874 -1.716584
v -0.790056 0.422925 -1.719545
v -0.815777 0.561501 -1.586297
v -0.841161 0.531507 -1.642611
v -0.851386 0.531376 -1.588832
v -0.806442 0.561583 -1.642870
v -0.779576 0.458173 -1.831469
v -0.762182 0.422892 -1.789818
v -0.787782 0.440369 -1.776978
v -0.803848 0.457888 -1.779721
v -0.772257 0.422886 -1.773221
v -0.808557 0.545294 -1.709742
v -0.787455 0.546832 -1.776809
v -0.803827 0.531530 -1.779643
v -0.820430 0.531678 -1.717153
v -0.740735 0.422886 -1.735706
v -0.740735 0.561462 -1.735706
v -0.762132 0.561456 -1.789918
v -0.772257 0.561462 -1.773221
v -0.789863 0.561462 -1.719384
v -0.779575 0.531375 -1.831468
v -0.691466 0.445402 -1.797806
v -0.691466 0.422886 -1.797806
v -0.691467 0.457914 -1.839282
v -0.816088 0.422847 -1.586399
v -0.851385 0.458112 -1.588831
v -0.691466 0.545341 -1.797806
v -0.691466 0.525454 -1.822398
v -0.691466 0.531529 -1.839285
v -0.691468 0.561461 -1.797668
v -0.691466 0.422886 -1.736055
v -0.691467 0.457556 -1.822398
v -0.691466 0.561462 -1.736055
v -0.691466 0.545341 -1.736055
v -0.691466 0.445402 -1.736055
v -0.749589 0.594765 1.854259
v -0.766807 0.606804 1.804625
v -0.769203 0.548999 1.800539
v -0.759158 0.500163 1.837882
v -0.682337 0.618777 1.759391
v -0.677675 0.587827 1.824314
v -0.682038 0.587824 1.759520
v -0.677516 0.594820 1.854427
v -0.783958 0.618790 1.755204
v -0.784028 0.552003 1.754988
v -0.723086 0.484936 1.725485
v -0.806165 0.484836 1.584800
v -0.786656 0.484683 1.586589
v -0.753399 0.484827 1.658118
v -0.846916 0.618790 1.524092
v -0.838624 0.552170 1.553194
v -0.814995 0.552098 1.640883
v -0.771614 0.492586 1.796428
v -0.783950 0.485014 1.754952
v -0.677525 0.545524 1.825495
v -0.715576 0.545996 1.845526
v -0.677512 0.499911 1.835674
v -0.794115 0.618790 1.723097
v -0.790667 0.549095 1.730865
v -0.830254 0.484977 1.582479
v -0.791535 0.485017 1.722945
v -0.760233 0.618791 1.628026
v -0.822324 0.618791 1.524085
v -0.725036 0.618791 1.725487
v -0.677784 0.511954 1.816347
v -0.792086 0.542788 1.560928
v -0.798372 0.618791 1.524085
v -0.682191 0.485012 1.759490
v -0.682070 0.511947 1.759520
v -0.406113 0.482337 -1.799363
v -0.406113 0.543909 -1.597210
v -0.406113 0.482337 -1.597210
v -0.406113 0.543909 -1.799363
v -0.467685 0.482337 -1.597210
v -0.467685 0.513123 -1.597210
v -0.467685 0.482337 -1.799363
v -0.467685 0.543909 -1.597210
v -0.467685 0.543909 -1.799363
v -0.467685 0.524733 1.825861
v -0.467685 0.586304 1.825861
v -0.467685 0.524733 1.623709
v -0.467685 0.586304 1.623709
v -0.406113 0.524733 1.623709
v -0.406113 0.586304 1.623709
v -0.406113 0.586304 1.825861
v -0.406113 0.524733 1.825861
v 0.828692 0.344426 -0.730659
v 0.811103 0.313641 -0.730659
v 0.774608 0.301234 -0.730659
v 0.774608 0.382624 -0.730659
v 0.810045 0.313641 0.604602
v 0.823752 0.344426 0.604602
v 0.767727 0.301234 0.604602
v 0.816926 0.382624 -0.730659
v 0.802280 0.301234 0.604602
v 0.813927 0.382624 0.604602
v 0.767727 0.382624 0.604602
v 0.797515 0.301234 -0.730659
v 0.806853 0.422804 -1.642395
v 0.814266 0.440454 -1.681599
v 0.840943 0.457996 -1.643912
v 0.820613 0.457875 -1.716584
v 0.790060 0.422942 -1.719554
v 0.815777 0.561501 -1.586297
v 0.851386 0.531376 -1.588832
v 0.841161 0.531507 -1.642611
v 0.806442 0.561583 -1.642870
v 0.779593 0.458175 -1.831467
v 0.803848 0.457888 -1.779721
v 0.787782 0.440369 -1.776978
v 0.762182 0.422892 -1.789818
v 0.772257 0.422887 -1.773221
v 0.808556 0.545295 -1.709742
v 0.820430 0.531678 -1.717153
v 0.803827 0.531530 -1.779643
v 0.787455 0.546832 -1.776809
v 0.740735 0.561462 -1.735706
v 0.789863 0.561462 -1.719384
v 0.772257 0.561462 -1.773221
v 0.762132 0.561456 -1.789918
v 0.740735 0.422887 -1.735706
v 0.779566 0.531375 -1.831470
v 0.691466 0.445402 -1.797806
v 0.691467 0.457916 -1.839285
v 0.691466 0.422887 -1.797806
v 0.816088 0.422847 -1.586399
v 0.851385 0.458113 -1.588831
v 0.691466 0.545341 -1.797806
v 0.691468 0.561461 -1.797668
v 0.691466 0.531530 -1.839284
v 0.691466 0.525454 -1.822398
v 0.691466 0.422887 -1.736055
v 0.691467 0.457556 -1.822398
v 0.691466 0.561462 -1.736055
v 0.691466 0.545341 -1.736055
v 0.691466 0.445402 -1.736055
v 0.749589 0.594765 1.854259
v 0.759158 0.500163 1.837882
v 0.769203 0.548999 1.800539
v 0.766807 0.606804 1.804625
v 0.682338 0.618767 1.759423
v 0.682038 0.587824 1.759520
v 0.677675 0.587827 1.824314
v 0.677513 0.594820 1.854427
v 0.677496 0.499873 1.835666
v 0.784028 0.552003 1.754988
v 0.783958 0.618790 1.755204
v 0.723086 0.484936 1.725485
v 0.753399 0.484827 1.658118
v 0.786656 0.484683 1.586589
v 0.806165 0.484836 1.584800
v 0.846916 0.618790 1.524092
v 0.814995 0.552098 1.640883
v 0.838624 0.552170 1.553194
v 0.771614 0.492586 1.796428
v 0.783950 0.485014 1.754952
v 0.677525 0.545524 1.825495
v 0.715576 0.545996 1.845526
v 0.794115 0.618790 1.723096
v 0.790667 0.549096 1.730865
v 0.830254 0.484977 1.582479
v 0.791535 0.485017 1.722945
v 0.760233 0.618791 1.628026
v 0.725036 0.618791 1.725487
v 0.822324 0.618791 1.524085
v 0.677876 0.511952 1.816340
v 0.792086 0.542788 1.560928
v 0.798372 0.618791 1.524085
v 0.682200 0.485056 1.759475
v 0.682070 0.511947 1.759520
v 0.406113 0.482337 -1.799363
v 0.406113 0.513123 -1.597210
v 0.406113 0.543909 -1.799363
v 0.406113 0.543909 -1.597210
v 0.406113 0.482337 -1.597210
v 0.467685 0.482337 -1.597210
v 0.467685 0.543909 -1.799363
v 0.467685 0.543909 -1.597210
v 0.467685 0.482337 -1.799363
v 0.467685 0.524733 1.825861
v 0.467685 0.524733 1.623709
v 0.467685 0.586304 1.825861
v 0.467685 0.586304 1.623709
v 0.406113 0.524733 1.623709
v 0.406113 0.524733 1.825861
v 0.406113 0.586304 1.623709
v 0.406113 0.586304 1.825861
v -0.721767 0.595595 -1.724299
v -0.699187 0.605841 -1.730126
v -0.674251 0.588209 -1.733896
v -0.685795 0.574530 -1.731277
v -0.631305 0.588209 -1.741123
v -0.595613 0.574549 -1.744992
v 0.000005 0.574530 -1.770705
v -0.438358 0.574532 -1.767964
v -0.439525 0.587010 -1.767963
v -0.000320 0.587040 -1.770694
v -0.588359 0.588209 -1.748349
v -0.435888 0.574530 -1.685473
v -0.000000 0.574530 -1.688107
v -0.738619 0.713044 -1.717266
v -0.720368 0.710887 -1.722002
v -0.713134 0.632334 -1.726096
v -0.466775 0.816787 -1.766727
v -0.467516 0.830803 -1.764026
v -0.438241 0.830818 -1.767971
v -0.438674 0.818492 -1.767952
v -0.469707 0.741478 -1.766602
v -0.469707 0.776421 -1.766602
v -0.513435 0.631443 -1.717067
v -0.532198 0.612298 -1.716252
v -0.535711 0.618083 -1.712540
v -0.738629 0.629082 -1.717320
v -0.736673 0.629082 -1.672384
v -0.536075 0.618508 -1.715316
v -0.585252 0.604802 -1.710407
v -0.585372 0.605287 -1.713171
v -0.677955 0.652135 -1.707351
v -0.671058 0.654386 -1.706653
v -0.634775 0.618069 -1.708200
v -0.641030 0.613622 -1.709185
v -0.499458 0.753551 -1.714161
v -0.493465 0.756827 -1.717828
v -0.487220 0.730083 -1.718194
v -0.486197 0.703962 -1.714749
v -0.481118 0.703504 -1.718393
v -0.691587 0.706067 -1.707104
v -0.684332 0.703974 -1.706078
v -0.738798 0.799715 -1.721200
v -0.705157 0.795185 -1.729066
v -0.716571 0.752871 -1.725529
v -0.535712 0.789859 -1.712558
v -0.529929 0.795541 -1.716361
v -0.511628 0.776154 -1.717147
v -0.709263 0.830667 -1.730240
v -0.674568 0.818602 -1.736680
v -0.694525 0.810969 -1.732788
v -0.728232 0.820501 -1.725732
v -0.567829 0.830763 -1.748136
v 0.000048 0.818460 -1.786970
v -0.000000 0.830759 -1.786969
v -0.586502 0.818484 -1.748559
v -0.000001 0.801909 -1.742903
v -0.429437 0.801904 -1.723888
v -0.469707 0.636651 -1.766602
v -0.475094 0.608608 -1.766056
v -0.494814 0.588209 -1.765509
v -0.556315 0.831915 -1.708190
v -0.630106 0.831666 -1.677024
v -0.434404 0.834555 -1.685508
v -0.494814 0.818484 -1.765509
v -0.540658 0.818484 -1.757034
v -0.638826 0.796729 -1.709769
v -0.634791 0.789854 -1.708266
v -0.671056 0.753560 -1.706668
v -0.675946 0.762000 -1.707932
v -0.541587 0.588209 -1.756929
v -0.501045 0.574532 -1.759941
v -0.559629 0.606162 -1.714475
v -0.587077 0.600054 -1.712638
v -0.475094 0.802230 -1.766056
v -0.469707 0.706536 -1.766602
v -0.469707 0.671593 -1.766602
v -0.611349 0.802981 -1.711439
v -0.585223 0.803148 -1.710403
v -0.584295 0.809116 -1.713088
v -0.557100 0.802318 -1.714720
v -0.494685 0.650565 -1.717884
v -0.487883 0.677044 -1.718180
v -0.499429 0.654417 -1.714124
v -0.000000 0.834692 -1.688110
v -0.736673 0.799715 -1.672384
v -0.725939 0.820501 -1.673039
v -0.706465 0.830849 -1.673699
v -0.719558 0.595595 -1.673545
v -0.683333 0.574530 -1.674705
v -0.430223 0.603761 -1.723853
v 0.000002 0.603760 -1.726639
v -0.479222 0.674447 -1.741255
v -0.475667 0.704951 -1.741409
v -0.482777 0.643943 -1.741100
v -0.689502 0.644506 -1.715160
v -0.655727 0.807157 -1.722544
v -0.672983 0.791977 -1.720263
v -0.549265 0.810022 -1.734884
v -0.513183 0.806463 -1.739777
v -0.585347 0.813580 -1.729991
v -0.656493 0.601878 -1.720564
v -0.622270 0.597954 -1.725324
v -0.587679 0.594395 -1.729687
v -0.613901 0.606833 -1.710921
v -0.514383 0.600819 -1.739725
v -0.551031 0.597607 -1.734706
v -0.498580 0.622381 -1.740412
v -0.482084 0.766144 -1.741130
v -0.478875 0.735547 -1.741270
v -0.497633 0.786304 -1.740453
v -0.620537 0.810368 -1.726268
v 0.721767 0.595595 -1.724299
v 0.685795 0.574530 -1.731277
v 0.674251 0.588209 -1.733896
v 0.699187 0.605841 -1.730126
v 0.595616 0.574539 -1.744989
v 0.631305 0.588209 -1.741123
v 0.588359 0.588209 -1.748349
v 0.435888 0.574530 -1.685473
v 0.438644 0.574532 -1.767928
v 0.439526 0.587006 -1.767969
v 0.738619 0.713044 -1.717266
v 0.713134 0.632334 -1.726096
v 0.720534 0.712302 -1.721970
v 0.466775 0.816787 -1.766727
v 0.438675 0.818492 -1.767952
v 0.438241 0.830818 -1.767971
v 0.467516 0.830803 -1.764026
v 0.469707 0.741478 -1.766602
v 0.469707 0.706536 -1.766602
v 0.469707 0.776421 -1.766602
v 0.501918 0.653184 -1.714051
v 0.513435 0.631763 -1.716825
v 0.494932 0.650834 -1.717389
v 0.535714 0.618081 -1.712541
v 0.532198 0.612298 -1.716252
v 0.738629 0.629082 -1.717320
v 0.736673 0.629082 -1.672384
v 0.536075 0.618508 -1.715316
v 0.584625 0.607240 -1.713105
v 0.583014 0.606357 -1.710545
v 0.502281 0.653366 -1.716796
v 0.677720 0.652428 -1.707237
v 0.640955 0.613579 -1.709242
v 0.633667 0.619911 -1.708185
v 0.669144 0.655433 -1.706743
v 0.501313 0.752420 -1.714080
v 0.488337 0.703924 -1.714653
v 0.481344 0.703533 -1.717777
v 0.493750 0.756518 -1.717288
v 0.487221 0.730148 -1.718209
v 0.682126 0.703930 -1.706182
v 0.691254 0.707010 -1.706968
v 0.738798 0.799715 -1.721200
v 0.716571 0.752871 -1.725529
v 0.705157 0.795185 -1.729066
v 0.536776 0.787926 -1.712519
v 0.530435 0.795232 -1.715755
v 0.511628 0.776154 -1.717147
v 0.709263 0.830667 -1.730240
v 0.728232 0.820501 -1.725732
v 0.694525 0.810969 -1.732788
v 0.674568 0.818602 -1.736680
v 0.567829 0.830763 -1.748136
v 0.586502 0.818484 -1.748559
v 0.429437 0.801904 -1.723888
v 0.469707 0.636651 -1.766602
v 0.475094 0.608608 -1.766056
v 0.494814 0.588209 -1.765509
v 0.556315 0.831915 -1.708190
v 0.435101 0.834645 -1.685507
v 0.630106 0.831666 -1.677024
v 0.494814 0.818484 -1.765509
v 0.540658 0.818484 -1.757034
v 0.638623 0.796627 -1.709647
v 0.675689 0.762215 -1.707945
v 0.633668 0.787934 -1.708280
v 0.669143 0.752425 -1.706759
v 0.501045 0.574531 -1.759940
v 0.541587 0.588209 -1.756929
v 0.559629 0.606162 -1.714475
v 0.587052 0.600161 -1.712418
v 0.475094 0.802230 -1.766056
v 0.469707 0.671593 -1.766602
v 0.584315 0.808892 -1.712570
v 0.611528 0.802980 -1.711455
v 0.585222 0.800928 -1.710381
v 0.557100 0.802318 -1.714720
v 0.488095 0.677324 -1.717647
v 0.430394 0.833357 -1.713203
v 0.736673 0.799715 -1.672384
v 0.725939 0.820501 -1.673039
v 0.706465 0.830849 -1.673699
v 0.719558 0.595595 -1.673545
v 0.683333 0.574530 -1.674705
v 0.430223 0.603761 -1.723853
v 0.475667 0.704951 -1.741409
v 0.479222 0.674447 -1.741255
v 0.482777 0.643943 -1.741100
v 0.689502 0.644506 -1.715160
v 0.672983 0.791977 -1.720263
v 0.655727 0.807157 -1.722544
v 0.549265 0.810022 -1.734884
v 0.513183 0.806463 -1.739777
v 0.585347 0.813580 -1.729991
v 0.622270 0.597954 -1.725324
v 0.656493 0.601878 -1.720564
v 0.587679 0.594395 -1.729687
v 0.614045 0.606825 -1.710942
v 0.514383 0.600819 -1.739725
v 0.551031 0.597607 -1.734706
v 0.498580 0.622381 -1.740412
v 0.482084 0.766144 -1.741130
v 0.478875 0.735547 -1.741270
v 0.497633 0.786304 -1.740453
v 0.620537 0.810368 -1.726268
v -0.499987 0.654630 -1.716887
v 0.499446 0.654387 -1.714136
v 0.492809 0.679180 -1.714425
v -0.000000 0.749334 -1.781779
v -0.448149 0.749333 -1.762970
v -0.446847 0.749333 -1.733045
v -0.000000 0.749333 -1.743538
v -0.000000 0.733803 -1.743538
v -0.446847 0.733803 -1.733045
v -0.448149 0.733803 -1.762970
v -0.000000 0.733803 -1.781779
v 0.446847 0.749333 -1.733045
v 0.448149 0.749333 -1.762970
v 0.448149 0.733803 -1.762970
v 0.446847 0.733803 -1.733045
v -0.000000 0.774183 -1.743538
v -0.446847 0.774183 -1.733045
v -0.448149 0.774183 -1.762970
v -0.000000 0.774183 -1.781779
v -0.448149 0.789713 -1.762970
v -0.000000 0.789713 -1.781779
v -0.446847 0.789713 -1.733045
v -0.000000 0.789713 -1.743538
v 0.448149 0.774183 -1.762970
v 0.446847 0.774183 -1.733045
v 0.448149 0.789713 -1.762970
v 0.446847 0.789713 -1.733045
v -0.000000 0.708954 -1.781779
v -0.448149 0.708954 -1.762970
v -0.446847 0.708954 -1.733045
v -0.000000 0.708954 -1.743538
v -0.000000 0.693424 -1.743538
v -0.446847 0.693424 -1.733045
v -0.448149 0.693424 -1.762970
v -0.000000 0.693424 -1.781779
v 0.446847 0.708954 -1.733045
v 0.448149 0.708954 -1.762970
v 0.448149 0.693424 -1.762970
v 0.446847 0.693424 -1.733045
v -0.000000 0.668575 -1.781779
v -0.448149 0.668575 -1.762970
v -0.446847 0.668575 -1.733045
v -0.000000 0.668574 -1.743538
v -0.000000 0.653044 -1.743538
v -0.446847 0.653044 -1.733045
v -0.448149 0.653044 -1.762970
v -0.000000 0.653045 -1.781779
v 0.446847 0.668575 -1.733045
v 0.448149 0.668575 -1.762970
v 0.448149 0.653044 -1.762970
v 0.446847 0.653044 -1.733045
v -0.000000 0.628195 -1.781779
v -0.448149 0.628195 -1.762970
v -0.446847 0.628195 -1.733045
v -0.000000 0.628195 -1.743538
v -0.000000 0.612665 -1.743538
v -0.446847 0.612665 -1.733045
v -0.448149 0.612665 -1.762970
v -0.000000 0.612665 -1.781779
v 0.446847 0.628195 -1.733045
v 0.448149 0.628195 -1.762970
v 0.448149 0.612665 -1.762970
v 0.446847 0.612665 -1.733045
v -0.607164 1.071403 -0.588372
v -0.626945 1.100152 -0.465067
v -0.565184 1.145964 -0.476353
v -0.565184 1.071523 -0.601288
v -0.324575 1.071523 -0.627682
v -0.324937 1.134292 -0.481617
v -0.173526 1.071304 -0.508337
v -0.178427 1.071523 -0.630663
v -0.351976 1.145960 -0.476358
v -0.351912 1.071523 -0.627123
v 0.178803 1.027089 -0.476480
v -0.176413 1.027143 -0.476558
v -0.176413 0.936971 -0.438505
v -0.564566 1.060706 -0.476402
v -0.748362 1.014134 -0.409242
v -0.748917 0.936606 -0.371220
v -0.566885 0.936864 -0.408997
v -0.339727 1.058132 -0.476139
v -0.352629 0.937089 -0.434615
v 0.176413 1.071523 -0.630709
v 0.339042 1.071523 -0.506890
v 0.688345 1.071171 -0.563393
v 0.565184 1.071523 -0.601288
v 0.565013 1.071526 -0.479951
v 0.748046 1.050149 -0.441721
v 0.351912 1.071523 -0.627123
v 0.176413 0.936958 -0.438536
v 0.565184 1.027143 -0.447137
v 0.565184 0.936958 -0.409115
v 0.748917 0.936606 -0.371220
v 0.748361 1.014134 -0.409242
v 0.351912 0.936958 -0.434950
v 0.351912 1.027143 -0.472972
v -0.748278 1.049939 -0.441104
v -0.688345 1.071171 -0.563393
v 0.351912 0.766458 -0.786428
v 0.565184 0.766458 -0.760593
v -0.128856 0.578092 -0.438536
v 0.128856 0.578089 -0.438497
v -0.748917 0.766106 -0.722698
v -0.565185 0.766458 -0.760593
v 0.176413 0.766458 -0.790014
v 0.748917 0.766106 -0.722698
v -0.351912 0.766458 -0.786428
v -0.176413 0.766458 -0.790014
v -0.128856 0.616284 -0.667941
v 0.128856 0.616284 -0.702301
v -0.565184 0.488074 -0.760593
v -0.351912 0.488074 -0.786428
v -0.176413 0.488074 -0.790014
v -0.128856 0.488074 -0.667941
v -0.748917 0.488074 -0.722698
v 0.176413 0.482328 -0.713571
v 0.351912 0.482328 -0.709985
v 0.128856 0.332154 -0.625858
v 0.565184 0.482328 -0.684150
v 0.748917 0.481976 -0.646255
v -0.503861 1.082915 -0.311910
v -0.480987 1.034407 -0.285519
v -0.425764 1.014314 -0.274588
v -0.370542 1.034407 -0.285519
v -0.347668 1.082915 -0.311910
v -0.370542 1.131423 -0.338302
v -0.425764 1.151516 -0.349233
v -0.480987 1.131423 -0.338302
v -0.398656 1.069894 -0.335843
v -0.406596 1.053057 -0.326682
v -0.406596 0.741258 -0.899785
v -0.398656 0.758095 -0.908945
v -0.444933 1.053057 -0.326682
v -0.425764 1.046083 -0.322888
v -0.425764 1.001293 -0.298520
v -0.480987 1.021386 -0.309451
v -0.452872 1.069894 -0.335843
v -0.503861 1.069895 -0.335843
v -0.444933 1.086732 -0.345003
v -0.480987 1.118403 -0.362234
v -0.425764 1.138496 -0.373165
v -0.370542 1.118403 -0.362234
v -0.347668 1.069895 -0.335843
v -0.370542 1.021386 -0.309451
v -0.425764 1.093706 -0.348798
v -0.406596 1.086732 -0.345003
v -0.406596 0.774933 -0.918106
v -0.425764 0.781907 -0.921900
v -0.444933 0.774933 -0.918106
v -0.452872 0.758095 -0.908945
v -0.444933 0.741258 -0.899785
v -0.425764 0.734283 -0.895991
v -0.432392 1.039413 -0.294877
v -0.432392 1.031053 -0.310244
v -0.432392 0.901240 -0.241330
v -0.432392 0.909600 -0.225963
v -0.419136 1.031053 -0.310244
v -0.419136 0.901240 -0.241330
v -0.419136 1.039413 -0.294877
v -0.419136 0.909600 -0.225963
v -0.082736 0.711235 -0.359955
v 0.049604 0.432680 -0.421828
v 0.048163 0.428765 -0.406277
v -0.084781 0.746983 -0.332989
v -0.094787 0.741242 -0.337453
v 0.059939 0.432791 -0.399470
v -0.057925 0.717261 -0.348461
v 0.071278 0.439906 -0.408415
v -0.066081 0.719719 -0.366391
v 0.061693 0.439064 -0.425613
v -0.066513 0.758609 -0.344970
v -0.108659 0.744639 -0.363047
v -0.081903 0.761645 -0.375728
v -0.084892 0.784944 -0.356077
v -0.114206 0.769825 -0.348652
v 0.086778 0.645125 -0.253408
v 0.080702 0.388057 -0.429944
v 0.087631 0.395267 -0.440006
v 0.061729 0.654451 -0.261752
v 0.064875 0.400757 -0.447668
v 0.061923 0.391538 -0.434802
v 0.074883 0.673311 -0.223274
v 0.063391 0.674275 -0.227749
v 0.080407 0.657801 -0.267293
v 0.078527 0.403001 -0.450799
v 0.096344 0.680967 -0.232930
v 0.052228 0.693126 -0.247216
v 0.083652 0.702274 -0.256951
v 0.090722 0.714323 -0.229698
v 0.057769 0.709916 -0.223557
v 0.086847 0.654265 -0.358987
v -0.001875 0.359405 -0.294791
v -0.001142 0.355975 -0.310504
v 0.081989 0.690395 -0.385069
v 0.092990 0.685988 -0.381523
v -0.013845 0.358482 -0.316298
v 0.060632 0.657068 -0.368420
v -0.025300 0.363852 -0.306340
v 0.069762 0.660313 -0.351095
v -0.014375 0.364033 -0.289939
v 0.063324 0.699248 -0.371444
v 0.108238 0.690811 -0.356963
v 0.080523 0.703836 -0.341859
v 0.078832 0.727642 -0.361052
v 0.109232 0.716747 -0.371058
v -0.117083 0.446771 -0.320596
v -0.117083 0.560760 0.122520
v -0.117083 0.446771 0.053149
v -0.667137 0.560760 0.122520
v -0.667137 0.446771 0.053149
v -0.667137 0.694821 -0.179709
v -0.117083 0.694821 -0.179709
v -0.117083 0.713376 -0.320596
v -0.667137 0.713376 -0.320596
v -0.667137 0.446771 -0.320596
v -0.667137 1.011749 0.238951
v -0.117083 1.011749 0.238951
v -0.117083 0.770055 0.072304
v -0.667137 0.995155 0.394368
v -0.667137 0.723398 0.190759
v -0.117083 0.723398 0.190759
v -0.667137 0.770055 0.072304
v -0.667137 0.573099 0.121156
v -0.117083 0.573099 0.121156
v -0.667137 0.605473 0.044555
v -0.117083 0.605473 0.044555
v -0.117083 0.995155 0.394368
v -0.530793 1.007295 0.396511
v -0.530793 1.131419 0.256592
v -0.530793 1.068812 0.274920
v -0.530793 1.006395 0.279566
v -0.253427 1.136838 0.312561
v -0.253427 1.006755 0.396632
v -0.253427 1.006394 0.279580
v -0.530793 1.071448 0.378482
v -0.530793 1.133978 0.339618
v -0.253427 1.128579 0.345284
v -0.253427 1.071448 0.378482
v -0.253427 1.131419 0.256592
v -0.253427 1.068812 0.274920
v 0.544510 0.623634 1.049019
v 0.544510 0.645470 1.062308
v -0.544510 0.645470 1.062308
v -0.544510 0.623634 1.049019
v -0.544510 0.588799 0.559738
v -0.544510 0.711922 0.534556
v -0.544510 0.662303 0.534482
v 0.544510 0.662303 0.534482
v -0.544510 0.592326 1.040601
v -0.544510 0.656746 1.036887
v -0.544510 0.734778 0.713728
v 0.544510 0.711602 0.534799
v 0.544510 0.592262 1.040789
v 0.544510 0.588618 0.559611
v 0.544510 0.656746 1.036887
v 0.544510 0.734778 0.713728
v -0.544510 1.180350 1.205611
v -0.544510 1.195968 1.123319
v -0.544510 0.808416 1.010493
v -0.544510 1.171616 1.106528
v 0.544510 1.171616 1.106528
v 0.544510 1.152762 1.198189
v -0.544510 0.790529 1.106573
v 0.544510 0.690697 0.983308
v -0.544510 0.690410 0.983838
v 0.544510 1.180144 1.207516
v 0.544510 1.195968 1.123319
v -0.544510 0.657809 1.060944
v 0.544510 0.657052 1.062883
v -0.544510 0.677702 1.070156
v 0.544510 0.808414 1.010493
v 0.544510 0.790527 1.106572
v 0.667137 0.560760 0.122520
v 0.667137 0.446771 -0.320596
v 0.667137 0.713376 -0.320596
v 0.117083 0.446771 -0.320596
v 0.117083 0.713376 -0.320596
v 0.667137 0.694820 -0.179709
v 0.117083 0.694820 -0.179709
v 0.117083 0.560760 0.122520
v 0.667137 0.446771 0.053149
v 0.117083 0.446771 0.053149
v 0.667137 1.011749 0.238951
v 0.667137 0.770055 0.072303
v 0.117083 0.770055 0.072303
v 0.117083 1.011749 0.238951
v 0.117083 0.995155 0.394368
v 0.117083 0.723398 0.190759
v 0.667137 0.723398 0.190759
v 0.667137 0.995155 0.394368
v 0.117083 0.573099 0.121156
v 0.117083 0.605473 0.044555
v 0.667137 0.573099 0.121156
v 0.667137 0.605473 0.044555
v 0.253427 1.136838 0.312561
v 0.253427 1.128579 0.345284
v 0.530793 1.128579 0.345284
v 0.530793 1.136838 0.312561
v 0.530793 1.068812 0.274920
v 0.530793 1.131419 0.256592
v 0.253427 1.131419 0.256592
v 0.530793 1.071448 0.378481
v 0.530793 1.006830 0.396610
v 0.253427 1.006394 0.279580
v 0.253427 1.071448 0.378481
v 0.530793 1.006395 0.279566
v 0.253427 1.068812 0.274920
v 0.253427 1.007227 0.396531
v 0.783298 0.476514 0.082458
v -0.602043 0.476514 0.622930
v 0.602043 0.476514 0.622930
v -0.602043 0.616639 1.417475
v -0.819894 0.616639 1.417502
v -0.794398 0.616531 1.528367
v 0.787822 0.616593 1.523926
v -0.602043 0.630283 0.950344
v -0.722169 0.612804 1.669696
v -0.466208 0.476514 -0.757101
v -0.000000 0.476514 -0.767957
v -0.783298 0.476514 -0.757101
v -0.783298 0.476514 0.622930
v 0.783298 0.476514 0.622930
v 0.722169 0.612804 1.669696
v 0.602043 0.630916 0.951741
v -0.602043 0.632843 1.079904
v -0.602043 0.636920 1.410975
v 0.602043 0.616639 1.417475
v 0.815967 0.616639 1.417532
v 0.602043 0.636920 1.410975
v 0.466208 0.476514 -0.757101
v 0.783298 0.476514 -0.757101
v -0.546677 0.870586 1.779189
v -0.544673 0.802219 1.782702
v -0.642048 0.802477 1.762340
v -0.618059 0.874391 1.768508
v -0.641503 0.894476 1.755226
v -0.263923 0.802222 1.799298
v -0.263664 0.869691 1.796688
v -0.574427 0.898457 1.754927
v -0.569464 1.085837 1.658364
v -0.544057 1.051912 1.676233
v -0.526923 1.410342 1.477877
v -0.544484 1.454045 1.436780
v -0.500343 1.435167 1.465718
v -0.633565 1.081978 1.662705
v -0.615437 1.057265 1.679409
v -0.508229 1.462236 1.442925
v -0.491575 1.482849 1.434168
v -0.000000 0.871513 1.798463
v 0.000000 1.470545 1.450480
v -0.550100 1.243060 1.570275
v -0.566530 1.364627 1.486514
v -0.594076 1.085372 1.657442
v -0.597099 1.386194 1.468856
v -0.582873 1.438545 1.439301
v -0.000000 1.480685 1.437739
v -0.000000 1.446681 1.474921
v -0.002468 1.086374 1.676920
v -0.000000 0.892999 1.777347
v -0.000000 0.802207 1.801766
v 0.546677 0.870586 1.779189
v 0.618059 0.874391 1.768508
v 0.642048 0.802477 1.762340
v 0.544673 0.802219 1.782702
v 0.641502 0.894476 1.755226
v 0.263923 0.802222 1.799298
v 0.263664 0.869691 1.796688
v 0.574427 0.898457 1.754927
v 0.544057 1.051912 1.676233
v 0.569558 1.086213 1.659126
v 0.526923 1.410342 1.477877
v 0.500343 1.435167 1.465718
v 0.544484 1.454044 1.436780
v 0.615437 1.057265 1.679409
v 0.633565 1.081977 1.662705
v 0.508229 1.462236 1.442925
v 0.491575 1.482849 1.434168
v 0.566530 1.364627 1.486514
v 0.550100 1.243059 1.570275
v 0.594076 1.085372 1.657442
v 0.582873 1.438545 1.439301
v 0.597099 1.386194 1.468856
v -0.700071 1.267405 -0.311931
v -0.692202 1.300631 -0.353662
v -0.666932 1.385881 -0.279486
v -0.677263 1.348534 -0.244401
v -0.648795 1.447755 -0.037455
v -0.637409 1.477706 -0.141838
v -0.636488 1.509602 0.437359
v -0.656394 1.456268 0.386886
v -0.663614 1.433756 0.436699
v -0.740315 1.090846 0.385536
v -0.744469 1.077202 0.436635
v -0.806131 1.028577 0.453191
v -0.801772 1.021092 0.375564
v -0.795196 0.998971 -0.464475
v -0.772667 1.035663 -0.527100
v -0.782159 1.028117 -0.458806
v -0.752753 1.048082 -0.443302
v -0.730989 1.078016 -0.497131
v -0.734277 1.076155 -0.432051
v -0.717999 1.150918 -0.454943
v -0.657201 1.421195 -0.165443
v -0.647968 1.455037 -0.206680
v -0.774215 1.044521 0.204054
v -0.744951 1.073771 0.212161
v -0.811630 0.908462 0.457236
v -0.810475 0.907512 -0.548726
v -0.806565 0.974266 -0.545700
v -0.744035 1.093151 0.242699
v -0.806148 0.902370 -0.548956
v -0.808195 0.947883 0.239418
v -0.801890 0.993155 0.199128
v -0.810740 0.848904 -0.549715
v -0.806719 0.852835 -0.549555
v -0.807699 0.852714 0.456530
v -0.812219 0.848522 0.456790
v -0.806785 0.902279 0.456525
v 0.700071 1.267405 -0.311931
v 0.677263 1.348534 -0.244401
v 0.666932 1.385881 -0.279486
v 0.692202 1.300631 -0.353662
v 0.648795 1.447755 -0.037455
v 0.656394 1.456268 0.386886
v 0.636488 1.509602 0.437359
v 0.637409 1.477706 -0.141838
v 0.740315 1.090846 0.385536
v 0.663614 1.433756 0.436699
v 0.744469 1.077203 0.436635
v 0.801771 1.021092 0.375564
v 0.806131 1.028577 0.453191
v 0.795196 0.998971 -0.464474
v 0.782159 1.028117 -0.458806
v 0.772667 1.035662 -0.527100
v 0.752753 1.048082 -0.443302
v 0.734277 1.076155 -0.432051
v 0.730989 1.078016 -0.497131
v 0.717999 1.150917 -0.454943
v 0.657201 1.421195 -0.165443
v 0.647968 1.455037 -0.206680
v 0.744951 1.073771 0.212156
v 0.774215 1.044521 0.204051
v 0.811630 0.908462 0.457236
v 0.806565 0.974266 -0.545700
v 0.810475 0.907512 -0.548726
v 0.812219 0.848522 0.456790
v 0.744035 1.093151 0.242702
v 0.806148 0.902370 -0.548956
v 0.810740 0.848904 -0.549715
v 0.807699 0.852714 0.456530
v 0.806719 0.852835 -0.549555
v 0.801890 0.993155 0.199128
v 0.808195 0.947883 0.239420
v 0.806785 0.902279 0.456525
v 0.808460 0.848109 0.845902
v 0.808924 0.848986 0.455550
v 0.810305 0.730596 0.903888
v -0.773612 1.032799 -0.574378
v -0.713494 1.087513 -0.519845
v -0.731932 1.076692 -0.494124
v -0.810305 0.730596 0.903888
v -0.808924 0.848986 0.455550
v -0.808460 0.848109 0.845893
v -0.775067 1.046273 1.287911
v -0.782284 1.042698 0.437947
v -0.745473 1.067432 0.498492
v -0.744406 1.067594 1.409804
v -0.737311 0.803136 1.644389
v -0.714667 0.802833 1.707750
v -0.713366 0.528971 1.688380
v -0.698391 1.167315 1.414654
v -0.721758 1.169910 1.278017
v -0.697779 1.274678 1.244649
v -0.677109 1.281345 1.359860
v -0.675024 1.372512 1.205571
v -0.656834 1.389054 1.309754
v -0.661056 1.412883 1.185767
v -0.654633 1.391713 1.337527
v -0.794041 0.795580 1.435917
v -0.807829 0.848530 1.280591
v -0.782237 0.848626 1.496624
v -0.273294 1.545547 1.240612
v -0.542845 1.509581 1.342403
v -0.547033 1.538046 1.182240
v -0.659902 1.437970 0.436938
v -0.657647 1.436684 0.499271
v -0.737980 1.097308 0.499602
v -0.744978 1.073521 0.436853
v -0.809980 0.716459 1.337307
v -0.810349 0.694396 1.257266
v -0.810349 0.731243 1.172431
v -0.705231 1.021183 1.652710
v -0.725143 1.030934 1.622027
v -0.704639 1.069927 1.607441
v -0.695972 1.165015 1.456637
v -0.723444 1.075350 1.521373
v -0.612180 1.482765 1.332023
v -0.631984 1.453200 1.358749
v -0.634195 1.496732 1.153096
v -0.610060 1.514737 1.173075
v -0.588003 1.525555 1.176928
v -0.735564 1.096375 1.287364
v -0.607952 1.528190 0.828706
v -0.608432 1.539683 0.456679
v -0.584101 1.553939 0.472919
v -0.630887 1.501997 0.829312
v -0.627505 1.506928 0.495725
v -0.633948 1.487997 0.088338
v -0.622527 1.506083 -0.159888
v -0.633814 1.506694 0.436933
v -0.545184 1.548226 0.080391
v -0.596074 1.517908 -0.173414
v -0.545458 1.536898 -0.152656
v -0.273123 1.577389 0.074100
v -0.273102 1.561981 -0.163946
v -0.626272 1.486838 -0.226203
v -0.273172 1.533793 -0.210396
v -0.000000 1.545614 -0.222181
v -0.000000 1.568035 -0.175781
v -0.579717 1.497882 -0.242563
v -0.000000 1.520037 -0.271303
v -0.638740 1.476414 -0.140395
v -0.648998 1.452607 -0.205061
v -0.619015 1.403290 -0.317876
v -0.658064 1.386127 -0.310038
v -0.678593 1.310712 -0.367452
v -0.672878 1.143100 -0.515280
v -0.698795 1.185851 -0.456067
v -0.718505 1.156898 -0.445570
v -0.578560 1.435797 1.443402
v -0.640805 1.409011 1.414506
v -0.608919 1.460635 1.386857
v -0.693767 1.298802 -0.350073
v -0.668036 1.384216 -0.277646
v -0.594282 1.378034 1.476004
v -0.273509 1.499133 1.399073
v -0.273652 1.477763 1.442993
v -0.530630 1.452381 1.441550
v -0.544466 1.487595 1.397270
v -0.685670 1.189145 1.547664
v -0.630479 1.052774 1.681976
v -0.729258 0.906241 1.664329
v -0.716214 0.901058 1.699342
v -0.797426 0.644532 1.477291
v -0.808100 0.659795 1.421872
v -0.765297 0.851332 1.564139
v -0.761597 0.903891 1.566833
v -0.808213 0.473167 1.464379
v -0.807106 0.586386 1.465535
v -0.783440 0.597805 1.523753
v -0.810398 0.472152 1.417142
v -0.810220 0.592598 1.394886
v -0.661254 1.342361 1.371328
v -0.636922 0.899184 1.754384
v -0.273197 1.558061 1.158641
v -0.000000 1.572275 1.162039
v -0.273162 1.580383 0.830500
v -0.276559 1.590554 0.464536
v 0.000000 1.595382 0.465930
v -0.000000 1.589084 0.831261
v -0.685894 1.193731 1.446846
v -0.783767 1.029065 1.431875
v -0.810898 0.751392 1.036172
v -0.806430 1.028302 1.290455
v -0.802772 1.027808 0.973375
v -0.670934 1.087268 -0.562928
v -0.546055 1.521742 -0.199347
v -0.545387 1.552782 0.829776
v -0.545418 1.567160 0.462648
v -0.000000 1.587691 0.067799
v -0.000000 1.533450 1.350636
v -0.000000 1.511408 1.400403
v -0.000000 1.478436 1.442366
v -0.767276 1.028586 1.504039
v -0.807095 1.027894 0.453156
v -0.806234 0.914021 0.761643
v -0.807266 0.908645 0.456332
v -0.807056 0.907459 1.292427
v -0.778016 0.905442 1.496829
v -0.780696 0.852721 1.484361
v -0.804269 0.852651 1.292067
v -0.802853 0.902257 1.294704
v -0.805165 0.852757 0.455321
v -0.803780 0.902261 0.455322
v -0.671507 1.267873 1.406669
v -0.655670 1.427875 1.157769
v -0.656676 1.432190 0.821731
v -0.717574 0.475619 1.666051
v -0.639241 0.802247 1.764112
v 0.773612 1.032799 -0.574378
v 0.731932 1.076692 -0.494124
v 0.713494 1.087513 -0.519844
v 0.775066 1.046273 1.287913
v 0.744406 1.067594 1.409805
v 0.745473 1.067432 0.498491
v 0.782283 1.042698 0.437947
v 0.737311 0.803137 1.644389
v 0.713366 0.528971 1.688380
v 0.714667 0.802833 1.707750
v 0.698391 1.167315 1.414654
v 0.677109 1.281344 1.359861
v 0.697778 1.274680 1.244649
v 0.721758 1.169909 1.278017
v 0.656834 1.389054 1.309754
v 0.675023 1.372513 1.205570
v 0.654401 1.394415 1.336953
v 0.661056 1.412883 1.185767
v 0.794042 0.795580 1.435916
v 0.782237 0.848626 1.496624
v 0.807829 0.848530 1.280591
v 0.619487 1.431152 1.381581
v 0.630488 1.463820 1.325734
v 0.273294 1.545547 1.240612
v 0.547033 1.538046 1.182240
v 0.545247 1.508901 1.342643
v 0.273346 1.521054 1.346611
v 0.659902 1.437971 0.436938
v 0.744978 1.073521 0.436853
v 0.737980 1.097308 0.499602
v 0.657647 1.436684 0.499271
v 0.578560 1.435797 1.443402
v 0.530630 1.452381 1.441550
v 0.544466 1.461957 1.397270
v 0.809980 0.716457 1.337309
v 0.810349 0.731243 1.172431
v 0.810349 0.694396 1.257266
v 0.705231 1.021182 1.652710
v 0.704639 1.069926 1.607441
v 0.725143 1.030935 1.622027
v 0.695972 1.165015 1.456637
v 0.723444 1.075350 1.521373
v 0.611940 1.482743 1.332611
v 0.610060 1.514737 1.173075
v 0.634195 1.496732 1.153096
v 0.588003 1.525554 1.176928
v 0.735564 1.096375 1.287364
v 0.607952 1.528190 0.828706
v 0.584101 1.553939 0.472917
v 0.608432 1.539683 0.456679
v 0.627505 1.506928 0.495725
v 0.630887 1.501997 0.829312
v 0.633948 1.487997 0.088338
v 0.633814 1.506694 0.436933
v 0.622527 1.506083 -0.159889
v 0.545184 1.548226 0.080391
v 0.545458 1.536898 -0.152656
v 0.596074 1.517908 -0.173414
v 0.273123 1.577389 0.074100
v 0.273102 1.561981 -0.163946
v 0.626272 1.486838 -0.226203
v 0.273172 1.533793 -0.210396
v 0.579717 1.497882 -0.242563
v 0.638740 1.476414 -0.140395
v 0.648998 1.452607 -0.205061
v 0.619015 1.403289 -0.317877
v 0.658064 1.386126 -0.310038
v 0.678594 1.310713 -0.367452
v 0.672878 1.143100 -0.515279
v 0.698795 1.185852 -0.456066
v 0.718505 1.156898 -0.445570
v 0.639633 1.414896 1.410833
v 0.693767 1.298802 -0.350073
v 0.668036 1.384216 -0.277646
v 0.594282 1.378034 1.476004
v 0.273509 1.499133 1.399073
v 0.273652 1.477763 1.442993
v 0.685670 1.189145 1.547665
v 0.630479 1.052774 1.681976
v 0.716213 0.901058 1.699342
v 0.729258 0.906242 1.664329
v 0.797426 0.644532 1.477291
v 0.808099 0.659795 1.421872
v 0.765298 0.851332 1.564139
v 0.761597 0.903890 1.566833
v 0.808213 0.473167 1.464378
v 0.783440 0.597806 1.523753
v 0.807106 0.586386 1.465535
v 0.810398 0.472151 1.417142
v 0.810220 0.592598 1.394886
v 0.661254 1.342361 1.371327
v 0.636922 0.899184 1.754384
v 0.273197 1.558061 1.158641
v 0.273162 1.580383 0.830500
v 0.276559 1.590554 0.464532
v 0.685894 1.193731 1.446846
v 0.783766 1.029065 1.431876
v 0.810898 0.751392 1.036172
v 0.802772 1.027808 0.973371
v 0.806430 1.028302 1.290454
v 0.670934 1.087268 -0.562928
v 0.546055 1.521742 -0.199347
v 0.545387 1.552782 0.829776
v 0.545418 1.567160 0.462645
v 0.767276 1.028586 1.504038
v 0.807095 1.027894 0.453156
v 0.807266 0.908645 0.456332
v 0.806234 0.914021 0.761663
v 0.807056 0.907459 1.292427
v 0.778016 0.905442 1.496829
v 0.780696 0.852721 1.484361
v 0.804269 0.852651 1.292067
v 0.802853 0.902257 1.294704
v 0.805165 0.852757 0.455321
v 0.803780 0.902261 0.455322
v 0.671507 1.267872 1.406669
v 0.656676 1.432190 0.821732
v 0.655670 1.427875 1.157769
v 0.717573 0.475619 1.666051
v 0.639241 0.802247 1.764112
v -0.165066 0.798793 1.804375
v -0.000000 0.790488 1.765806
v -0.264595 0.790325 1.772164
v -0.539170 0.798617 1.783612
v -0.642334 0.803988 1.765586
v -0.556283 0.788583 1.756693
v -0.647583 0.787495 1.749188
v -0.718356 0.803302 1.704068
v 0.249130 0.485118 1.662781
v -0.264640 0.485097 1.662668
v -0.230652 0.528095 1.733196
v -0.617244 0.484869 1.661976
v -0.539922 0.527856 1.723328
v -0.643697 0.527312 1.718537
v -0.680493 0.525872 1.713482
v -0.721367 0.482139 1.660139
v -0.678589 0.634208 1.721526
v -0.718793 0.532039 1.682007
v -0.264636 0.743638 1.759979
v -0.642026 0.634760 1.746956
v -0.539709 0.635031 1.755553
v -0.264604 0.634899 1.760397
v -0.000000 0.634793 1.758816
v -0.000000 0.743782 1.757438
v 0.264595 0.790325 1.772164
v 0.539170 0.798617 1.783612
v 0.556283 0.788583 1.756693
v 0.642334 0.803988 1.765586
v 0.647583 0.787495 1.749188
v 0.718356 0.803302 1.704068
v 0.264592 0.527981 1.732517
v 0.539922 0.527856 1.723328
v 0.617244 0.484869 1.661976
v 0.643697 0.527312 1.718537
v 0.680493 0.525872 1.713482
v 0.721367 0.482139 1.660139
v 0.718793 0.532039 1.682007
v 0.678589 0.634208 1.721526
v 0.264636 0.743638 1.759979
v 0.642026 0.634760 1.746956
v 0.539709 0.635031 1.755553
v 0.264604 0.634899 1.760397
v -0.810305 0.730596 0.903888
v -0.803776 0.447241 -0.551372
v -0.810501 0.449025 0.394325
v -0.787650 0.348198 0.433848
v -0.785702 0.346263 -0.569503
v -0.809176 0.426188 0.640145
v -0.810381 0.550866 0.445434
v -0.810349 0.507020 0.660592
v -0.785240 0.341303 0.630458
v -0.768003 0.299776 0.625733
v -0.767896 0.299654 -0.747748
v -0.805995 0.445236 -0.597466
v -0.811312 0.601522 -0.553762
v -0.805416 0.971148 -0.545872
v -0.811014 0.848650 -0.549862
v -0.811581 0.778703 -0.780614
v -0.809425 0.849550 -0.778245
v -0.811899 0.601542 -0.767187
v -0.786575 0.346854 -0.748572
v -0.805995 0.445236 -0.754462
v -0.810874 0.907949 -0.548513
v -0.806026 0.902043 -0.548908
v -0.808626 0.907033 -0.772220
v -0.807373 0.852499 -0.549710
v -0.803415 0.970773 -0.758934
v 0.810305 0.730596 0.903888
v 0.803776 0.447241 -0.551372
v 0.785929 0.347050 -0.570489
v 0.787650 0.348198 0.433852
v 0.810501 0.449025 0.394325
v 0.809176 0.426188 0.640145
v 0.810349 0.507020 0.660592
v 0.810381 0.550866 0.445434
v 0.785240 0.341303 0.630458
v 0.768002 0.299776 0.625733
v 0.767896 0.299654 -0.747748
v 0.805995 0.445236 -0.597466
v 0.811420 0.608760 -0.553749
v 0.805937 0.971131 -0.545895
v 0.786575 0.346854 -0.748572
v 0.811900 0.601542 -0.767187
v 0.805995 0.445236 -0.754462
v 0.806228 0.902522 -0.548895
v 0.810568 0.907305 -0.548548
v 0.807266 0.905651 -0.772435
v 0.810917 0.848812 -0.549859
v 0.811581 0.778703 -0.780614
v 0.810137 0.849211 -0.778269
v 0.807272 0.852634 -0.549709
v 0.803416 0.970773 -0.758934
v -0.426794 0.893422 -0.237107
v -0.424454 0.900743 -0.217386
v -0.502952 0.914202 -0.224708
v -0.504034 0.907488 -0.244760
v -0.569933 0.952722 -0.245665
v -0.569471 0.946084 -0.265758
v -0.614606 1.010996 -0.277370
v -0.612765 1.004006 -0.297271
v -0.630960 1.079838 -0.314823
v -0.627966 1.071943 -0.334233
v -0.615639 1.148792 -0.352338
v -0.611953 1.139791 -0.371146
v -0.571787 1.207628 -0.384349
v -0.568015 1.197271 -0.402418
v -0.505446 1.246870 -0.405698
v -0.502075 1.235301 -0.423109
v -0.427075 1.261235 -0.413514
v -0.424735 1.248654 -0.430374
v -0.348577 1.247777 -0.406192
v -0.347495 1.234589 -0.422721
v -0.281596 1.209257 -0.385234
v -0.282058 1.195992 -0.401723
v -0.236923 1.150982 -0.353530
v -0.238764 1.138070 -0.370210
v -0.220569 1.082141 -0.316076
v -0.223563 1.070134 -0.333248
v -0.235890 1.013187 -0.278561
v -0.239575 1.002285 -0.296335
v -0.279742 0.954350 -0.246551
v -0.283514 0.944805 -0.265063
v -0.346083 0.915109 -0.225202
v -0.349454 0.906775 -0.244372
v -0.554868 0.955453 -0.272209
v -0.494817 0.920969 -0.253447
v -0.424468 0.908951 -0.246909
v -0.427280 0.918453 -0.223305
v -0.498613 0.931643 -0.230481
v -0.558931 0.967457 -0.249966
v -0.609641 1.069331 -0.334165
v -0.594938 1.007647 -0.300605
v -0.598753 1.021091 -0.279146
v -0.612575 1.083881 -0.313307
v -0.556702 1.183876 -0.396484
v -0.595960 1.131127 -0.367785
v -0.597559 1.146540 -0.347397
v -0.556788 1.199524 -0.376224
v -0.427061 1.231990 -0.422660
v -0.497284 1.219074 -0.415633
v -0.495730 1.234505 -0.395255
v -0.424249 1.246646 -0.401860
v -0.296661 1.185487 -0.397360
v -0.356712 1.219972 -0.416122
v -0.352916 1.233455 -0.394684
v -0.292598 1.197641 -0.375199
v -0.241887 1.071609 -0.335404
v -0.256591 1.133293 -0.368964
v -0.252776 1.144008 -0.346019
v -0.238954 1.081218 -0.311858
v -0.294827 0.957064 -0.273085
v -0.255569 1.009814 -0.301784
v -0.253970 1.018558 -0.277768
v -0.294741 0.965574 -0.248942
v -0.354245 0.921866 -0.253936
v -0.355799 0.930594 -0.229910
v -0.471615 0.334645 1.183330
v -0.453689 0.333097 1.145823
v -0.471315 0.319428 1.182489
v -0.448880 0.324008 1.168785
v -0.440173 0.335364 1.142146
v -0.445524 0.323030 1.126781
v -0.453450 0.328083 1.093466
v -0.470774 0.336669 1.096852
v -0.466948 0.339812 1.083667
v -0.509515 0.331280 1.083213
v -0.515878 0.332720 1.070136
v -0.529582 0.345749 1.081065
v -0.552831 0.334901 1.113662
v -0.567345 0.337382 1.112964
v -0.563778 0.349902 1.130333
v -0.548168 0.338550 1.166823
v -0.555685 0.342064 1.179170
v -0.538356 0.354017 1.184014
v -0.499447 0.342228 1.189667
v -0.489651 0.348301 1.201836
v -0.479894 0.358041 1.185850
v -0.454818 0.345938 1.158763
v -0.439813 0.352968 1.156232
v -0.449344 0.361883 1.139332
v -0.459096 0.349682 1.104147
v -0.454198 0.357638 1.090198
v -0.474219 0.365679 1.090226
v -0.508893 0.353463 1.080085
v -0.518503 0.362306 1.069450
v -0.528606 0.369433 1.087379
v -0.555253 0.357282 1.111234
v -0.568715 0.366970 1.114578
v -0.557867 0.373145 1.132646
v -0.555465 0.361177 1.166582
v -0.552347 0.373222 1.182575
v -0.533459 0.376817 1.180106
v -0.503507 0.365269 1.195926
v -0.487678 0.377891 1.200300
v -0.480650 0.380452 1.182605
v -0.451477 0.369394 1.165534
v -0.440405 0.382537 1.153164
v -0.452372 0.384053 1.138484
v -0.451555 0.373554 1.104688
v -0.455211 0.388549 1.095353
v -0.476278 0.387621 1.092326
v -0.490426 0.379682 1.070123
v -0.516977 0.381517 1.085907
v -0.519083 0.394242 1.077378
v -0.554683 0.384334 1.090782
v -0.554472 0.384128 1.119248
v -0.563022 0.397240 1.113626
v -0.555483 0.395277 1.140520
v -0.568192 0.397618 1.157416
v -0.556069 0.385151 1.167842
v -0.525737 0.398738 1.182078
v -0.518160 0.401963 1.201326
v -0.502604 0.389300 1.197131
v -0.475130 0.402182 1.177226
v -0.455138 0.406271 1.180630
v -0.449864 0.393492 1.165239
v -0.453999 0.405612 1.131217
v -0.441096 0.410551 1.116041
v -0.451064 0.397727 1.102960
v -0.483069 0.409034 1.089952
v -0.475599 0.406809 1.075958
v -0.535435 0.406317 1.078310
v -0.506462 0.416783 1.073126
v -0.533259 0.412450 1.094325
v -0.569993 0.410732 1.133532
v -0.559241 0.421063 1.106405
v -0.554705 0.415864 1.139873
v -0.548447 0.411507 1.179430
v -0.556744 0.425333 1.168398
v -0.526110 0.419280 1.181332
v -0.526768 0.423157 1.198479
v -0.488240 0.415839 1.196137
v -0.466270 0.430780 1.188465
v -0.475816 0.422699 1.177456
v -0.443502 0.420197 1.151883
v -0.440171 0.435049 1.128784
v -0.453830 0.426127 1.131906
v -0.459713 0.424581 1.090639
v -0.478671 0.439279 1.076960
v -0.482281 0.429567 1.089854
v -0.521273 0.428990 1.074033
v -0.538488 0.444500 1.084209
v -0.533182 0.433022 1.093373
v -0.563670 0.433160 1.105156
v -0.557694 0.446513 1.120316
v -0.555794 0.436498 1.139455
v -0.567149 0.445951 1.160285
v -0.548909 0.436222 1.180532
v -0.532385 0.452555 1.189449
v -0.526102 0.438791 1.185014
v -0.500062 0.450824 1.187655
v -0.500703 0.442423 1.203023
v -0.469272 0.444214 1.174061
v -0.463704 0.454924 1.185544
v -0.441152 0.446892 1.152788
v -0.442952 0.460046 1.130068
v -0.453258 0.447805 1.124296
v -0.457645 0.451435 1.089377
v -0.478315 0.464141 1.080365
v -0.488686 0.451430 1.085239
v -0.521033 0.456003 1.071700
v -0.538529 0.468215 1.085536
v -0.540689 0.455091 1.096558
v -0.568365 0.460596 1.117786
v -0.561808 0.472125 1.134652
v -0.556968 0.458791 1.147776
v -0.564593 0.467287 1.165322
v -0.529204 0.469655 1.181408
v -0.527901 0.461925 1.193111
v -0.525868 0.476828 1.193872
v -0.470322 0.468656 1.193145
v -0.474120 0.478264 1.179512
v 0.471615 0.334645 1.183330
v 0.471315 0.319428 1.182489
v 0.453689 0.333097 1.145823
v 0.448880 0.324008 1.168785
v 0.440173 0.335364 1.142146
v 0.445524 0.323030 1.126781
v 0.453450 0.328083 1.093466
v 0.470774 0.336669 1.096852
v 0.466948 0.339812 1.083667
v 0.509515 0.331280 1.083213
v 0.515878 0.332720 1.070136
v 0.529582 0.345749 1.081065
v 0.552831 0.334901 1.113662
v 0.567345 0.337382 1.112964
v 0.563778 0.349902 1.130333
v 0.548168 0.338550 1.166823
v 0.555685 0.342064 1.179170
v 0.538356 0.354017 1.184014
v 0.499447 0.342228 1.189667
v 0.489651 0.348301 1.201836
v 0.479894 0.358041 1.185850
v 0.454818 0.345938 1.158763
v 0.439813 0.352968 1.156232
v 0.449344 0.361883 1.139332
v 0.459096 0.349682 1.104147
v 0.454198 0.357638 1.090198
v 0.474219 0.365679 1.090226
v 0.508893 0.353463 1.080085
v 0.518503 0.362306 1.069450
v 0.528606 0.369433 1.087379
v 0.555253 0.357282 1.111234
v 0.568715 0.366970 1.114578
v 0.557867 0.373145 1.132646
v 0.555465 0.361177 1.166582
v 0.552347 0.373222 1.182575
v 0.533459 0.376817 1.180106
v 0.503507 0.365269 1.195926
v 0.487678 0.377891 1.200300
v 0.480650 0.380452 1.182605
v 0.451477 0.369394 1.165534
v 0.440405 0.382537 1.153164
v 0.452372 0.384053 1.138484
v 0.451555 0.373554 1.104688
v 0.455211 0.388549 1.095353
v 0.476278 0.387621 1.092326
v 0.490426 0.379682 1.070123
v 0.516977 0.381517 1.085907
v 0.519083 0.394242 1.077378
v 0.554683 0.384334 1.090782
v 0.554472 0.384128 1.119248
v 0.563022 0.397240 1.113626
v 0.555483 0.395277 1.140520
v 0.568192 0.397618 1.157416
v 0.556069 0.385151 1.167842
v 0.525737 0.398738 1.182078
v 0.518160 0.401963 1.201326
v 0.502604 0.389300 1.197131
v 0.475130 0.402182 1.177226
v 0.455138 0.406271 1.180630
v 0.449864 0.393492 1.165239
v 0.453999 0.405612 1.131217
v 0.441096 0.410551 1.116041
v 0.451064 0.397727 1.102960
v 0.483069 0.409034 1.089952
v 0.475599 0.406809 1.075958
v 0.535435 0.406317 1.078310
v 0.506462 0.416783 1.073126
v 0.533259 0.412450 1.094325
v 0.569993 0.410732 1.133532
v 0.559241 0.421063 1.106405
v 0.554705 0.415864 1.139873
v 0.548447 0.411507 1.179430
v 0.556744 0.425333 1.168398
v 0.526110 0.419280 1.181332
v 0.526768 0.423157 1.198479
v 0.488240 0.415839 1.196137
v 0.466270 0.430780 1.188465
v 0.475816 0.422699 1.177456
v 0.443502 0.420197 1.151883
v 0.440171 0.435049 1.128784
v 0.453830 0.426127 1.131906
v 0.459713 0.424581 1.090639
v 0.478671 0.439279 1.076960
v 0.482281 0.429567 1.089854
v 0.521273 0.428990 1.074033
v 0.538488 0.444500 1.084209
v 0.533182 0.433022 1.093373
v 0.563670 0.433160 1.105156
v 0.557694 0.446513 1.120316
v 0.555794 0.436498 1.139455
v 0.567149 0.445951 1.160285
v 0.548909 0.436222 1.180532
v 0.532385 0.452555 1.189449
v 0.526102 0.438791 1.185014
v 0.500062 0.450824 1.187655
v 0.500703 0.442423 1.203023
v 0.469272 0.444214 1.174061
v 0.463704 0.454924 1.185544
v 0.441152 0.446892 1.152788
v 0.442952 0.460046 1.130068
v 0.453258 0.447805 1.124296
v 0.457645 0.451435 1.089377
v 0.478315 0.464141 1.080365
v 0.488686 0.451430 1.085239
v 0.521033 0.456003 1.071700
v 0.538529 0.468215 1.085536
v 0.540689 0.455091 1.096558
v 0.568365 0.460596 1.117786
v 0.561808 0.472125 1.134652
v 0.556968 0.458791 1.147776
v 0.564593 0.467287 1.165322
v 0.529204 0.469655 1.181408
v 0.527901 0.461925 1.193111
v 0.525868 0.476828 1.193872
v 0.470322 0.468656 1.193145
v 0.474120 0.478264 1.179512
v -0.529365 0.438011 -1.377864
v -0.589818 0.442987 -1.352351
v -0.586363 0.484961 -1.352351
v -0.525909 0.479985 -1.377864
v -0.529365 0.438011 -1.203650
v -0.468911 0.433034 -1.229163
v -0.465456 0.475009 -1.229163
v -0.525909 0.479985 -1.203650
v -0.589818 0.442987 -1.229163
v -0.586363 0.484961 -1.229163
v -0.614859 0.445048 -1.290757
v -0.611404 0.487022 -1.290757
v -0.468872 0.433062 -1.352329
v -0.465713 0.475067 -1.352359
v -0.327606 0.460091 -1.226164
v -0.326914 0.460969 -1.349213
v -0.346271 0.426586 -1.226026
v -0.305556 0.234797 -1.182518
v -0.278331 0.271715 -1.182518
v -0.278337 0.271698 -1.305693
v -0.346788 0.425406 -1.349043
v 0.000000 0.237503 -1.182517
v 0.000000 0.237503 -1.056219
v -0.305556 0.234797 -1.056220
v -0.278331 0.271715 -1.056220
v -0.000000 0.258745 -1.056219
v -0.306063 0.233267 -1.244111
v -0.305556 0.234797 -1.305705
v 0.306063 0.233267 -1.244111
v 0.000000 0.235442 -1.244111
v 0.000000 0.237503 -1.305705
v 0.305556 0.234797 -1.305705
v -0.000060 0.258742 -1.305705
v 0.529365 0.438011 -1.377864
v 0.525909 0.479985 -1.377864
v 0.586363 0.484961 -1.352351
v 0.589818 0.442987 -1.352351
v 0.529365 0.438011 -1.203650
v 0.525909 0.479985 -1.203650
v 0.465456 0.475009 -1.229163
v 0.468911 0.433034 -1.229163
v 0.589818 0.442987 -1.229163
v 0.586363 0.484961 -1.229163
v 0.611404 0.487022 -1.290757
v 0.614859 0.445048 -1.290757
v 0.468881 0.433056 -1.352330
v 0.465748 0.475079 -1.352364
v 0.326914 0.460969 -1.349213
v 0.327606 0.460091 -1.226164
v 0.278331 0.271715 -1.182518
v 0.305556 0.234797 -1.182518
v 0.346271 0.426586 -1.226026
v 0.278337 0.271703 -1.305690
v 0.346788 0.425406 -1.349043
v 0.305556 0.234797 -1.056220
v 0.278331 0.271715 -1.056220
v -0.490832 0.277381 -1.228117
v -0.471883 0.269902 -1.267418
v -0.490462 0.258604 -1.229154
v -0.462778 0.264256 -1.246064
v -0.464231 0.280002 -1.285660
v -0.452034 0.278269 -1.278935
v -0.458637 0.263050 -1.297896
v -0.484877 0.274251 -1.328722
v -0.468417 0.269284 -1.339005
v -0.497043 0.284583 -1.343795
v -0.485072 0.283757 -1.351096
v -0.537599 0.273230 -1.351656
v -0.545449 0.275006 -1.367792
v -0.563137 0.289120 -1.344526
v -0.563615 0.289212 -1.358522
v -0.591047 0.277698 -1.314083
v -0.608957 0.280758 -1.314945
v -0.596621 0.293618 -1.288236
v -0.608974 0.294635 -1.294576
v -0.585294 0.282199 -1.248486
v -0.594569 0.286536 -1.233250
v -0.565023 0.298082 -1.231495
v -0.576351 0.300027 -1.223851
v -0.525175 0.286738 -1.220297
v -0.534512 0.292813 -1.205994
v -0.501048 0.306251 -1.225008
v -0.493792 0.295686 -1.215110
v -0.470106 0.291316 -1.258431
v -0.463018 0.298560 -1.243320
v -0.463351 0.310991 -1.282408
v -0.450393 0.301436 -1.283126
v -0.475384 0.295937 -1.325824
v -0.459288 0.304312 -1.323935
v -0.494045 0.315676 -1.343002
v -0.487337 0.307188 -1.354879
v -0.536831 0.300602 -1.355516
v -0.527069 0.310063 -1.367726
v -0.561155 0.320308 -1.346515
v -0.567903 0.312937 -1.359065
v -0.594036 0.305314 -1.317079
v -0.598972 0.315810 -1.331219
v -0.597262 0.324888 -1.290659
v -0.612022 0.318680 -1.291622
v -0.598613 0.311234 -1.247743
v -0.580766 0.313692 -1.244253
v -0.590451 0.324983 -1.229048
v -0.567144 0.329419 -1.232096
v -0.530981 0.316646 -1.208437
v -0.519165 0.318186 -1.222170
v -0.510653 0.330744 -1.207178
v -0.501980 0.333905 -1.229011
v -0.462742 0.322090 -1.247689
v -0.468697 0.322719 -1.264760
v -0.452321 0.336477 -1.265341
v -0.467087 0.338347 -1.283455
v -0.462637 0.327567 -1.326892
v -0.480373 0.327296 -1.330419
v -0.470590 0.343895 -1.336676
v -0.496585 0.342751 -1.340411
v -0.506063 0.337982 -1.366215
v -0.531593 0.331005 -1.364814
v -0.546806 0.335219 -1.348332
v -0.543934 0.349276 -1.363751
v -0.563940 0.350637 -1.345747
v -0.587144 0.343771 -1.348646
v -0.599479 0.336388 -1.325970
v -0.593073 0.338441 -1.307191
v -0.603623 0.354620 -1.314127
v -0.594320 0.352198 -1.280942
v -0.612756 0.349556 -1.269778
v -0.595044 0.339703 -1.247228
v -0.590490 0.359929 -1.238201
v -0.557615 0.356468 -1.229661
v -0.557559 0.355331 -1.208026
v -0.529071 0.344823 -1.211087
v -0.518637 0.365203 -1.212012
v -0.495169 0.360718 -1.235650
v -0.476570 0.361091 -1.224616
v -0.463992 0.349996 -1.250440
v -0.460704 0.370445 -1.261030
v -0.469095 0.364951 -1.292421
v -0.450217 0.366830 -1.302749
v -0.465473 0.355221 -1.327289
v -0.474551 0.375652 -1.335023
v -0.504965 0.369173 -1.343340
v -0.495747 0.366428 -1.360609
v -0.549805 0.361635 -1.359775
v -0.533831 0.378735 -1.364103
v -0.566897 0.373389 -1.337944
v -0.577815 0.372310 -1.354348
v -0.604460 0.366912 -1.307099
v -0.598957 0.384016 -1.323037
v -0.593360 0.377602 -1.281741
v -0.612995 0.378196 -1.279895
v -0.585639 0.372225 -1.232929
v -0.595876 0.389285 -1.246543
v -0.558075 0.381816 -1.230582
v -0.558888 0.386601 -1.209423
v -0.511346 0.377570 -1.212314
v -0.515859 0.396036 -1.217138
v -0.496016 0.386035 -1.235366
v -0.478482 0.392294 -1.224261
v -0.456142 0.382948 -1.266921
v -0.463765 0.400985 -1.266186
v -0.468886 0.390265 -1.291571
v -0.450961 0.397958 -1.300956
v -0.476145 0.388357 -1.342493
v -0.480527 0.405865 -1.334857
v -0.503992 0.394509 -1.343461
v -0.503220 0.403592 -1.363056
v -0.552106 0.393798 -1.362984
v -0.547665 0.410676 -1.354039
v -0.566802 0.398773 -1.339119
v -0.581557 0.411545 -1.347901
v -0.601609 0.403871 -1.331416
v -0.606002 0.397379 -1.306603
v -0.597048 0.415421 -1.305872
v -0.594704 0.403062 -1.282256
v -0.608735 0.416958 -1.274097
v -0.605279 0.409658 -1.248561
v -0.586209 0.402722 -1.231570
v -0.580074 0.420104 -1.239839
v -0.558066 0.405892 -1.226039
v -0.558813 0.422333 -1.214040
v -0.525934 0.420740 -1.222780
v -0.535507 0.415447 -1.203676
v -0.510790 0.408101 -1.211053
v -0.487941 0.412584 -1.239554
v -0.481070 0.425799 -1.225384
v -0.453243 0.415888 -1.265804
v -0.467480 0.429311 -1.268487
v -0.468181 0.417015 -1.300962
v -0.453487 0.431268 -1.299523
v -0.473594 0.421493 -1.344050
v -0.483865 0.433845 -1.332485
v -0.511897 0.421487 -1.349156
v -0.503624 0.436705 -1.360083
v -0.551811 0.427131 -1.365863
v -0.546868 0.438341 -1.350258
v -0.576065 0.426005 -1.335189
v -0.580621 0.442111 -1.346914
v -0.610215 0.432798 -1.308995
v -0.593483 0.442804 -1.305079
v -0.596153 0.430571 -1.271988
v -0.604438 0.448682 -1.273447
v -0.605561 0.441055 -1.250338
v -0.577961 0.447237 -1.242554
v -0.560286 0.434437 -1.216048
v -0.549476 0.443492 -1.227403
v -0.557777 0.452827 -1.215109
v -0.489256 0.439057 -1.224973
v -0.514187 0.446229 -1.207692
v -0.496106 0.448708 -1.237113
v -0.489776 0.458029 -1.224676
v 0.490832 0.277381 -1.228117
v 0.490462 0.258604 -1.229154
v 0.471883 0.269902 -1.267418
v 0.462778 0.264256 -1.246064
v 0.464231 0.280002 -1.285660
v 0.452034 0.278269 -1.278935
v 0.458637 0.263050 -1.297896
v 0.484877 0.274251 -1.328722
v 0.468417 0.269284 -1.339005
v 0.497043 0.284583 -1.343795
v 0.485072 0.283757 -1.351096
v 0.537599 0.273230 -1.351656
v 0.545449 0.275006 -1.367792
v 0.563137 0.289120 -1.344526
v 0.563615 0.289212 -1.358522
v 0.591047 0.277698 -1.314083
v 0.608957 0.280758 -1.314945
v 0.596621 0.293618 -1.288236
v 0.608974 0.294635 -1.294576
v 0.585294 0.282199 -1.248486
v 0.594569 0.286536 -1.233250
v 0.565023 0.298082 -1.231495
v 0.576351 0.300027 -1.223851
v 0.525175 0.286738 -1.220297
v 0.534512 0.292813 -1.205994
v 0.501048 0.306251 -1.225008
v 0.493792 0.295686 -1.215110
v 0.470106 0.291316 -1.258431
v 0.463018 0.298560 -1.243320
v 0.463351 0.310991 -1.282408
v 0.450393 0.301436 -1.283126
v 0.475384 0.295937 -1.325824
v 0.459288 0.304312 -1.323935
v 0.494045 0.315676 -1.343002
v 0.487337 0.307188 -1.354879
v 0.536831 0.300602 -1.355516
v 0.527069 0.310063 -1.367726
v 0.561155 0.320308 -1.346515
v 0.567903 0.312937 -1.359065
v 0.594036 0.305314 -1.317079
v 0.598972 0.315810 -1.331219
v 0.597262 0.324888 -1.290659
v 0.612022 0.318680 -1.291622
v 0.598613 0.311234 -1.247743
v 0.580766 0.313692 -1.244253
v 0.590451 0.324983 -1.229048
v 0.567144 0.329419 -1.232096
v 0.530981 0.316646 -1.208437
v 0.519165 0.318186 -1.222170
v 0.510653 0.330744 -1.207178
v 0.501980 0.333905 -1.229011
v 0.462742 0.322090 -1.247689
v 0.468697 0.322719 -1.264760
v 0.452321 0.336477 -1.265341
v 0.467087 0.338347 -1.283455
v 0.462637 0.327567 -1.326892
v 0.480373 0.327296 -1.330419
v 0.470590 0.343895 -1.336676
v 0.496585 0.342751 -1.340411
v 0.506063 0.337982 -1.366215
v 0.531593 0.331005 -1.364814
v 0.546806 0.335219 -1.348332
v 0.549404 0.350921 -1.358856
v 0.587144 0.343771 -1.348646
v 0.599479 0.336388 -1.325970
v 0.593073 0.338441 -1.307191
v 0.603623 0.354620 -1.314127
v 0.594320 0.352198 -1.280942
v 0.612756 0.349556 -1.269778
v 0.595044 0.339703 -1.247228
v 0.590490 0.359929 -1.238201
v 0.557615 0.356468 -1.229661
v 0.557559 0.355331 -1.208026
v 0.529071 0.344823 -1.211087
v 0.518637 0.365203 -1.212012
v 0.495169 0.360718 -1.235650
v 0.476570 0.361091 -1.224616
v 0.463992 0.349996 -1.250440
v 0.460704 0.370445 -1.261030
v 0.469095 0.364951 -1.292421
v 0.450217 0.366830 -1.302749
v 0.465473 0.355221 -1.327289
v 0.474551 0.375652 -1.335023
v 0.504965 0.369173 -1.343340
v 0.495747 0.366428 -1.360609
v 0.549805 0.361635 -1.359775
v 0.533831 0.378735 -1.364103
v 0.566897 0.373389 -1.337944
v 0.577815 0.372310 -1.354348
v 0.604460 0.366912 -1.307099
v 0.598957 0.384016 -1.323037
v 0.593360 0.377602 -1.281741
v 0.612995 0.378196 -1.279895
v 0.585639 0.372225 -1.232929
v 0.595876 0.389285 -1.246543
v 0.558075 0.381816 -1.230582
v 0.558888 0.386601 -1.209423
v 0.511346 0.377570 -1.212314
v 0.515859 0.396036 -1.217138
v 0.496016 0.386035 -1.235366
v 0.478482 0.392294 -1.224261
v 0.456142 0.382948 -1.266921
v 0.463765 0.400985 -1.266186
v 0.468886 0.390265 -1.291571
v 0.450961 0.397958 -1.300956
v 0.476145 0.388357 -1.342493
v 0.480527 0.405865 -1.334857
v 0.503992 0.394509 -1.343461
v 0.503220 0.403592 -1.363056
v 0.552106 0.393798 -1.362984
v 0.547665 0.410676 -1.354039
v 0.566802 0.398773 -1.339119
v 0.581557 0.411545 -1.347901
v 0.601609 0.403871 -1.331416
v 0.606002 0.397379 -1.306603
v 0.597048 0.415421 -1.305872
v 0.594704 0.403062 -1.282256
v 0.608735 0.416958 -1.274097
v 0.605279 0.409658 -1.248561
v 0.586209 0.402722 -1.231570
v 0.580074 0.420104 -1.239839
v 0.558066 0.405892 -1.226039
v 0.558813 0.422333 -1.214040
v 0.525934 0.420740 -1.222780
v 0.535507 0.415447 -1.203676
v 0.510790 0.408101 -1.211053
v 0.487941 0.412584 -1.239554
v 0.481070 0.425799 -1.225384
v 0.453243 0.415888 -1.265804
v 0.467480 0.429311 -1.268487
v 0.468181 0.417015 -1.300962
v 0.453487 0.431268 -1.299523
v 0.473594 0.421493 -1.344050
v 0.483865 0.433845 -1.332485
v 0.511897 0.421487 -1.349156
v 0.503624 0.436705 -1.360083
v 0.551811 0.427131 -1.365863
v 0.546868 0.438341 -1.350258
v 0.576065 0.426005 -1.335189
v 0.580621 0.442111 -1.346914
v 0.610215 0.432798 -1.308995
v 0.593483 0.442804 -1.305079
v 0.596153 0.430571 -1.271988
v 0.604438 0.448682 -1.273447
v 0.605561 0.441055 -1.250338
v 0.577961 0.447237 -1.242554
v 0.560286 0.434437 -1.216048
v 0.549476 0.443492 -1.227403
v 0.557777 0.452827 -1.215109
v 0.514187 0.446229 -1.207692
v 0.489256 0.439057 -1.224973
v 0.496106 0.448708 -1.237113
v 0.489776 0.458029 -1.224676
v -0.745709 0.386473 -1.174476
v -0.744246 0.373870 -1.202332
v -0.758641 0.361813 -1.151538
v -0.785247 0.376821 -1.140777
v -0.789423 0.331485 -1.131736
v -0.794657 0.329706 -1.098422
v -0.787987 0.396461 -1.113234
v -0.734542 0.331443 -1.221721
v -0.742885 0.321111 -1.214470
v -0.753847 0.295907 -1.152983
v -0.757566 0.314978 -1.158508
v -0.740152 0.425552 -1.217797
v -0.754670 0.433096 -1.164906
v -0.769351 0.263743 -1.134486
v -0.755345 0.249884 -1.186228
v -0.771773 0.393218 -1.108039
v -0.728697 0.324949 -1.272166
v -0.777827 0.319935 -1.095990
v -0.784125 0.292485 -1.156343
v -0.786517 0.265075 -1.136473
v -0.772455 0.282667 -1.200184
v -0.773072 0.249537 -1.188923
v -0.761250 0.307783 -1.237578
v -0.759497 0.261325 -1.235181
v -0.757074 0.353119 -1.246619
v -0.746133 0.323180 -1.277520
v -0.762372 0.392119 -1.222011
v -0.746315 0.390130 -1.265661
v -0.774042 0.401937 -1.178170
v -0.770493 0.435064 -1.171702
v -0.756769 0.427211 -1.222607
v -0.802049 0.353407 -1.138618
v -0.792589 0.286754 -1.183252
v -0.799810 0.310487 -1.146320
v -0.781618 0.295796 -1.224421
v -0.774123 0.374852 -1.238518
v -0.771177 0.331432 -1.247760
v -0.794606 0.390163 -1.161828
v -0.780898 0.399778 -1.203048
v -0.732116 0.396970 -1.256693
v -0.742129 0.265641 -1.238101
v -0.706478 0.498752 -1.172945
v -0.717170 0.332718 -1.154719
v -0.706843 0.347593 -1.190380
v -0.749657 0.402667 -1.031662
v -0.754528 0.342237 -1.019605
v -0.737948 0.453642 -1.064829
v -0.691628 0.485614 -1.231733
v -0.678435 0.450840 -1.281065
v -0.676873 0.277539 -1.314053
v -0.670721 0.337836 -1.325462
v -0.686969 0.226391 -1.280474
v -0.734916 0.194507 -1.113688
v -0.718484 0.181626 -1.171814
v -0.746305 0.229609 -1.063908
v -0.723695 0.487252 -1.114710
v -0.672240 0.398713 -1.314183
v -0.702849 0.192727 -1.230982
v -0.754304 0.281408 -1.031239
v -0.784423 0.342914 -1.027352
v -0.778889 0.403516 -1.039259
v -0.767856 0.454689 -1.072342
v -0.708289 0.452094 -1.289068
v -0.736451 0.499876 -1.180753
v -0.720791 0.487116 -1.239492
v -0.716750 0.227691 -1.288798
v -0.700350 0.339384 -1.334056
v -0.705915 0.278991 -1.322046
v -0.748318 0.182255 -1.180590
v -0.763982 0.195182 -1.121916
v -0.776346 0.230033 -1.072135
v -0.752927 0.488463 -1.122257
v -0.701305 0.400263 -1.322290
v -0.731828 0.194058 -1.239221
v -0.783467 0.282035 -1.039118
v 0.740266 0.391059 -1.160661
v 0.743611 0.361627 -1.157627
v 0.762284 0.374387 -1.199931
v 0.754944 0.362488 -1.121669
v 0.741663 0.378423 -1.099092
v 0.735383 0.326730 -1.092565
v 0.759255 0.422033 -1.132864
v 0.771449 0.375240 -1.238444
v 0.765729 0.325550 -1.216117
v 0.757432 0.287037 -1.220104
v 0.745400 0.308363 -1.169940
v 0.733752 0.320313 -1.154385
v 0.765126 0.247936 -1.178119
v 0.787037 0.260541 -1.224958
v 0.747910 0.262368 -1.131603
v 0.757251 0.434364 -1.170084
v 0.783397 0.416446 -1.234514
v 0.794109 0.357871 -1.269308
v 0.782819 0.285343 -1.254872
v 0.759268 0.250448 -1.205373
v 0.730289 0.266874 -1.134445
v 0.730866 0.397977 -1.114087
v 0.719642 0.325443 -1.099624
v 0.756255 0.296917 -1.136572
v 0.776444 0.280587 -1.186874
v 0.793334 0.305046 -1.222527
v 0.803312 0.302692 -1.256557
v 0.809826 0.354368 -1.262985
v 0.800152 0.350156 -1.231084
v 0.802733 0.403596 -1.238275
v 0.792905 0.389492 -1.207531
v 0.787730 0.431016 -1.198314
v 0.775837 0.400013 -1.165666
v 0.769500 0.350860 -1.118737
v 0.767174 0.307981 -1.126981
v 0.782059 0.283494 -1.161013
v 0.797617 0.290688 -1.201407
v 0.811182 0.327628 -1.222165
v 0.809187 0.370923 -1.215317
v 0.797899 0.395156 -1.179754
v 0.778745 0.388216 -1.140890
v 0.656306 0.348816 -1.054720
v 0.710809 0.352933 -1.183522
v 0.718019 0.323227 -1.204938
v 0.724608 0.358710 -1.214547
v 0.666184 0.409058 -1.065553
v 0.682332 0.459599 -1.097650
v 0.753027 0.488660 -1.256684
v 0.770029 0.452891 -1.304298
v 0.729611 0.502837 -1.200951
v 0.771742 0.279514 -1.335321
v 0.753811 0.229224 -1.303869
v 0.779896 0.339640 -1.346865
v 0.684955 0.199993 -1.144479
v 0.666463 0.235547 -1.097459
v 0.707180 0.185900 -1.200718
v 0.705757 0.492215 -1.144977
v 0.780358 0.400556 -1.335527
v 0.732378 0.196285 -1.256402
v 0.657611 0.287835 -1.065479
v 0.684676 0.346661 -1.042682
v 0.710719 0.457220 -1.085172
v 0.693843 0.406742 -1.053760
v 0.780703 0.487122 -1.244658
v 0.757816 0.500822 -1.188562
v 0.798432 0.451513 -1.292233
v 0.799661 0.277792 -1.323898
v 0.808703 0.338093 -1.335165
v 0.782673 0.227180 -1.292347
v 0.735690 0.183943 -1.189137
v 0.695136 0.233249 -1.085536
v 0.712764 0.197622 -1.132902
v 0.733327 0.490391 -1.132749
v 0.808179 0.399060 -1.323834
v 0.760191 0.194575 -1.244871
v 0.685379 0.285608 -1.053929
v -0.748125 0.386779 1.043505
v -0.753632 0.374287 1.016108
v -0.753632 0.361608 1.068757
v -0.777346 0.291517 1.069848
v -0.772166 0.266064 1.091076
v -0.773519 0.316867 1.124139
v -0.777410 0.330139 1.095371
v -0.777302 0.375441 1.086184
v -0.772110 0.362640 1.127365
v -0.772955 0.418178 1.087891
v -0.748125 0.314934 0.998922
v -0.753632 0.321638 1.003428
v -0.752752 0.314859 1.061206
v -0.746296 0.316680 1.093680
v -0.756294 0.288533 1.113049
v -0.756421 0.256125 1.001110
v -0.755898 0.409183 0.973610
v -0.755790 0.418171 1.091097
v -0.757102 0.433716 1.018211
v -0.756424 0.291392 0.956726
v -0.757211 0.361724 0.944027
v -0.757211 0.249553 1.056182
v -0.757208 0.357486 1.128992
v -0.777346 0.282325 1.024531
v -0.773253 0.249914 1.041090
v -0.777346 0.307868 0.985987
v -0.772956 0.265067 0.984295
v -0.777346 0.353184 0.976795
v -0.772556 0.323831 0.944057
v -0.777346 0.391728 1.002338
v -0.772956 0.393421 0.959537
v -0.777346 0.400921 1.047655
v -0.772556 0.433658 1.018301
v -0.792680 0.309305 1.082822
v -0.792034 0.294651 1.003516
v -0.790076 0.284453 1.046778
v -0.791742 0.331702 0.979593
v -0.792034 0.397872 1.025914
v -0.790076 0.374492 0.988113
v -0.792034 0.351801 1.092342
v -0.790076 0.389603 1.068963
v -0.744695 0.402721 1.182655
v -0.643209 0.402442 1.182923
v -0.643209 0.454131 1.148602
v -0.744795 0.454283 1.148236
v -0.744695 0.341973 1.195064
v -0.643209 0.341623 1.195204
v -0.744695 0.281191 1.182932
v -0.643209 0.280803 1.182924
v -0.639495 0.333796 1.047644
v -0.744695 0.229461 1.148750
v -0.643209 0.229114 1.148602
v -0.744695 0.194784 0.975661
v -0.643209 0.194792 0.975274
v -0.643209 0.182511 1.036093
v -0.744794 0.182664 1.036455
v -0.744672 0.228924 0.924003
v -0.643209 0.229114 0.923584
v -0.744695 0.402055 0.889254
v -0.643209 0.402442 0.889262
v -0.643209 0.341623 0.876981
v -0.744695 0.341272 0.877122
v -0.744672 0.453713 0.923394
v -0.643209 0.454131 0.923584
v -0.744694 0.488463 1.096518
v -0.643209 0.488453 1.096912
v -0.643209 0.500734 1.036093
v -0.744695 0.500593 1.035743
v -0.744695 0.195060 1.097192
v -0.643209 0.194792 1.096912
v -0.744695 0.280524 0.889530
v -0.643209 0.280803 0.889262
v -0.744695 0.488185 0.974994
v -0.643209 0.488453 0.975274
v -0.639628 0.350280 1.023374
v 0.748125 0.386779 1.043505
v 0.753632 0.361608 1.068757
v 0.753632 0.374287 1.016108
v 0.777427 0.341942 1.098190
v 0.772765 0.326725 1.127972
v 0.772765 0.266120 1.090527
v 0.777348 0.291593 1.069956
v 0.777434 0.399116 1.059545
v 0.772765 0.396056 1.111596
v 0.748125 0.314934 0.998922
v 0.753632 0.321638 1.003428
v 0.752752 0.314859 1.061206
v 0.746296 0.316680 1.093680
v 0.755951 0.433230 1.056277
v 0.755951 0.420671 0.985589
v 0.755951 0.361807 0.944486
v 0.755951 0.291119 0.957044
v 0.755951 0.250016 1.015909
v 0.755951 0.262575 1.086597
v 0.755951 0.392126 1.115141
v 0.755951 0.321438 1.127700
v 0.772765 0.249744 1.021195
v 0.777348 0.282301 1.024662
v 0.772765 0.287189 0.960590
v 0.777348 0.307759 0.986063
v 0.772765 0.356521 0.944214
v 0.777348 0.353054 0.976771
v 0.772765 0.417125 0.981659
v 0.777348 0.391652 1.002229
v 0.772765 0.433502 1.050991
v 0.792680 0.309305 1.082822
v 0.790076 0.284453 1.046778
v 0.792034 0.294651 1.003516
v 0.791742 0.331702 0.979593
v 0.790076 0.374492 0.988113
v 0.792034 0.397872 1.025914
v 0.790076 0.389603 1.068963
v 0.792034 0.351801 1.092342
v 0.640587 0.341623 1.193838
v 0.639495 0.341635 1.052036
v 0.640587 0.281326 1.181662
v 0.640587 0.183878 1.036093
v 0.639475 0.341611 1.020477
v 0.640587 0.196053 0.975796
v 0.640587 0.230080 1.147636
v 0.640587 0.341623 0.878348
v 0.640587 0.401920 0.890523
v 0.640587 0.230080 0.924550
v 0.640587 0.499368 1.036093
v 0.640587 0.487192 1.096390
v 0.640587 0.453165 0.924550
v 0.640587 0.196053 1.096390
v 0.640587 0.453165 1.147636
v 0.640587 0.281326 0.890523
v 0.640587 0.487192 0.975796
v 0.640587 0.401919 1.181662
v 0.744680 0.402434 1.182903
v 0.744688 0.341281 1.195114
v 0.744796 0.454002 1.148484
v 0.744671 0.454280 0.923882
v 0.744688 0.488504 0.975634
v 0.744694 0.500572 1.036085
v 0.744671 0.229412 0.923435
v 0.744688 0.281163 0.889211
v 0.744694 0.341614 0.877143
v 0.744795 0.182688 1.036093
v 0.744688 0.228936 1.148296
v 0.744688 0.194741 1.096552
v 0.744682 0.488436 1.096900
v 0.744682 0.402430 0.889279
v 0.744682 0.194809 0.975286
v 0.744688 0.280513 1.182705
v -0.640000 0.550000 -0.120000
v 0.640000 0.550000 -0.120000
v 0.640000 1.390000 -0.120000
v -0.640000 1.390000 -0.120000
v -0.640000 0.550000 1.380000
v 0.640000 0.550000 1.380000
v 0.640000 1.390000 1.380000
v -0.640000 1.390000 1.380000
v 0.809000 0.714000 1.890000
v 0.809000 0.714000 1.878000
v 0.809000 0.752000 1.890000
v 0.809000 0.752000 1.878000
v 0.631000 0.714000 1.890000
v 0.631000 0.714000 1.878000
v 0.631000 0.752000 1.890000
v 0.631000 0.752000 1.878000
v -0.631000 0.714000 1.890000
v -0.631000 0.714000 1.878000
v -0.631000 0.752000 1.890000
v -0.631000 0.752000 1.878000
v -0.809000 0.714000 1.890000
v -0.809000 0.714000 1.878000
v -0.809000 0.752000 1.890000
v -0.809000 0.752000 1.878000
v 0.809000 0.837000 1.889500
v 0.809000 0.837000 1.876500
v 0.809000 0.889000 1.889500
v 0.809000 0.889000 1.876500
v 0.631000 0.837000 1.889500
v 0.631000 0.837000 1.876500
v 0.631000 0.889000 1.889500
v 0.631000 0.889000 1.876500
v -0.631000 0.837000 1.889500
v -0.631000 0.837000 1.876500
v -0.631000 0.889000 1.889500
v -0.631000 0.889000 1.876500
v -0.809000 0.837000 1.889500
v -0.809000 0.837000 1.876500
v -0.809000 0.889000 1.889500
v -0.809000 0.889000 1.876500
v 0.822000 0.672500 1.879500
v 0.822000 0.672500 1.832500
v 0.822000 0.907500 1.879500
v 0.822000 0.907500 1.832500
v 0.618000 0.672500 1.879500
v 0.618000 0.672500 1.832500
v 0.618000 0.907500 1.879500
v 0.618000 0.907500 1.832500
v -0.618000 0.672500 1.879500
v -0.618000 0.672500 1.832500
v -0.618000 0.907500 1.879500
v -0.618000 0.907500 1.832500
v -0.822000 0.672500 1.879500
v -0.822000 0.672500 1.832500
v -0.822000 0.907500 1.879500
v -0.822000 0.907500 1.832500
v 0.568500 1.057000 -1.918000
v 0.568500 1.057000 -1.922000
v 0.568500 1.081000 -1.918000
v 0.568500 1.081000 -1.922000
v 0.495500 1.057000 -1.918000
v 0.495500 1.057000 -1.922000
v 0.495500 1.081000 -1.918000
v 0.495500 1.081000 -1.922000
v -0.495500 1.057000 -1.918000
v -0.495500 1.057000 -1.922000
v -0.495500 1.081000 -1.918000
v -0.495500 1.081000 -1.922000
v -0.568500 1.057000 -1.918000
v -0.568500 1.057000 -1.922000
v -0.568500 1.081000 -1.918000
v -0.568500 1.081000 -1.922000
v 0.716000 0.993500 -1.888000
v 0.716000 0.993500 -1.914000
v 0.716000 1.096500 -1.888000
v 0.716000 1.096500 -1.914000
v 0.458000 0.993500 -1.888000
v 0.458000 0.993500 -1.914000
v 0.458000 1.096500 -1.888000
v 0.458000 1.096500 -1.914000
v -0.458000 0.993500 -1.888000
v -0.458000 0.993500 -1.914000
v -0.458000 1.096500 -1.888000
v -0.458000 1.096500 -1.914000
v -0.716000 0.993500 -1.888000
v -0.716000 0.993500 -1.914000
v -0.716000 1.096500 -1.888000
v -0.716000 1.096500 -1.914000
v 0.539000 0.874000 -1.938500
v 0.497000 0.874000 -1.938500
v 0.497000 0.874000 -1.947500
v 0.539000 0.874000 -1.947500
v 0.502627 0.895000 -1.938500
v 0.502627 0.895000 -1.947500
v 0.518000 0.910373 -1.938500
v 0.518000 0.910373 -1.947500
v 0.539000 0.916000 -1.938500
v 0.539000 0.916000 -1.947500
v 0.560000 0.910373 -1.938500
v 0.560000 0.910373 -1.947500
v 0.575373 0.895000 -1.938500
v 0.575373 0.895000 -1.947500
v 0.581000 0.874000 -1.938500
v 0.581000 0.874000 -1.947500
v 0.575373 0.853000 -1.938500
v 0.575373 0.853000 -1.947500
v 0.560000 0.837627 -1.938500
v 0.560000 0.837627 -1.947500
v 0.539000 0.832000 -1.938500
v 0.539000 0.832000 -1.947500
v 0.518000 0.837627 -1.938500
v 0.518000 0.837627 -1.947500
v 0.502627 0.853000 -1.938500
v 0.502627 0.853000 -1.947500
v -0.539000 0.874000 -1.938500
v -0.581000 0.874000 -1.938500
v -0.581000 0.874000 -1.947500
v -0.539000 0.874000 -1.947500
v -0.575373 0.895000 -1.938500
v -0.575373 0.895000 -1.947500
v -0.560000 0.910373 -1.938500
v -0.560000 0.910373 -1.947500
v -0.539000 0.916000 -1.938500
v -0.539000 0.916000 -1.947500
v -0.518000 0.910373 -1.938500
v -0.518000 0.910373 -1.947500
v -0.502627 0.895000 -1.938500
v -0.502627 0.895000 -1.947500
v -0.497000 0.874000 -1.938500
v -0.497000 0.874000 -1.947500
v -0.502627 0.853000 -1.938500
v -0.502627 0.853000 -1.947500
v -0.518000 0.837627 -1.938500
v -0.518000 0.837627 -1.947500
v -0.539000 0.832000 -1.938500
v -0.539000 0.832000 -1.947500
v -0.560000 0.837627 -1.938500
v -0.560000 0.837627 -1.947500
v -0.575373 0.853000 -1.938500
v -0.575373 0.853000 -1.947500
v 0.220000 0.486500 -1.943000
v 0.220000 0.486500 -1.955000
v 0.220000 0.599500 -1.943000
v 0.220000 0.599500 -1.955000
v -0.220000 0.486500 -1.943000
v -0.220000 0.486500 -1.955000
v -0.220000 0.599500 -1.943000
v -0.220000 0.599500 -1.955000
v 0.587000 0.826000 -1.922000
v 0.437000 0.826000 -1.922000
v 0.437000 0.826000 -1.940000
v 0.587000 0.826000 -1.940000
v 0.442111 0.864823 -1.922000
v 0.442111 0.864823 -1.940000
v 0.457096 0.901000 -1.922000
v 0.457096 0.901000 -1.940000
v 0.480934 0.932066 -1.922000
v 0.480934 0.932066 -1.940000
v 0.512000 0.955904 -1.922000
v 0.512000 0.955904 -1.940000
v 0.548177 0.970889 -1.922000
v 0.548177 0.970889 -1.940000
v 0.587000 0.976000 -1.922000
v 0.587000 0.976000 -1.940000
v 0.625823 0.970889 -1.922000
v 0.625823 0.970889 -1.940000
v 0.662000 0.955904 -1.922000
v 0.662000 0.955904 -1.940000
v 0.693066 0.932066 -1.922000
v 0.693066 0.932066 -1.940000
v 0.716904 0.901000 -1.922000
v 0.716904 0.901000 -1.940000
v 0.731889 0.864823 -1.922000
v 0.731889 0.864823 -1.940000
v 0.737000 0.826000 -1.922000
v 0.737000 0.826000 -1.940000
v 0.731889 0.787177 -1.922000
v 0.731889 0.787177 -1.940000
v 0.716904 0.751000 -1.922000
v 0.716904 0.751000 -1.940000
v 0.693066 0.719934 -1.922000
v 0.693066 0.719934 -1.940000
v 0.662000 0.696096 -1.922000
v 0.662000 0.696096 -1.940000
v 0.625823 0.681111 -1.922000
v 0.625823 0.681111 -1.940000
v 0.587000 0.676000 -1.922000
v 0.587000 0.676000 -1.940000
v 0.548177 0.681111 -1.922000
v 0.548177 0.681111 -1.940000
v 0.512000 0.696096 -1.922000
v 0.512000 0.696096 -1.940000
v 0.480934 0.719934 -1.922000
v 0.480934 0.719934 -1.940000
v 0.457096 0.751000 -1.922000
v 0.457096 0.751000 -1.940000
v 0.442111 0.787177 -1.922000
v 0.442111 0.787177 -1.940000
v -0.587000 0.826000 -1.922000
v -0.737000 0.826000 -1.922000
v -0.737000 0.826000 -1.940000
v -0.587000 0.826000 -1.940000
v -0.731889 0.864823 -1.922000
v -0.731889 0.864823 -1.940000
v -0.716904 0.901000 -1.922000
v -0.716904 0.901000 -1.940000
v -0.693066 0.932066 -1.922000
v -0.693066 0.932066 -1.940000
v -0.662000 0.955904 -1.922000
v -0.662000 0.955904 -1.940000
v -0.625823 0.970889 -1.922000
v -0.625823 0.970889 -1.940000
v -0.587000 0.976000 -1.922000
v -0.587000 0.976000 -1.940000
v -0.548177 0.970889 -1.922000
v -0.548177 0.970889 -1.940000
v -0.512000 0.955904 -1.922000
v -0.512000 0.955904 -1.940000
v -0.480934 0.932066 -1.922000
v -0.480934 0.932066 -1.940000
v -0.457096 0.901000 -1.922000
v -0.457096 0.901000 -1.940000
v -0.442111 0.864823 -1.922000
v -0.442111 0.864823 -1.940000
v -0.437000 0.826000 -1.922000
v -0.437000 0.826000 -1.940000
v -0.442111 0.787177 -1.922000
v -0.442111 0.787177 -1.940000
v -0.457096 0.751000 -1.922000
v -0.457096 0.751000 -1.940000
v -0.480934 0.719934 -1.922000
v -0.480934 0.719934 -1.940000
v -0.512000 0.696096 -1.922000
v -0.512000 0.696096 -1.940000
v -0.548177 0.681111 -1.922000
v -0.548177 0.681111 -1.940000
v -0.587000 0.676000 -1.922000
v -0.587000 0.676000 -1.940000
v -0.625823 0.681111 -1.922000
v -0.625823 0.681111 -1.940000
v -0.662000 0.696096 -1.922000
v -0.662000 0.696096 -1.940000
v -0.693066 0.719934 -1.922000
v -0.693066 0.719934 -1.940000
v -0.716904 0.751000 -1.922000
v -0.716904 0.751000 -1.940000
v -0.731889 0.787177 -1.922000
v -0.731889 0.787177 -1.940000
v 0.401000 0.826000 -1.902000
v 0.407338 0.874140 -1.902000
v 0.425919 0.919000 -1.902000
v 0.455478 0.957522 -1.902000
v 0.494000 0.987081 -1.902000
v 0.538860 1.005662 -1.902000
v 0.587000 1.012000 -1.902000
v 0.635140 1.005662 -1.902000
v 0.680000 0.987081 -1.902000
v 0.718522 0.957522 -1.902000
v 0.748081 0.919000 -1.902000
v 0.766662 0.874140 -1.902000
v 0.773000 0.826000 -1.902000
v 0.766662 0.777860 -1.902000
v 0.748081 0.733000 -1.902000
v 0.718522 0.694478 -1.902000
v 0.680000 0.664919 -1.902000
v 0.635140 0.646338 -1.902000
v 0.587000 0.640000 -1.902000
v 0.538860 0.646338 -1.902000
v 0.494000 0.664919 -1.902000
v 0.455478 0.694478 -1.902000
v 0.425919 0.733000 -1.902000
v 0.407338 0.777860 -1.902000
v 0.439000 0.826000 -1.902000
v 0.444043 0.864305 -1.902000
v 0.458828 0.900000 -1.902000
v 0.482348 0.930652 -1.902000
v 0.513000 0.954172 -1.902000
v 0.548695 0.968957 -1.902000
v 0.587000 0.974000 -1.902000
v 0.625305 0.968957 -1.902000
v 0.661000 0.954172 -1.902000
v 0.691652 0.930652 -1.902000
v 0.715172 0.900000 -1.902000
v 0.729957 0.864305 -1.902000
v 0.735000 0.826000 -1.902000
v 0.729957 0.787695 -1.902000
v 0.715172 0.752000 -1.902000
v 0.691652 0.721348 -1.902000
v 0.661000 0.697828 -1.902000
v 0.625305 0.683043 -1.902000
v 0.587000 0.678000 -1.902000
v 0.548695 0.683043 -1.902000
v 0.513000 0.697828 -1.902000
v 0.482348 0.721348 -1.902000
v 0.458828 0.752000 -1.902000
v 0.444043 0.787695 -1.902000
v 0.401000 0.826000 -1.930000
v 0.407338 0.874140 -1.930000
v 0.425919 0.919000 -1.930000
v 0.455478 0.957522 -1.930000
v 0.494000 0.987081 -1.930000
v 0.538860 1.005662 -1.930000
v 0.587000 1.012000 -1.930000
v 0.635140 1.005662 -1.930000
v 0.680000 0.987081 -1.930000
v 0.718522 0.957522 -1.930000
v 0.748081 0.919000 -1.930000
v 0.766662 0.874140 -1.930000
v 0.773000 0.826000 -1.930000
v 0.766662 0.777860 -1.930000
v 0.748081 0.733000 -1.930000
v 0.718522 0.694478 -1.930000
v 0.680000 0.664919 -1.930000
v 0.635140 0.646338 -1.930000
v 0.587000 0.640000 -1.930000
v 0.538860 0.646338 -1.930000
v 0.494000 0.664919 -1.930000
v 0.455478 0.694478 -1.930000
v 0.425919 0.733000 -1.930000
v 0.407338 0.777860 -1.930000
v 0.439000 0.826000 -1.930000
v 0.444043 0.864305 -1.930000
v 0.458828 0.900000 -1.930000
v 0.482348 0.930652 -1.930000
v 0.513000 0.954172 -1.930000
v 0.548695 0.968957 -1.930000
v 0.587000 0.974000 -1.930000
v 0.625305 0.968957 -1.930000
v 0.661000 0.954172 -1.930000
v 0.691652 0.930652 -1.930000
v 0.715172 0.900000 -1.930000
v 0.729957 0.864305 -1.930000
v 0.735000 0.826000 -1.930000
v 0.729957 0.787695 -1.930000
v 0.715172 0.752000 -1.930000
v 0.691652 0.721348 -1.930000
v 0.661000 0.697828 -1.930000
v 0.625305 0.683043 -1.930000
v 0.587000 0.678000 -1.930000
v 0.548695 0.683043 -1.930000
v 0.513000 0.697828 -1.930000
v 0.482348 0.721348 -1.930000
v 0.458828 0.752000 -1.930000
v 0.444043 0.787695 -1.930000
v -0.773000 0.826000 -1.902000
v -0.766662 0.874140 -1.902000
v -0.748081 0.919000 -1.902000
v -0.718522 0.957522 -1.902000
v -0.680000 0.987081 -1.902000
v -0.635140 1.005662 -1.902000
v -0.587000 1.012000 -1.902000
v -0.538860 1.005662 -1.902000
v -0.494000 0.987081 -1.902000
v -0.455478 0.957522 -1.902000
v -0.425919 0.919000 -1.902000
v -0.407338 0.874140 -1.902000
v -0.401000 0.826000 -1.902000
v -0.407338 0.777860 -1.902000
v -0.425919 0.733000 -1.902000
v -0.455478 0.694478 -1.902000
v -0.494000 0.664919 -1.902000
v -0.538860 0.646338 -1.902000
v -0.587000 0.640000 -1.902000
v -0.635140 0.646338 -1.902000
v -0.680000 0.664919 -1.902000
v -0.718522 0.694478 -1.902000
v -0.748081 0.733000 -1.902000
v -0.766662 0.777860 -1.902000
v -0.735000 0.826000 -1.902000
v -0.729957 0.864305 -1.902000
v -0.715172 0.900000 -1.902000
v -0.691652 0.930652 -1.902000
v -0.661000 0.954172 -1.902000
v -0.625305 0.968957 -1.902000
v -0.587000 0.974000 -1.902000
v -0.548695 0.968957 -1.902000
v -0.513000 0.954172 -1.902000
v -0.482348 0.930652 -1.902000
v -0.458828 0.900000 -1.902000
v -0.444043 0.864305 -1.902000
v -0.439000 0.826000 -1.902000
v -0.444043 0.787695 -1.902000
v -0.458828 0.752000 -1.902000
v -0.482348 0.721348 -1.902000
v -0.513000 0.697828 -1.902000
v -0.548695 0.683043 -1.902000
v -0.587000 0.678000 -1.902000
v -0.625305 0.683043 -1.902000
v -0.661000 0.697828 -1.902000
v -0.691652 0.721348 -1.902000
v -0.715172 0.752000 -1.902000
v -0.729957 0.787695 -1.902000
v -0.773000 0.826000 -1.930000
v -0.766662 0.874140 -1.930000
v -0.748081 0.919000 -1.930000
v -0.718522 0.957522 -1.930000
v -0.680000 0.987081 -1.930000
v -0.635140 1.005662 -1.930000
v -0.587000 1.012000 -1.930000
v -0.538860 1.005662 -1.930000
v -0.494000 0.987081 -1.930000
v -0.455478 0.957522 -1.930000
v -0.425919 0.919000 -1.930000
v -0.407338 0.874140 -1.930000
v -0.401000 0.826000 -1.930000
v -0.407338 0.777860 -1.930000
v -0.425919 0.733000 -1.930000
v -0.455478 0.694478 -1.930000
v -0.494000 0.664919 -1.930000
v -0.538860 0.646338 -1.930000
v -0.587000 0.640000 -1.930000
v -0.635140 0.646338 -1.930000
v -0.680000 0.664919 -1.930000
v -0.718522 0.694478 -1.930000
v -0.748081 0.733000 -1.930000
v -0.766662 0.777860 -1.930000
v -0.735000 0.826000 -1.930000
v -0.729957 0.864305 -1.930000
v -0.715172 0.900000 -1.930000
v -0.691652 0.930652 -1.930000
v -0.661000 0.954172 -1.930000
v -0.625305 0.968957 -1.930000
v -0.587000 0.974000 -1.930000
v -0.548695 0.968957 -1.930000
v -0.513000 0.954172 -1.930000
v -0.482348 0.930652 -1.930000
v -0.458828 0.900000 -1.930000
v -0.444043 0.864305 -1.930000
v -0.439000 0.826000 -1.930000
v -0.444043 0.787695 -1.930000
v -0.458828 0.752000 -1.930000
v -0.482348 0.721348 -1.930000
v -0.513000 0.697828 -1.930000
v -0.548695 0.683043 -1.930000
v -0.587000 0.678000 -1.930000
v -0.625305 0.683043 -1.930000
v -0.661000 0.697828 -1.930000
v -0.691652 0.721348 -1.930000
v -0.715172 0.752000 -1.930000
v -0.729957 0.787695 -1.930000
v 0.230000 0.477500 -1.936000
v 0.230000 0.477500 -1.946000
v 0.230000 0.608500 -1.936000
v 0.230000 0.608500 -1.946000
v -0.230000 0.477500 -1.936000
v -0.230000 0.477500 -1.946000
v -0.230000 0.608500 -1.936000
v -0.230000 0.608500 -1.946000
v 0.587000 0.826000 -1.884500
v 0.387000 0.826000 -1.884500
v 0.387000 0.826000 -1.911500
v 0.587000 0.826000 -1.911500
v 0.393815 0.877764 -1.884500
v 0.393815 0.877764 -1.911500
v 0.413795 0.926000 -1.884500
v 0.413795 0.926000 -1.911500
v 0.445579 0.967421 -1.884500
v 0.445579 0.967421 -1.911500
v 0.487000 0.999205 -1.884500
v 0.487000 0.999205 -1.911500
v 0.535236 1.019185 -1.884500
v 0.535236 1.019185 -1.911500
v 0.587000 1.026000 -1.884500
v 0.587000 1.026000 -1.911500
v 0.638764 1.019185 -1.884500
v 0.638764 1.019185 -1.911500
v 0.687000 0.999205 -1.884500
v 0.687000 0.999205 -1.911500
v 0.728421 0.967421 -1.884500
v 0.728421 0.967421 -1.911500
v 0.760205 0.926000 -1.884500
v 0.760205 0.926000 -1.911500
v 0.780185 0.877764 -1.884500
v 0.780185 0.877764 -1.911500
v 0.787000 0.826000 -1.884500
v 0.787000 0.826000 -1.911500
v 0.780185 0.774236 -1.884500
v 0.780185 0.774236 -1.911500
v 0.760205 0.726000 -1.884500
v 0.760205 0.726000 -1.911500
v 0.728421 0.684579 -1.884500
v 0.728421 0.684579 -1.911500
v 0.687000 0.652795 -1.884500
v 0.687000 0.652795 -1.911500
v 0.638764 0.632815 -1.884500
v 0.638764 0.632815 -1.911500
v 0.587000 0.626000 -1.884500
v 0.587000 0.626000 -1.911500
v 0.535236 0.632815 -1.884500
v 0.535236 0.632815 -1.911500
v 0.487000 0.652795 -1.884500
v 0.487000 0.652795 -1.911500
v 0.445579 0.684579 -1.884500
v 0.445579 0.684579 -1.911500
v 0.413795 0.726000 -1.884500
v 0.413795 0.726000 -1.911500
v 0.393815 0.774236 -1.884500
v 0.393815 0.774236 -1.911500
v -0.587000 0.826000 -1.884500
v -0.787000 0.826000 -1.884500
v -0.787000 0.826000 -1.911500
v -0.587000 0.826000 -1.911500
v -0.780185 0.877764 -1.884500
v -0.780185 0.877764 -1.911500
v -0.760205 0.926000 -1.884500
v -0.760205 0.926000 -1.911500
v -0.728421 0.967421 -1.884500
v -0.728421 0.967421 -1.911500
v -0.687000 0.999205 -1.884500
v -0.687000 0.999205 -1.911500
v -0.638764 1.019185 -1.884500
v -0.638764 1.019185 -1.911500
v -0.587000 1.026000 -1.884500
v -0.587000 1.026000 -1.911500
v -0.535236 1.019185 -1.884500
v -0.535236 1.019185 -1.911500
v -0.487000 0.999205 -1.884500
v -0.487000 0.999205 -1.911500
v -0.445579 0.967421 -1.884500
v -0.445579 0.967421 -1.911500
v -0.413795 0.926000 -1.884500
v -0.413795 0.926000 -1.911500
v -0.393815 0.877764 -1.884500
v -0.393815 0.877764 -1.911500
v -0.387000 0.826000 -1.884500
v -0.387000 0.826000 -1.911500
v -0.393815 0.774236 -1.884500
v -0.393815 0.774236 -1.911500
v -0.413795 0.726000 -1.884500
v -0.413795 0.726000 -1.911500
v -0.445579 0.684579 -1.884500
v -0.445579 0.684579 -1.911500
v -0.487000 0.652795 -1.884500
v -0.487000 0.652795 -1.911500
v -0.535236 0.632815 -1.884500
v -0.535236 0.632815 -1.911500
v -0.587000 0.626000 -1.884500
v -0.587000 0.626000 -1.911500
v -0.638764 0.632815 -1.884500
v -0.638764 0.632815 -1.911500
v -0.687000 0.652795 -1.884500
v -0.687000 0.652795 -1.911500
v -0.728421 0.684579 -1.884500
v -0.728421 0.684579 -1.911500
v -0.760205 0.726000 -1.884500
v -0.760205 0.726000 -1.911500
v -0.780185 0.774236 -1.884500
v -0.780185 0.774236 -1.911500
v 0.890000 0.474500 -1.844000
v 0.890000 0.474500 -1.936000
v 0.890000 0.577500 -1.844000
v 0.890000 0.577500 -1.936000
v -0.890000 0.474500 -1.844000
v -0.890000 0.474500 -1.936000
v -0.890000 0.577500 -1.844000
v -0.890000 0.577500 -1.936000
v 0.930000 0.467500 -1.793000
v 0.930000 0.467500 -1.923000
v 0.930000 0.582500 -1.793000
v 0.930000 0.582500 -1.923000
v 0.790000 0.467500 -1.793000
v 0.790000 0.467500 -1.923000
v 0.790000 0.582500 -1.793000
v 0.790000 0.582500 -1.923000
v -0.790000 0.467500 -1.793000
v -0.790000 0.467500 -1.923000
v -0.790000 0.582500 -1.793000
v -0.790000 0.582500 -1.923000
v -0.930000 0.467500 -1.793000
v -0.930000 0.467500 -1.923000
v -0.930000 0.582500 -1.793000
v -0.930000 0.582500 -1.923000
v 0.760000 0.990000 -1.841000
v 0.760000 0.990000 -1.881000
v 0.760000 1.020000 -1.841000
v 0.760000 1.020000 -1.881000
v -0.760000 0.990000 -1.841000
v -0.760000 0.990000 -1.881000
v -0.760000 1.020000 -1.841000
v -0.760000 1.020000 -1.881000
v 0.750000 0.647000 -1.842000
v 0.750000 0.647000 -1.882000
v 0.750000 0.675000 -1.842000
v 0.750000 0.675000 -1.882000
v -0.750000 0.647000 -1.842000
v -0.750000 0.647000 -1.882000
v -0.750000 0.675000 -1.842000
v -0.750000 0.675000 -1.882000
v 0.737000 0.978000 -1.829500
v 0.737000 0.978000 -1.896500
v 0.737000 1.108000 -1.829500
v 0.737000 1.108000 -1.896500
v 0.437000 0.978000 -1.829500
v 0.437000 0.978000 -1.896500
v 0.437000 1.108000 -1.829500
v 0.437000 1.108000 -1.896500
v -0.437000 0.978000 -1.829500
v -0.437000 0.978000 -1.896500
v -0.437000 1.108000 -1.829500
v -0.437000 1.108000 -1.896500
v -0.737000 0.978000 -1.829500
v -0.737000 0.978000 -1.896500
v -0.737000 1.108000 -1.829500
v -0.737000 1.108000 -1.896500
v 0.550000 0.717000 -1.872000
v 0.550000 0.717000 -1.886000
v 0.550000 0.731000 -1.872000
v 0.550000 0.731000 -1.886000
v -0.550000 0.717000 -1.872000
v -0.550000 0.717000 -1.886000
v -0.550000 0.731000 -1.872000
v -0.550000 0.731000 -1.886000
v 0.550000 0.758000 -1.872000
v 0.550000 0.758000 -1.886000
v 0.550000 0.772000 -1.872000
v 0.550000 0.772000 -1.886000
v -0.550000 0.758000 -1.872000
v -0.550000 0.758000 -1.886000
v -0.550000 0.772000 -1.872000
v -0.550000 0.772000 -1.886000
v 0.550000 0.799000 -1.872000
v 0.550000 0.799000 -1.886000
v 0.550000 0.813000 -1.872000
v 0.550000 0.813000 -1.886000
v -0.550000 0.799000 -1.872000
v -0.550000 0.799000 -1.886000
v -0.550000 0.813000 -1.872000
v -0.550000 0.813000 -1.886000
v 0.550000 0.840000 -1.872000
v 0.550000 0.840000 -1.886000
v 0.550000 0.854000 -1.872000
v 0.550000 0.854000 -1.886000
v -0.550000 0.840000 -1.872000
v -0.550000 0.840000 -1.886000
v -0.550000 0.854000 -1.872000
v -0.550000 0.854000 -1.886000
v 0.550000 0.881000 -1.872000
v 0.550000 0.881000 -1.886000
v 0.550000 0.895000 -1.872000
v 0.550000 0.895000 -1.886000
v -0.550000 0.881000 -1.872000
v -0.550000 0.881000 -1.886000
v -0.550000 0.895000 -1.872000
v -0.550000 0.895000 -1.886000
v 0.550000 0.922000 -1.872000
v 0.550000 0.922000 -1.886000
v 0.550000 0.936000 -1.872000
v 0.550000 0.936000 -1.886000
v -0.550000 0.922000 -1.872000
v -0.550000 0.922000 -1.886000
v -0.550000 0.936000 -1.872000
v -0.550000 0.936000 -1.886000
v 0.735000 0.680000 -1.839000
v 0.735000 0.680000 -1.873000
v 0.735000 1.000000 -1.839000
v 0.735000 1.000000 -1.873000
v -0.735000 0.680000 -1.839000
v -0.735000 0.680000 -1.873000
v -0.735000 1.000000 -1.839000
v -0.735000 1.000000 -1.873000
v 0.888000 0.345000 1.160000
v 0.888000 0.345000 1.390000
v 0.632000 0.345000 1.390000
v 0.632000 0.345000 1.160000
v 0.888000 0.480191 1.346074
v 0.632000 0.480191 1.346074
v 0.888000 0.563743 1.231074
v 0.632000 0.563743 1.231074
v 0.888000 0.563743 1.088926
v 0.632000 0.563743 1.088926
v 0.888000 0.480191 0.973926
v 0.632000 0.480191 0.973926
v 0.888000 0.345000 0.930000
v 0.632000 0.345000 0.930000
v 0.888000 0.209809 0.973926
v 0.632000 0.209809 0.973926
v 0.888000 0.126257 1.088926
v 0.632000 0.126257 1.088926
v 0.888000 0.126257 1.231074
v 0.632000 0.126257 1.231074
v 0.888000 0.209809 1.346074
v 0.632000 0.209809 1.346074
v 0.888000 0.345000 -1.160000
v 0.888000 0.345000 -0.930000
v 0.632000 0.345000 -0.930000
v 0.632000 0.345000 -1.160000
v 0.888000 0.480191 -0.973926
v 0.632000 0.480191 -0.973926
v 0.888000 0.563743 -1.088926
v 0.632000 0.563743 -1.088926
v 0.888000 0.563743 -1.231074
v 0.632000 0.563743 -1.231074
v 0.888000 0.480191 -1.346074
v 0.632000 0.480191 -1.346074
v 0.888000 0.345000 -1.390000
v 0.632000 0.345000 -1.390000
v 0.888000 0.209809 -1.346074
v 0.632000 0.209809 -1.346074
v 0.888000 0.126257 -1.231074
v 0.632000 0.126257 -1.231074
v 0.888000 0.126257 -1.088926
v 0.632000 0.126257 -1.088926
v 0.888000 0.209809 -0.973926
v 0.632000 0.209809 -0.973926
v -0.632000 0.345000 1.160000
v -0.632000 0.345000 1.390000
v -0.888000 0.345000 1.390000
v -0.888000 0.345000 1.160000
v -0.632000 0.480191 1.346074
v -0.888000 0.480191 1.346074
v -0.632000 0.563743 1.231074
v -0.888000 0.563743 1.231074
v -0.632000 0.563743 1.088926
v -0.888000 0.563743 1.088926
v -0.632000 0.480191 0.973926
v -0.888000 0.480191 0.973926
v -0.632000 0.345000 0.930000
v -0.888000 0.345000 0.930000
v -0.632000 0.209809 0.973926
v -0.888000 0.209809 0.973926
v -0.632000 0.126257 1.088926
v -0.888000 0.126257 1.088926
v -0.632000 0.126257 1.231074
v -0.888000 0.126257 1.231074
v -0.632000 0.209809 1.346074
v -0.888000 0.209809 1.346074
v -0.632000 0.345000 -1.160000
v -0.632000 0.345000 -0.930000
v -0.888000 0.345000 -0.930000
v -0.888000 0.345000 -1.160000
v -0.632000 0.480191 -0.973926
v -0.888000 0.480191 -0.973926
v -0.632000 0.563743 -1.088926
v -0.888000 0.563743 -1.088926
v -0.632000 0.563743 -1.231074
v -0.888000 0.563743 -1.231074
v -0.632000 0.480191 -1.346074
v -0.888000 0.480191 -1.346074
v -0.632000 0.345000 -1.390000
v -0.888000 0.345000 -1.390000
v -0.632000 0.209809 -1.346074
v -0.888000 0.209809 -1.346074
v -0.632000 0.126257 -1.231074
v -0.888000 0.126257 -1.231074
v -0.632000 0.126257 -1.088926
v -0.888000 0.126257 -1.088926
v -0.632000 0.209809 -0.973926
v -0.888000 0.209809 -0.973926
v 0.880000 0.345000 1.385000
v 0.880000 0.345000 1.505000
v 0.640000 0.345000 1.505000
v 0.640000 0.345000 1.385000
v 0.880000 0.442624 1.362718
v 0.880000 0.494690 1.470834
v 0.640000 0.494690 1.470834
v 0.640000 0.442624 1.362718
v 0.880000 0.520912 1.300285
v 0.880000 0.614732 1.375104
v 0.640000 0.614732 1.375104
v 0.640000 0.520912 1.300285
v 0.880000 0.564359 1.210067
v 0.880000 0.681350 1.236770
v 0.640000 0.681350 1.236770
v 0.640000 0.564359 1.210067
v 0.880000 0.564359 1.109933
v 0.880000 0.681350 1.083230
v 0.640000 0.681350 1.083230
v 0.640000 0.564359 1.109933
v 0.880000 0.520912 1.019715
v 0.880000 0.614732 0.944896
v 0.640000 0.614732 0.944896
v 0.640000 0.520912 1.019715
v 0.880000 0.442624 0.957282
v 0.880000 0.494690 0.849166
v 0.640000 0.494690 0.849166
v 0.640000 0.442624 0.957282
v 0.880000 0.345000 0.935000
v 0.880000 0.345000 0.815000
v 0.640000 0.345000 0.815000
v 0.640000 0.345000 0.935000
v 0.880000 0.247376 0.957282
v 0.880000 0.195310 0.849166
v 0.640000 0.195310 0.849166
v 0.640000 0.247376 0.957282
v 0.880000 0.169088 1.019715
v 0.880000 0.075268 0.944896
v 0.640000 0.075268 0.944896
v 0.640000 0.169088 1.019715
v 0.880000 0.125641 1.109933
v 0.880000 0.008650 1.083230
v 0.640000 0.008650 1.083230
v 0.640000 0.125641 1.109933
v 0.880000 0.125641 1.210067
v 0.880000 0.008650 1.236770
v 0.640000 0.008650 1.236770
v 0.640000 0.125641 1.210067
v 0.880000 0.169088 1.300285
v 0.880000 0.075268 1.375104
v 0.640000 0.075268 1.375104
v 0.640000 0.169088 1.300285
v 0.880000 0.247376 1.362718
v 0.880000 0.195310 1.470834
v 0.640000 0.195310 1.470834
v 0.640000 0.247376 1.362718
v 0.880000 0.345000 -0.935000
v 0.880000 0.345000 -0.815000
v 0.640000 0.345000 -0.815000
v 0.640000 0.345000 -0.935000
v 0.880000 0.442624 -0.957282
v 0.880000 0.494690 -0.849166
v 0.640000 0.494690 -0.849166
v 0.640000 0.442624 -0.957282
v 0.880000 0.520912 -1.019715
v 0.880000 0.614732 -0.944896
v 0.640000 0.614732 -0.944896
v 0.640000 0.520912 -1.019715
v 0.880000 0.564359 -1.109933
v 0.880000 0.681350 -1.083230
v 0.640000 0.681350 -1.083230
v 0.640000 0.564359 -1.109933
v 0.880000 0.564359 -1.210067
v 0.880000 0.681350 -1.236770
v 0.640000 0.681350 -1.236770
v 0.640000 0.564359 -1.210067
v 0.880000 0.520912 -1.300285
v 0.880000 0.614732 -1.375104
v 0.640000 0.614732 -1.375104
v 0.640000 0.520912 -1.300285
v 0.880000 0.442624 -1.362718
v 0.880000 0.494690 -1.470834
v 0.640000 0.494690 -1.470834
v 0.640000 0.442624 -1.362718
v 0.880000 0.345000 -1.385000
v 0.880000 0.345000 -1.505000
v 0.640000 0.345000 -1.505000
v 0.640000 0.345000 -1.385000
v 0.880000 0.247376 -1.362718
v 0.880000 0.195310 -1.470834
v 0.640000 0.195310 -1.470834
v 0.640000 0.247376 -1.362718
v 0.880000 0.169088 -1.300285
v 0.880000 0.075268 -1.375104
v 0.640000 0.075268 -1.375104
v 0.640000 0.169088 -1.300285
v 0.880000 0.125641 -1.210067
v 0.880000 0.008650 -1.236770
v 0.640000 0.008650 -1.236770
v 0.640000 0.125641 -1.210067
v 0.880000 0.125641 -1.109933
v 0.880000 0.008650 -1.083230
v 0.640000 0.008650 -1.083230
v 0.640000 0.125641 -1.109933
v 0.880000 0.169088 -1.019715
v 0.880000 0.075268 -0.944896
v 0.640000 0.075268 -0.944896
v 0.640000 0.169088 -1.019715
v 0.880000 0.247376 -0.957282
v 0.880000 0.195310 -0.849166
v 0.640000 0.195310 -0.849166
v 0.640000 0.247376 -0.957282
v -0.640000 0.345000 1.385000
v -0.640000 0.345000 1.505000
v -0.880000 0.345000 1.505000
v -0.880000 0.345000 1.385000
v -0.640000 0.442624 1.362718
v -0.640000 0.494690 1.470834
v -0.880000 0.494690 1.470834
v -0.880000 0.442624 1.362718
v -0.640000 0.520912 1.300285
v -0.640000 0.614732 1.375104
v -0.880000 0.614732 1.375104
v -0.880000 0.520912 1.300285
v -0.640000 0.564359 1.210067
v -0.640000 0.681350 1.236770
v -0.880000 0.681350 1.236770
v -0.880000 0.564359 1.210067
v -0.640000 0.564359 1.109933
v -0.640000 0.681350 1.083230
v -0.880000 0.681350 1.083230
v -0.880000 0.564359 1.109933
v -0.640000 0.520912 1.019715
v -0.640000 0.614732 0.944896
v -0.880000 0.614732 0.944896
v -0.880000 0.520912 1.019715
v -0.640000 0.442624 0.957282
v -0.640000 0.494690 0.849166
v -0.880000 0.494690 0.849166
v -0.880000 0.442624 0.957282
v -0.640000 0.345000 0.935000
v -0.640000 0.345000 0.815000
v -0.880000 0.345000 0.815000
v -0.880000 0.345000 0.935000
v -0.640000 0.247376 0.957282
v -0.640000 0.195310 0.849166
v -0.880000 0.195310 0.849166
v -0.880000 0.247376 0.957282
v -0.640000 0.169088 1.019715
v -0.640000 0.075268 0.944896
v -0.880000 0.075268 0.944896
v -0.880000 0.169088 1.019715
v -0.640000 0.125641 1.109933
v -0.640000 0.008650 1.083230
v -0.880000 0.008650 1.083230
v -0.880000 0.125641 1.109933
v -0.640000 0.125641 1.210067
v -0.640000 0.008650 1.236770
v -0.880000 0.008650 1.236770
v -0.880000 0.125641 1.210067
v -0.640000 0.169088 1.300285
v -0.640000 0.075268 1.375104
v -0.880000 0.075268 1.375104
v -0.880000 0.169088 1.300285
v -0.640000 0.247376 1.362718
v -0.640000 0.195310 1.470834
v -0.880000 0.195310 1.470834
v -0.880000 0.247376 1.362718
v -0.640000 0.345000 -0.935000
v -0.640000 0.345000 -0.815000
v -0.880000 0.345000 -0.815000
v -0.880000 0.345000 -0.935000
v -0.640000 0.442624 -0.957282
v -0.640000 0.494690 -0.849166
v -0.880000 0.494690 -0.849166
v -0.880000 0.442624 -0.957282
v -0.640000 0.520912 -1.019715
v -0.640000 0.614732 -0.944896
v -0.880000 0.614732 -0.944896
v -0.880000 0.520912 -1.019715
v -0.640000 0.564359 -1.109933
v -0.640000 0.681350 -1.083230
v -0.880000 0.681350 -1.083230
v -0.880000 0.564359 -1.109933
v -0.640000 0.564359 -1.210067
v -0.640000 0.681350 -1.236770
v -0.880000 0.681350 -1.236770
v -0.880000 0.564359 -1.210067
v -0.640000 0.520912 -1.300285
v -0.640000 0.614732 -1.375104
v -0.880000 0.614732 -1.375104
v -0.880000 0.520912 -1.300285
v -0.640000 0.442624 -1.362718
v -0.640000 0.494690 -1.470834
v -0.880000 0.494690 -1.470834
v -0.880000 0.442624 -1.362718
v -0.640000 0.345000 -1.385000
v -0.640000 0.345000 -1.505000
v -0.880000 0.345000 -1.505000
v -0.880000 0.345000 -1.385000
v -0.640000 0.247376 -1.362718
v -0.640000 0.195310 -1.470834
v -0.880000 0.195310 -1.470834
v -0.880000 0.247376 -1.362718
v -0.640000 0.169088 -1.300285
v -0.640000 0.075268 -1.375104
v -0.880000 0.075268 -1.375104
v -0.880000 0.169088 -1.300285
v -0.640000 0.125641 -1.210067
v -0.640000 0.008650 -1.236770
v -0.880000 0.008650 -1.236770
v -0.880000 0.125641 -1.210067
v -0.640000 0.125641 -1.109933
v -0.640000 0.008650 -1.083230
v -0.880000 0.008650 -1.083230
v -0.880000 0.125641 -1.109933
v -0.640000 0.169088 -1.019715
v -0.640000 0.075268 -0.944896
v -0.880000 0.075268 -0.944896
v -0.880000 0.169088 -1.019715
v -0.640000 0.247376 -0.957282
v -0.640000 0.195310 -0.849166
v -0.880000 0.195310 -0.849166
v -0.880000 0.247376 -0.957282
v -0.725000 0.360000 -1.750000
v -0.725000 0.360000 1.750000
v -0.725000 0.660000 -1.750000
v -0.725000 0.660000 1.750000
v 0.725000 0.360000 -1.750000
v 0.725000 0.360000 1.750000
v 0.725000 0.660000 -1.750000
v 0.725000 0.660000 1.750000
v -0.920000 0.350000 -1.160000
v -0.920000 0.350000 -1.275000
v -0.500000 0.350000 -1.275000
v -0.500000 0.350000 -1.160000
v -0.920000 0.417595 -1.253037
v -0.500000 0.417595 -1.253037
v -0.920000 0.459371 -1.195537
v -0.500000 0.459371 -1.195537
v -0.920000 0.459371 -1.124463
v -0.500000 0.459371 -1.124463
v -0.920000 0.417595 -1.066963
v -0.500000 0.417595 -1.066963
v -0.920000 0.350000 -1.045000
v -0.500000 0.350000 -1.045000
v -0.920000 0.282405 -1.066963
v -0.500000 0.282405 -1.066963
v -0.920000 0.240629 -1.124463
v -0.500000 0.240629 -1.124463
v -0.920000 0.240629 -1.195537
v -0.500000 0.240629 -1.195537
v -0.920000 0.282405 -1.253037
v -0.500000 0.282405 -1.253037
v -0.920000 0.350000 1.160000
v -0.920000 0.350000 1.045000
v -0.500000 0.350000 1.045000
v -0.500000 0.350000 1.160000
v -0.920000 0.417595 1.066963
v -0.500000 0.417595 1.066963
v -0.920000 0.459371 1.124463
v -0.500000 0.459371 1.124463
v -0.920000 0.459371 1.195537
v -0.500000 0.459371 1.195537
v -0.920000 0.417595 1.253037
v -0.500000 0.417595 1.253037
v -0.920000 0.350000 1.275000
v -0.500000 0.350000 1.275000
v -0.920000 0.282405 1.253037
v -0.500000 0.282405 1.253037
v -0.920000 0.240629 1.195537
v -0.500000 0.240629 1.195537
v -0.920000 0.240629 1.124463
v -0.500000 0.240629 1.124463
v -0.920000 0.282405 1.066963
v -0.500000 0.282405 1.066963
v 0.500000 0.350000 -1.160000
v 0.500000 0.350000 -1.275000
v 0.920000 0.350000 -1.275000
v 0.920000 0.350000 -1.160000
v 0.500000 0.417595 -1.253037
v 0.920000 0.417595 -1.253037
v 0.500000 0.459371 -1.195537
v 0.920000 0.459371 -1.195537
v 0.500000 0.459371 -1.124463
v 0.920000 0.459371 -1.124463
v 0.500000 0.417595 -1.066963
v 0.920000 0.417595 -1.066963
v 0.500000 0.350000 -1.045000
v 0.920000 0.350000 -1.045000
v 0.500000 0.282405 -1.066963
v 0.920000 0.282405 -1.066963
v 0.500000 0.240629 -1.124463
v 0.920000 0.240629 -1.124463
v 0.500000 0.240629 -1.195537
v 0.920000 0.240629 -1.195537
v 0.500000 0.282405 -1.253037
v 0.920000 0.282405 -1.253037
v 0.500000 0.350000 1.160000
v 0.500000 0.350000 1.045000
v 0.920000 0.350000 1.045000
v 0.920000 0.350000 1.160000
v 0.500000 0.417595 1.066963
v 0.920000 0.417595 1.066963
v 0.500000 0.459371 1.124463
v 0.920000 0.459371 1.124463
v 0.500000 0.459371 1.195537
v 0.920000 0.459371 1.195537
v 0.500000 0.417595 1.253037
v 0.920000 0.417595 1.253037
v 0.500000 0.350000 1.275000
v 0.920000 0.350000 1.275000
v 0.500000 0.282405 1.253037
v 0.920000 0.282405 1.253037
v 0.500000 0.240629 1.195537
v 0.920000 0.240629 1.195537
v 0.500000 0.240629 1.124463
v 0.920000 0.240629 1.124463
v 0.500000 0.282405 1.066963
v 0.920000 0.282405 1.066963
v -0.650000 0.705000 -1.900000
v -0.650000 0.705000 -1.620000
v -0.650000 0.955000 -1.900000
v -0.650000 0.955000 -1.620000
v -0.490000 0.705000 -1.900000
v -0.490000 0.705000 -1.620000
v -0.490000 0.955000 -1.900000
v -0.490000 0.955000 -1.620000
v -0.790000 0.715000 1.655000
v -0.790000 0.715000 1.835000
v -0.790000 0.925000 1.655000
v -0.790000 0.925000 1.835000
v -0.650000 0.715000 1.655000
v -0.650000 0.715000 1.835000
v -0.650000 0.925000 1.655000
v -0.650000 0.925000 1.835000
v 0.490000 0.705000 -1.900000
v 0.490000 0.705000 -1.620000
v 0.490000 0.955000 -1.900000
v 0.490000 0.955000 -1.620000
v 0.650000 0.705000 -1.900000
v 0.650000 0.705000 -1.620000
v 0.650000 0.955000 -1.900000
v 0.650000 0.955000 -1.620000
v 0.650000 0.715000 1.655000
v 0.650000 0.715000 1.835000
v 0.650000 0.925000 1.655000
v 0.650000 0.925000 1.835000
v 0.790000 0.715000 1.655000
v 0.790000 0.715000 1.835000
v 0.790000 0.925000 1.655000
v 0.790000 0.925000 1.835000
v -0.625000 0.460000 -1.985000
v -0.625000 0.460000 -1.635000
v -0.625000 0.620000 -1.985000
v -0.625000 0.620000 -1.635000
v -0.535000 0.460000 -1.985000
v -0.535000 0.460000 -1.635000
v -0.535000 0.620000 -1.985000
v -0.535000 0.620000 -1.635000
v 0.535000 0.460000 -1.985000
v 0.535000 0.460000 -1.635000
v 0.535000 0.620000 -1.985000
v 0.535000 0.620000 -1.635000
v 0.625000 0.460000 -1.985000
v 0.625000 0.460000 -1.635000
v 0.625000 0.620000 -1.985000
v 0.625000 0.620000 -1.635000
v -0.680000 1.105000 -0.625000
v 0.680000 1.105000 -0.625000
v 0.610000 1.490000 -0.267000
v -0.610000 1.490000 -0.267000
v -0.680000 1.105000 -0.590000
v 0.680000 1.105000 -0.590000
v 0.610000 1.490000 -0.232000
v -0.610000 1.490000 -0.232000
v -0.660000 1.085000 1.660000
v 0.660000 1.085000 1.660000
v 0.570000 1.485000 1.425000
v -0.570000 1.485000 1.425000
v -0.660000 1.085000 1.620000
v 0.660000 1.085000 1.620000
v 0.570000 1.485000 1.385000
v -0.570000 1.485000 1.385000
v -0.745000 1.085000 -0.555000
v -0.745000 1.075000 0.535000
v -0.652000 1.485000 0.495000
v -0.652000 1.485000 -0.305000
v -0.713000 1.085000 -0.555000
v -0.713000 1.075000 0.535000
v -0.620000 1.485000 0.495000
v -0.620000 1.485000 -0.305000
v -0.740000 1.065000 0.530000
v -0.735000 1.090000 1.520000
v -0.640000 1.480000 1.350000
v -0.652000 1.490000 0.520000
v -0.708000 1.065000 0.530000
v -0.703000 1.090000 1.520000
v -0.608000 1.480000 1.350000
v -0.620000 1.490000 0.520000
v 0.745000 1.085000 -0.555000
v 0.745000 1.075000 0.535000
v 0.652000 1.485000 0.495000
v 0.652000 1.485000 -0.305000
v 0.713000 1.085000 -0.555000
v 0.713000 1.075000 0.535000
v 0.620000 1.485000 0.495000
v 0.620000 1.485000 -0.305000
v 0.740000 1.065000 0.530000
v 0.735000 1.090000 1.520000
v 0.640000 1.480000 1.350000
v 0.652000 1.490000 0.520000
v 0.708000 1.065000 0.530000
v 0.703000 1.090000 1.520000
v 0.608000 1.480000 1.350000
v 0.620000 1.490000 0.520000
v -0.690000 1.067500 -0.617500
v 0.690000 1.067500 -0.617500
v -0.690000 1.112500 -0.617500
v 0.690000 1.112500 -0.617500
v -0.690000 1.067500 -0.662500
v 0.690000 1.067500 -0.662500
v -0.690000 1.112500 -0.662500
v 0.690000 1.112500 -0.662500
v -0.680000 1.058000 1.682000
v 0.680000 1.058000 1.682000
v -0.680000 1.102000 1.682000
v 0.680000 1.102000 1.682000
v -0.680000 1.058000 1.638000
v 0.680000 1.058000 1.638000
v -0.680000 1.102000 1.638000
v 0.680000 1.102000 1.638000
v -0.675000 1.045851 1.672472
v -0.675000 1.052899 1.667684
v -0.675000 1.287839 1.487348
v -0.675000 1.291630 1.480871
v -0.652576 1.398230 1.420000
v -0.659412 1.378381 1.420000
v -0.660596 1.373938 1.420000
v -0.663735 1.363485 1.420000
v -0.675000 1.027420 1.683337
v -0.675000 1.009153 1.692372
v -0.675000 0.993340 1.700190
v -0.675000 0.959201 1.716442
v -0.675000 1.284703 1.490862
v -0.675000 1.295928 -0.398200
v -0.675000 1.292879 -0.400835
v -0.675000 1.290620 -0.402841
v -0.675000 1.397826 1.240863
v -0.675000 1.402807 1.223626
v -0.675000 1.407345 1.207410
v -0.675000 1.411587 1.187360
v -0.675000 1.427338 0.440889
v -0.675000 1.427844 0.437327
v -0.675000 1.379182 1.289339
v -0.675000 1.389904 1.261688
v -0.675000 1.365709 1.326067
v -0.675000 1.355567 -0.341320
v -0.675000 1.340065 -0.357159
v -0.675000 1.324564 -0.372189
v -0.675000 0.809942 1.751355
v -0.675000 0.828280 1.749972
v -0.675000 0.908925 1.738947
v -0.675000 0.900324 1.741272
v -0.537516 1.485664 1.420000
v -0.505247 1.491049 1.420000
v -0.559439 1.479417 1.420000
v -0.537912 1.485585 1.420000
v -0.560458 1.479045 1.420000
v -0.563119 1.477718 1.420000
v -0.577145 1.470931 1.420000
v 0.001001 1.507902 1.420000
v -0.057756 1.507697 1.420000
v -0.065229 1.507647 1.420000
v -0.070116 1.507602 1.420000
v -0.082168 1.507361 1.420000
v -0.171445 1.505571 1.420000
v -0.230143 1.503961 1.420000
v -0.263455 1.502831 1.420000
v -0.675000 1.296864 1.471767
v 0.675000 1.212516 -0.470490
v 0.675000 1.221040 -0.462849
v 0.675000 1.258089 -0.430956
v 0.675000 1.290622 -0.402840
v -0.675000 0.880564 1.744326
v -0.675000 0.863365 1.746521
v -0.675000 1.301384 1.461011
v -0.667697 1.348947 1.420000
v -0.667006 1.351398 1.420000
v -0.675000 1.303313 1.454818
v -0.675000 1.306428 1.441360
v -0.675000 0.957298 1.717294
v -0.675000 1.306468 1.440836
v 0.537518 1.485664 1.420000
v 0.505247 1.491049 1.420000
v 0.675000 1.417793 0.496338
v 0.675000 1.416817 0.503238
v 0.675000 1.422903 0.455028
v 0.675000 1.425534 0.437361
v 0.675000 0.908925 1.738947
v 0.675000 0.900324 1.741272
v 0.675000 1.327457 1.392893
v 0.675000 1.330042 1.389189
v 0.675000 1.337141 1.376838
v 0.675000 0.809939 1.751356
v 0.675000 0.828280 1.749972
v 0.675000 0.802972 1.752197
v 0.675000 1.397825 1.240862
v 0.675000 1.402807 1.223631
v 0.675000 1.365555 1.326525
v 0.675000 1.379186 1.289328
v 0.675000 1.407346 1.207411
v 0.675000 1.389904 1.261687
v 0.675000 1.411588 1.187360
v 0.675000 1.292882 -0.400834
v 0.675000 1.295930 -0.398199
v 0.560458 1.479045 1.420000
v 0.559439 1.479417 1.420000
v 0.537912 1.485586 1.420000
v 0.563119 1.477718 1.420000
v 0.577145 1.470930 1.420000
v 0.675000 1.324563 -0.372190
v 0.675000 1.340066 -0.357159
v 0.675000 1.355567 -0.341319
v -0.640059 1.420341 1.420000
v -0.639061 1.421539 1.420000
v -0.652319 1.398854 1.420000
v -0.647235 1.408795 1.420000
v -0.628148 1.432467 1.420000
v -0.675000 1.216011 1.552703
v -0.675000 1.202793 1.562727
v -0.675000 1.310765 1.424923
v -0.675000 1.322722 1.401465
v -0.675000 1.313275 1.420000
v -0.668568 1.344691 1.420000
v -0.675000 1.306709 1.439513
v -0.675000 1.226654 1.544299
v -0.675000 1.250177 1.525368
v -0.675000 1.222995 1.547335
v -0.675000 1.269293 1.508016
v -0.675000 1.272752 1.504764
v -0.675000 1.190032 1.571802
v -0.675000 0.891646 1.742938
v -0.675000 1.109272 -0.558164
v -0.675000 1.112234 -0.556023
v -0.675000 1.079518 -0.614910
v -0.675000 1.073994 -0.630167
v -0.675000 1.071549 -0.638324
v -0.675000 1.065717 -0.659981
v -0.675000 1.081591 -0.609250
v -0.675000 1.102105 -0.567411
v -0.675000 1.212516 -0.470491
v -0.675000 1.166665 -0.511359
v -0.675000 1.121193 -0.549104
v -0.675000 1.116406 -0.552088
v -0.675000 1.096726 -0.576783
v -0.675000 1.090897 -0.587764
v -0.675000 1.397653 -0.277755
v -0.675000 1.404340 -0.263276
v -0.675000 1.087365 -0.595640
v -0.675000 1.221041 -0.462849
v -0.675000 1.258089 -0.430956
v -0.675000 1.333071 1.383458
v -0.675000 1.337769 1.375436
v -0.675000 1.330355 1.389270
v -0.668105 1.347107 1.420000
v -0.675000 0.802972 1.752197
v -0.401875 1.498363 1.420000
v -0.458940 1.495287 1.420000
v -0.335689 1.500999 1.420000
v -0.401050 1.498395 1.420000
v -0.675000 1.065092 -0.663130
v -0.675000 1.059034 -0.693438
v -0.462379 1.494959 1.420000
v -0.675000 1.057892 -0.701014
v -0.675000 1.054385 -0.724918
v -0.675000 1.364230 -0.330649
v -0.675000 1.373933 -0.317772
v -0.675000 1.380804 -0.308108
v -0.675000 1.388405 -0.295099
v -0.675000 1.385214 -0.300841
v -0.675000 1.128824 1.614832
v -0.675000 1.090079 1.641643
v -0.675000 1.069467 1.655619
v -0.675000 1.032637 1.680449
v -0.612105 1.446483 1.420000
v -0.619410 1.440225 1.420000
v -0.609792 1.448313 1.420000
v -0.586147 1.465325 1.420000
v -0.581014 1.468563 1.420000
v -0.600775 1.454827 1.420000
v -0.675000 1.065524 -0.660781
v 0.675000 0.957299 1.717294
v 0.675000 0.959204 1.716440
v 0.675000 0.863361 1.746521
v 0.675000 1.287839 1.487348
v 0.675000 1.291631 1.480871
v 0.675000 1.296863 1.471768
v 0.675000 1.301383 1.461011
v 0.665536 1.357438 1.420000
v 0.672280 1.327477 1.420000
v 0.652577 1.398230 1.420000
v 0.659413 1.378380 1.420000
v 0.665267 1.358412 1.420000
v 0.660596 1.373939 1.420000
v 0.665487 1.357615 1.420000
v 0.675000 1.306775 1.438816
v 0.675000 1.306445 1.443102
v 0.675000 1.303311 1.454818
v -0.675000 1.418101 0.499591
v -0.675000 1.418246 0.498462
v 0.675000 0.880565 1.744325
v 0.675000 0.993338 1.700192
v 0.675000 1.005588 1.694181
v 0.675000 1.025636 1.684242
v 0.675000 1.031254 1.681269
v 0.675000 1.048408 1.670864
v 0.675000 1.052899 1.667684
v 0.675000 1.043611 1.673801
v 0.675000 1.309341 1.427168
v 0.675000 1.313129 1.420000
v 0.675000 1.284702 1.490863
v 0.675000 1.365443 1.326845
v 0.675000 1.351013 1.350107
v 0.675000 1.365527 1.326632
v -0.675000 1.365446 1.326792
v -0.675000 1.365643 1.326322
v 0.675000 1.339171 1.373313
v -0.675000 1.339476 1.372598
v 0.675000 1.189033 1.572418
v 0.675000 1.181110 1.578130
v -0.675000 1.350750 1.349999
v 0.675000 1.307508 1.434680
v 0.675000 1.204440 1.561484
v 0.675000 1.269295 1.508015
v 0.675000 1.272753 1.504763
v 0.675000 1.250176 1.525368
v 0.675000 1.222730 1.547569
v 0.675000 1.225854 1.544978
v 0.639062 1.421538 1.420000
v 0.640060 1.420340 1.420000
v 0.628150 1.432465 1.420000
v 0.675000 1.216741 1.552174
v 0.675000 1.069462 1.655623
v 0.675000 1.065091 -0.663133
v 0.675000 1.059034 -0.693436
v 0.647235 1.408796 1.420000
v 0.652319 1.398856 1.420000
v 0.675000 0.891645 1.742939
v 0.675000 1.057892 -0.701012
v 0.675000 1.054385 -0.724918
v 0.619406 1.440229 1.420000
v 0.612242 1.446360 1.420000
v 0.609792 1.448314 1.420000
v 0.586147 1.465325 1.420000
v 0.600779 1.454823 1.420000
v 0.581012 1.468563 1.420000
v 0.335695 1.500999 1.420000
v 0.263468 1.502830 1.420000
v 0.401871 1.498364 1.420000
v 0.458939 1.495286 1.420000
v 0.462382 1.494958 1.420000
v 0.675000 1.125599 1.617233
v 0.675000 1.090087 1.641638
v 0.401050 1.498395 1.420000
v 0.675000 1.385218 -0.300833
v 0.675000 1.388409 -0.295091
v 0.675000 1.380806 -0.308105
v 0.675000 1.397651 -0.277757
v 0.675000 1.065524 -0.660781
v 0.675000 1.065717 -0.659980
v 0.675000 1.364228 -0.330652
v 0.675000 1.373933 -0.317772
v 0.675000 1.087365 -0.595640
v 0.675000 1.081591 -0.609250
v 0.675000 1.096726 -0.576783
v 0.675000 1.102105 -0.567411
v 0.675000 1.090897 -0.587764
v 0.675000 1.404337 -0.263278
v 0.675000 1.071549 -0.638325
v 0.675000 1.073995 -0.630167
v 0.675000 1.079518 -0.614910
v 0.675000 1.166665 -0.511359
v 0.675000 1.109272 -0.558164
v 0.675000 1.112234 -0.556023
v 0.675000 1.116406 -0.552088
v 0.675000 1.121193 -0.549104
v 0.230150 1.503960 1.420000
v 0.171456 1.505571 1.420000
v 0.082200 1.507360 1.420000
v 0.070122 1.507602 1.420000
v 0.058103 1.507696 1.420000
v -0.675000 1.355606 -0.307358
v -0.675000 1.369249 -0.295662
v -0.675000 1.389584 -0.276702
v -0.675000 1.397103 -0.269497
v -0.675000 1.404392 -0.261876
v -0.675000 1.391338 0.436439
v -0.675000 1.380797 0.436434
v -0.675000 1.413227 0.436444
v -0.675000 1.436224 0.436596
v -0.675000 1.403440 -0.194796
v -0.675000 1.403423 -0.187029
v -0.675000 1.433724 0.390190
v -0.675000 1.433345 0.386450
v -0.675000 1.403756 -0.226930
v -0.675000 1.403520 -0.198908
v 0.675000 1.392509 0.436426
v 0.675000 1.381344 0.436426
v 0.675000 1.409060 0.436429
v 0.675000 1.432522 0.436550
v 0.675000 1.436867 0.436586
v 0.675000 1.433467 0.386142
v 0.675000 1.433684 0.388637
v 0.675000 1.435040 0.405452
v 0.675000 1.404471 -0.261559
v 0.675000 1.373463 -0.291895
v 0.675000 1.365824 -0.298503
v 0.675000 1.355618 -0.307372
v 0.675000 1.403423 -0.187029
v 0.675000 1.403437 -0.194696
v 0.675000 1.436154 0.424173
v 0.675000 1.403700 -0.224581
v 0.675000 1.403501 -0.197816
v 0.675000 1.403955 -0.240391
v 0.675000 1.404083 -0.249495
v -0.452775 1.492269 1.420000
v -0.452799 1.488250 1.420000
v -0.452720 1.499563 1.420000
v -0.440892 1.490894 1.420000
v -0.411881 1.491030 1.420000
v -0.413210 1.491107 1.420000
v -0.400948 1.488843 1.420000
v -0.407090 1.521398 1.420000
v -0.403251 1.520284 1.420000
v -0.449901 1.521202 1.420000
v -0.408142 1.521501 1.420000
v -0.450643 1.521192 1.420000
v -0.452114 1.509491 1.420000
v -0.402824 1.520137 1.420000
v -0.440322 1.490935 1.420000
v -0.439579 1.490940 1.420000
v -0.451020 1.521142 1.420000
v -0.400994 1.499041 1.420000
v -0.400962 1.492348 1.420000
v 0.432303 1.521374 1.420000
v 0.403060 1.521486 1.420000
v 0.402429 1.519141 1.420000
v 0.402540 1.520308 1.420000
v 0.452791 1.492191 1.420000
v 0.452799 1.488241 1.420000
v 0.452748 1.500883 1.420000
v 0.401049 1.489021 1.420000
v 0.401134 1.504598 1.420000
v 0.449952 1.521216 1.420000
v 0.451050 1.521003 1.420000
v 0.452282 1.509990 1.420000
v 0.450648 1.521208 1.420000
v -0.675000 1.049645 -0.758248
v -0.675000 1.046749 -0.803550
v -0.675000 0.975632 -1.677279
v -0.675000 0.966125 -1.682705
v -0.675000 0.948501 -1.693185
v -0.675000 0.946740 -1.694056
v -0.675000 0.946343 -1.695043
v -0.675000 1.002112 -1.615500
v -0.675000 1.001422 -1.620589
v -0.675000 1.015997 -1.493140
v -0.675000 1.014044 -1.514724
v -0.675000 1.011345 -1.539938
v -0.675000 1.008500 -1.564952
v -0.675000 0.938825 -1.700219
v -0.675000 0.941608 -1.698698
v -0.675000 0.996326 -1.661530
v -0.675000 0.989271 -1.666986
v -0.675000 1.012663 -1.527970
v -0.675000 0.996737 -1.658530
v -0.675000 1.001160 -1.622481
v -0.675000 1.019670 -1.448568
v -0.675000 1.019549 -1.450179
v -0.675000 1.020120 -1.441708
v -0.675000 1.029302 -1.270029
v -0.675000 1.025916 -1.343102
v -0.675000 1.051996 -0.723249
v -0.675000 1.022690 -1.401812
v -0.675000 1.022924 -1.398646
v -0.675000 1.024412 -1.368931
v -0.675000 1.030375 -1.248162
v -0.675000 1.036754 -1.083445
v -0.675000 1.032068 -1.207651
v -0.675000 1.044255 -0.872501
v -0.675000 1.040144 -0.990352
v 0.675000 0.966125 -1.682705
v 0.675000 0.975631 -1.677280
v 0.675000 0.946739 -1.694055
v 0.675000 0.948501 -1.693184
v 0.675000 0.946342 -1.695043
v 0.675000 0.996737 -1.658530
v 0.675000 1.001160 -1.622480
v 0.675000 0.996326 -1.661530
v 0.675000 1.046749 -0.803550
v 0.675000 1.049645 -0.758247
v 0.675000 0.989269 -1.666987
v 0.675000 1.008501 -1.564951
v 0.675000 1.002112 -1.615502
v 0.675000 1.011345 -1.539938
v 0.675000 1.015997 -1.493140
v 0.675000 1.014044 -1.514724
v 0.675000 0.941608 -1.698698
v 0.675000 0.938826 -1.700219
v 0.675000 1.001422 -1.620589
v 0.675000 1.012663 -1.527970
v 0.675000 1.019549 -1.450179
v 0.675000 1.019670 -1.448568
v 0.675000 1.020120 -1.441708
v 0.675000 1.044255 -0.872500
v 0.675000 1.036754 -1.083441
v 0.675000 1.032068 -1.207652
v 0.675000 1.040144 -0.990352
v 0.675000 1.030375 -1.248164
v 0.675000 1.024412 -1.368934
v 0.675000 1.025917 -1.343101
v 0.675000 1.022690 -1.401812
v 0.675000 1.022924 -1.398646
v 0.675000 1.051996 -0.723249
v 0.675000 1.029302 -1.270030
v 0.675000 0.570082 -1.702197
v 0.675000 0.598859 -1.705600
v 0.675000 0.544709 -1.693929
v 0.675000 0.549207 -1.696427
v 0.675000 0.532639 -1.688437
v -0.675000 0.598850 -1.705599
v -0.675000 0.570081 -1.702197
v -0.675000 0.557882 -1.699085
v -0.675000 0.549206 -1.696427
v -0.675000 0.564199 -1.701216
v -0.675000 0.544708 -1.693929
v -0.675000 0.532639 -1.688437
v -0.675000 0.845556 -1.705305
v -0.675000 0.854456 -1.705408
v -0.675000 0.808263 -1.705764
v -0.675000 0.816605 -1.704849
v -0.675000 0.599593 -1.705679
v -0.675000 0.618721 -1.708163
v -0.675000 0.822818 -1.704626
v -0.675000 0.599427 -1.705649
v -0.675000 0.502457 -1.666613
v -0.675000 0.512984 -1.674947
v -0.675000 0.518492 -1.678528
v -0.675000 0.527819 -1.685410
v -0.675000 0.531258 -1.687503
v -0.675000 0.490827 -1.657377
v -0.675000 0.481138 -1.649207
v -0.675000 0.465952 -1.637133
v -0.675000 0.467597 -1.638546
v -0.675000 0.447308 -1.623155
v -0.675000 0.443961 -1.621309
v -0.675000 0.459513 -1.632378
v -0.675000 0.449519 -1.624772
v 0.675000 0.481139 -1.649207
v 0.675000 0.467597 -1.638546
v 0.675000 0.465952 -1.637133
v 0.675000 0.502457 -1.666613
v 0.675000 0.490827 -1.657378
v 0.675000 0.518492 -1.678528
v 0.675000 0.512984 -1.674947
v 0.675000 0.449520 -1.624772
v 0.675000 0.459514 -1.632378
v 0.675000 0.447309 -1.623155
v 0.675000 0.443961 -1.621309
v 0.675000 0.531259 -1.687503
v 0.675000 0.815017 -1.705486
v 0.675000 0.808240 -1.705659
v 0.675000 0.599428 -1.705649
v 0.675000 0.599592 -1.705679
v 0.675000 0.618721 -1.708163
v 0.675000 0.527820 -1.685411
v 0.675000 0.844528 -1.705238
v 0.675000 0.838579 -1.704584
v 0.675000 0.850231 -1.705523
v 0.675000 0.853682 -1.705535
v 0.675000 0.564199 -1.701215
v 0.675000 0.557882 -1.699085
v 0.675000 0.493442 1.690121
v 0.675000 0.485846 1.682161
v 0.675000 0.513917 1.707098
v 0.675000 0.513792 1.707031
v 0.675000 0.528236 1.714443
v 0.675000 0.531718 1.716580
v 0.675000 0.792115 1.751665
v 0.675000 0.782804 1.746685
v 0.675000 0.794094 1.752858
v 0.675000 0.799815 1.753485
v 0.675000 0.802951 1.753745
v 0.604037 0.770000 1.764624
v 0.603710 0.770000 1.764646
v 0.539079 0.770000 1.769600
v 0.538315 0.770000 1.769633
v 0.629836 0.770000 1.760605
v 0.604311 0.770000 1.764595
v 0.635132 0.770000 1.759700
v -0.675000 0.782804 1.746685
v -0.675000 0.792114 1.751664
v 0.675000 0.611715 1.734618
v 0.675000 0.612890 1.734762
v 0.675000 0.578098 1.729739
v 0.675000 0.553452 1.724252
v 0.675000 0.578260 1.729781
v 0.675000 0.610584 1.734419
v 0.675000 0.553376 1.724223
v 0.647161 0.770000 1.756315
v 0.651042 0.770000 1.755269
v 0.675000 0.501956 1.697417
v 0.656312 0.770000 1.753058
v 0.664669 0.770000 1.750097
v 0.429011 0.770000 1.774487
v 0.426438 0.770000 1.774616
v 0.491578 0.770000 1.771696
v 0.300950 0.770000 1.777935
v 0.298277 0.770000 1.778017
v 0.675000 0.644160 1.737323
v 0.675000 0.479775 1.675135
v 0.675000 0.474674 1.669461
v 0.675000 0.498773 1.695243
v 0.675000 0.774373 1.745190
v 0.675000 0.763193 1.743606
v 0.675000 0.770000 1.744570
v 0.670834 0.770000 1.746706
v 0.675000 0.673243 1.739673
v 0.675000 0.676215 1.739844
v 0.675000 0.703866 1.741073
v 0.675000 0.756539 1.743349
v 0.189923 0.770000 1.778614
v 0.185500 0.770000 1.778618
v -0.013560 0.770000 1.777770
v -0.675000 0.553376 1.724224
v -0.675000 0.553452 1.724253
v -0.675000 0.531718 1.716580
v -0.675000 0.610581 1.734419
v -0.675000 0.611714 1.734618
v -0.675000 0.578260 1.729781
v -0.675000 0.612891 1.734762
v -0.675000 0.578098 1.729739
v -0.675000 0.763192 1.743606
v -0.675000 0.774373 1.745190
v -0.675000 0.770000 1.744570
v -0.670835 0.770000 1.746705
v -0.603713 0.770000 1.764645
v -0.539092 0.770000 1.769600
v -0.651042 0.770000 1.755269
v -0.656313 0.770000 1.753058
v -0.647160 0.770000 1.756315
v -0.635131 0.770000 1.759700
v -0.675000 0.498773 1.695243
v -0.675000 0.493442 1.690121
v -0.664669 0.770000 1.750097
v -0.675000 0.485846 1.682162
v -0.675000 0.479775 1.675136
v -0.604040 0.770000 1.764623
v -0.604314 0.770000 1.764594
v -0.675000 0.528236 1.714444
v -0.629834 0.770000 1.760605
v -0.675000 0.794094 1.752858
v -0.675000 0.799815 1.753485
v -0.675000 0.802951 1.753745
v -0.675000 0.756537 1.743349
v -0.538321 0.770000 1.769633
v -0.429018 0.770000 1.774486
v -0.426429 0.770000 1.774617
v -0.491519 0.770000 1.771698
v -0.675000 0.703858 1.741072
v -0.675000 0.676204 1.739843
v -0.675000 0.673232 1.739673
v -0.675000 0.644185 1.737325
v -0.015519 0.770000 1.777777
v -0.675000 0.513917 1.707098
v -0.675000 0.513792 1.707031
v -0.675000 0.501956 1.697417
v -0.675000 0.474674 1.669461
v -0.300944 0.770000 1.777935
v -0.298271 0.770000 1.778017
v -0.190013 0.770000 1.778652
v -0.675000 0.579190 1.837780
v -0.675000 0.579190 1.837935
v -0.675000 0.529769 1.837935
v -0.675000 0.529150 1.837935
v -0.675000 0.529150 1.837780
v 0.675000 0.529150 1.825523
v 0.675000 0.529150 1.825391
v 0.675000 0.529150 1.837935
v 0.675000 0.579190 1.837935
v 0.675000 0.579190 1.825523
v -0.675000 0.579190 1.825391
v -0.675000 0.529150 1.825391
v 0.675000 0.529769 1.837935
v 0.675000 0.579190 1.825391
v 0.675000 0.740395 -1.706814
v 0.675000 0.730548 -1.706499
v 0.675000 0.818437 -1.736596
v 0.675000 0.793755 -1.721436
v 0.675000 0.769793 -1.711081
v 0.675000 0.792178 -1.720815
v 0.675000 0.763766 -1.708449
v 0.675000 0.762855 -1.707977
v 0.675000 0.818752 -1.736600
v 0.675000 0.762637 -1.707950
v 0.675000 0.611829 -1.722372
v 0.675000 0.625778 -1.717534
v 0.675000 0.574531 -1.732918
v 0.675000 0.574530 -1.729298
v 0.675000 0.761185 -1.707820
v 0.675000 0.830690 -1.734575
v 0.675000 0.830947 -1.725300
v 0.675000 0.831099 -1.707206
v 0.675000 0.831186 -1.675069
v 0.675000 0.574530 -1.675068
v -0.675000 0.574532 -1.732919
v -0.675000 0.577240 -1.733228
v -0.675000 0.587321 -1.733726
v -0.675000 0.588325 -1.733745
v -0.675000 0.588739 -1.733783
v 0.675000 0.635267 -1.713392
v 0.675000 0.649554 -1.707385
v 0.675000 0.603596 -1.724709
v 0.675000 0.588739 -1.733783
v -0.675000 0.793755 -1.721436
v -0.675000 0.792178 -1.720815
v -0.675000 0.818437 -1.736596
v -0.675000 0.771571 -1.711869
v -0.675000 0.764113 -1.708616
v -0.675000 0.762885 -1.707979
v -0.675000 0.760367 -1.707687
v -0.675000 0.653099 -1.707052
v -0.675000 0.664310 -1.706740
v -0.675000 0.669112 -1.706482
v -0.675000 0.574530 -1.729298
v -0.675000 0.830947 -1.725300
v -0.675000 0.831099 -1.707206
v -0.675000 0.818752 -1.736600
v -0.675000 0.830690 -1.734575
v -0.675000 0.831186 -1.675069
v -0.675000 0.738829 -1.706493
v -0.675000 0.649053 -1.707498
v -0.675000 0.649804 -1.707409
v 0.675000 0.653381 -1.707080
v 0.675000 0.677309 -1.706490
v 0.675000 0.650420 -1.707296
v -0.675000 0.611829 -1.722372
v -0.675000 0.603596 -1.724709
v -0.675000 0.625778 -1.717534
v 0.675000 0.577240 -1.733228
v 0.675000 0.587321 -1.733726
v -0.675000 0.645215 -1.709170
v 0.675000 0.588325 -1.733745
v -0.675000 0.574530 -1.675068
v -0.675000 0.986365 -0.413394
v -0.675000 1.032723 -0.436049
v -0.675000 0.936711 -0.386560
v -0.675000 0.835445 -0.595315
v -0.675000 0.766248 -0.737943
v 0.675000 0.868154 -0.527867
v 0.675000 0.936748 -0.386465
v 0.675000 0.766248 -0.737943
v -0.675000 0.600070 -0.737943
v -0.675000 0.488074 -0.737943
v 0.675000 1.071209 -0.554364
v 0.675000 1.071209 -0.567499
v 0.675000 1.058680 -0.456978
v 0.675000 0.973030 -0.401762
v 0.675000 1.019344 -0.424419
v -0.675000 1.066107 -0.442972
v -0.675000 1.080265 -0.455576
v 0.675000 0.651940 -0.707190
v 0.675000 0.482118 -0.661500
v 0.675000 1.037098 -0.437534
v -0.675000 1.071209 -0.567499
v -0.675000 1.077470 -0.542022
v -0.675000 0.476514 0.151598
v -0.675000 0.476514 -0.757101
v 0.675000 0.476514 0.009691
v 0.675000 0.476514 0.124709
v 0.675000 0.476514 -0.035120
v -0.675000 0.476514 0.622930
v 0.675000 0.616589 1.524243
v 0.675000 0.616310 1.534817
v -0.675000 0.616536 1.528032
v -0.675000 0.612922 1.665142
v 0.675000 0.616597 1.515285
v -0.675000 0.616598 1.459534
v -0.606423 0.616637 1.420000
v -0.569076 0.616638 1.420000
v -0.675000 0.616639 1.417484
v -0.675000 0.616637 1.420000
v 0.675000 0.476514 0.405384
v 0.675000 0.476514 -0.757101
v 0.675000 0.476514 -0.204283
v 0.675000 0.476514 0.622930
v 0.675000 0.616639 1.417494
v 0.675000 0.616621 1.459279
v 0.675000 0.616638 1.420000
v 0.606450 0.616638 1.420000
v 0.675000 0.612804 1.669696
v -0.675000 0.612804 1.669696
v -0.675000 1.356730 -0.235495
v -0.675000 1.356761 -0.241487
v -0.675000 1.357037 -0.287385
v -0.675000 1.358663 -0.303168
v -0.675000 1.356715 -0.252086
v -0.675000 1.382852 0.429104
v -0.675000 1.383546 0.436690
v -0.675000 1.375251 0.386587
v 0.675000 1.357037 -0.287385
v 0.675000 1.356715 -0.252086
v 0.675000 1.358663 -0.303168
v 0.675000 1.382852 0.429104
v 0.675000 1.383546 0.436690
v 0.675000 1.375251 0.386587
v 0.675000 1.356761 -0.241487
v 0.675000 1.356730 -0.235495
v 0.675000 1.118416 1.604562
v 0.675000 1.211199 1.539298
v 0.675000 1.101655 -0.547333
v 0.675000 1.146600 -0.510431
v 0.622443 1.420779 1.420000
v 0.633254 1.409711 1.420000
v 0.675000 1.241467 1.515951
v 0.642717 1.399772 1.420000
v 0.273577 1.488951 1.420000
v 0.400184 1.476100 1.420000
v 0.537364 1.457041 1.420000
v 0.675000 1.292548 1.354649
v 0.675000 1.372534 1.205702
v 0.562561 1.444752 1.420000
v 0.594053 1.434039 1.420000
v 0.000000 1.496010 1.420000
v 0.125916 1.495927 1.420000
v 0.675000 1.087291 -0.558812
v 0.675000 1.205324 -0.460400
v 0.675000 1.316297 -0.364461
v 0.675000 1.323915 -0.357401
v 0.675000 1.372097 0.449055
v 0.675000 1.363374 0.499343
v 0.675000 1.372579 1.205537
v 0.675000 1.033958 1.664546
v 0.675000 0.851993 1.731544
v 0.675000 0.900084 1.727951
v 0.675000 1.245813 1.438365
v 0.651409 1.358599 1.420000
v 0.675000 0.967190 1.697707
v -0.675000 1.373293 0.436923
v -0.675000 1.372096 0.449055
v -0.675000 1.363374 0.499343
v -0.675000 1.372534 1.205708
v -0.675000 1.372581 1.205537
v -0.675000 1.292549 1.354648
v -0.591125 1.446077 1.420000
v -0.561477 1.455633 1.420000
v -0.537364 1.469519 1.420000
v 0.675000 1.344703 -0.329029
v 0.675000 1.361099 -0.297248
v 0.675000 1.249871 1.416424
v 0.675000 1.249210 1.420000
v 0.675000 0.802525 1.737391
v -0.675000 1.211199 1.539297
v -0.675000 1.118417 1.604562
v -0.675000 1.033959 1.664546
v -0.675000 1.323911 -0.357403
v -0.675000 1.344704 -0.329029
v -0.628970 1.414104 1.420000
v -0.400184 1.476100 1.420000
v -0.273577 1.488951 1.420000
v -0.636649 1.406244 1.420000
v -0.675000 1.361099 -0.297248
v -0.675000 1.205335 -0.460391
v -0.675000 1.316295 -0.364462
v -0.675000 1.241435 1.515996
v -0.642656 1.399939 1.420000
v -0.675000 1.087291 -0.558812
v -0.675000 1.101655 -0.547333
v -0.675000 1.146600 -0.510432
v -0.675000 0.900084 1.727951
v -0.675000 0.851993 1.731544
v 0.675000 1.373294 0.436923
v -0.675000 1.245745 1.439032
v -0.648465 1.372439 1.420000
v -0.675000 0.967191 1.697707
v -0.675000 0.802525 1.737391
v -0.125916 1.495927 1.420000
v -0.675000 1.249872 1.416424
v -0.675000 1.249219 1.420000
v 0.675000 0.522311 1.709009
v 0.675000 0.483355 1.660957
v 0.675000 0.623213 1.721219
v 0.675000 0.634262 1.724022
v -0.554277 0.770000 1.756555
v -0.635205 0.770000 1.749918
v -0.264613 0.770000 1.766859
v -0.149048 0.770000 1.765733
v 0.000000 0.770000 1.762135
v -0.675000 0.623213 1.721219
v -0.675000 0.526087 1.714237
v -0.675000 0.793619 1.731709
v -0.675000 0.689140 1.723322
v -0.675000 0.770000 1.729813
v -0.652460 0.770000 1.744587
v -0.435698 0.770000 1.758052
v -0.646946 0.770000 1.748932
v -0.675000 0.651951 1.724728
v -0.651122 0.770000 1.746031
v -0.675000 0.634262 1.724022
v -0.675000 0.522311 1.709009
v -0.675000 0.483355 1.660957
v -0.675000 0.803693 1.739152
v 0.149048 0.770000 1.765733
v 0.675000 0.651951 1.724728
v 0.675000 0.689140 1.723322
v 0.651122 0.770000 1.746031
v 0.652460 0.770000 1.744587
v 0.675000 0.793619 1.731709
v 0.675000 0.770000 1.729813
v 0.675000 0.526087 1.714237
v 0.521014 0.770000 1.757141
v 0.554277 0.770000 1.756555
v 0.435698 0.770000 1.758052
v 0.635205 0.770000 1.749918
v 0.646946 0.770000 1.748932
v 0.675000 0.803693 1.739152
v 0.264613 0.770000 1.766859
v -0.521014 0.770000 1.757141
o Niva_body_rebuilt_108
usemtl body
f 1119 1670 1120
f 1659 1294 1666
f 1661 1660 1665
f 1669 1212 1210
f 1669 1139 1212
f 1135 1210 1208
f 1135 1669 1210
f 1137 1208 1205
f 1137 1135 1208
f 1164 1205 1204
f 1164 1137 1205
f 1213 1212 1671
f 1213 1671 1670
f 1659 1666 1660
f 1119 1213 1670
f 1127 1668 1128
f 1668 1663 1128
f 1665 1667 1663
f 1668 1665 1663
f 1350 1349 1648
f 1650 1428 1429
f 1650 1649 1428
f 1649 1427 1428
f 412 416 1426
f 1642 410 412
f 1652 1655 427
f 1652 1654 1655
f 423 1659 1660
f 423 418 1659
f 1342 1319 1321
f 1650 1651 1653
f 1650 421 426
f 1650 1653 421
f 1653 427 421
f 427 1655 428
f 1644 1645 1646
f 1637 1642 1649
f 8808 8809 1118
f 1113 615 614
f 1643 1222 1123
f 1643 1123 638
f 551 1643 638
f 638 1123 1126
f 1214 620 1215
f 1127 1661 1668
f 1661 1665 1668
f 1660 1667 1665
f 1660 1666 1667
f 1353 1369 1357
f 364 1686 366
f 1325 1207 1215
f 1662 1204 1207
f 1663 1664 1204
f 1128 1662 1325
f 1325 1662 1207
f 1662 1663 1204
f 424 423 1661
f 423 1660 1661
f 424 1661 1127
f 1694 586 588
f 1693 586 1694
f 1687 1688 1689
f 1353 1691 1369
f 373 430 429
f 373 429 1691
f 1357 1369 1370
f 1695 376 375
f 1693 1695 586
f 1425 376 1695
f 377 1679 375
f 377 1423 1679
f 368 1693 369
f 368 1695 1693
f 1682 1681 1683
f 426 1649 1650
f 1651 427 1653
f 554 402 1343
f 1676 417 428
f 1676 1674 417
f 1675 422 417
f 1674 1675 417
f 1339 1656 1429
f 1339 406 1656
f 559 1685 364
f 1682 1683 1684
f 1429 1656 1651
f 1680 1681 1682
f 375 1677 589
f 1679 1677 375
f 1677 1678 587
f 589 1677 587
f 1690 1689 1365
f 1365 1368 1364
f 1365 1689 1368
f 1689 1386 1368
f 1687 1689 1690
f 1689 1688 1386
f 1643 550 1222
f 544 1352 1426
f 416 545 544
f 393 545 416
f 1638 1641 1640
f 425 1641 1638
f 425 424 1641
f 426 1638 1637
f 426 425 1638
f 1638 1640 1639
f 1637 1638 1639
f 1636 620 619
f 551 548 1643
f 416 544 1426
f 548 550 1643
f 1637 1639 1642
f 1642 1639 410
f 1639 553 410
f 1639 547 553
f 1640 547 1639
f 1262 505 1627
f 1262 502 505
f 1262 509 502
f 1264 1627 1625
f 1264 1262 1627
f 1615 1617 795
f 560 572 566
f 1266 1626 1628
f 1266 1265 1626
f 942 1633 1630
f 580 577 1629
f 1633 1629 1630
f 1633 580 1629
f 941 1630 935
f 935 1630 1631
f 1631 1629 1632
f 1629 573 1632
f 1265 1625 1626
f 1617 796 795
f 1617 820 796
f 1614 820 1617
f 1614 822 820
f 1613 822 1614
f 1613 823 822
f 1620 823 1613
f 1551 1609 1612
f 636 1324 1636
f 1324 1322 1636
f 544 546 1352
f 1651 1652 427
f 1645 546 628
f 1645 1648 546
f 394 393 414
f 414 393 416
f 935 1635 930
f 935 1631 1635
f 1631 1632 1635
f 573 576 1634
f 1632 573 1634
f 942 1630 941
f 1636 1322 620
f 1346 409 1647
f 554 1337 402
f 407 1320 403
f 1320 404 403
f 1320 1319 404
f 408 1350 409
f 1349 546 1648
f 1657 1654 1652
f 1657 1658 1654
f 1656 1652 1651
f 1656 1657 1652
f 1429 1651 1650
f 409 1350 1647
f 1265 1264 1625
f 1279 1622 1277
f 1628 1573 1572
f 1214 617 620
f 1119 617 1214
f 1119 614 617
f 628 627 1646
f 1647 1645 1644
f 1346 1647 1644
f 1645 628 1646
f 1350 1648 1645
f 374 1425 1695
f 1647 1350 1645
f 424 1223 1641
f 1221 550 547
f 1221 547 1640
f 1223 1640 1641
f 1223 1221 1640
f 426 1637 1649
f 1427 412 1426
f 1642 412 1427
f 1649 1642 1427
f 628 546 435
f 597 1293 1719
f 904 1004 1315
f 1332 1333 1309
f 1309 1333 1336
f 369 1694 1692
f 369 1693 1694
f 1309 1715 1311
f 1295 1680 387
f 1005 1736 1735
f 1309 1336 1715
f 1308 1332 1309
f 598 1719 600
f 597 1719 598
f 1004 1005 1735
f 1315 1728 1317
f 1004 1735 1315
f 1715 1336 1718
f 1721 1712 1714
f 1721 1722 1712
f 1722 1335 1712
f 1722 1334 1335
f 1718 1336 1334
f 367 1718 1721
f 1718 1334 1722
f 1727 1694 588
f 394 1330 1703
f 1692 1694 1314
f 373 369 1692
f 1727 1314 1694
f 1727 1723 1314
f 1726 1723 1727
f 1381 1723 1726
f 1381 1380 1723
f 415 1330 394
f 710 709 1708
f 710 1708 1709
f 1329 710 1709
f 1740 1687 1741
f 1330 1329 1703
f 394 1703 395
f 1703 1329 1701
f 1715 1716 1311
f 387 1680 1682
f 1681 1734 1683
f 1734 601 1683
f 1734 599 601
f 1719 1733 1713
f 1293 1733 1719
f 1733 1714 1713
f 1744 1746 1748
f 1293 1675 1733
f 1675 1674 1733
f 1376 1732 1377
f 1377 1725 1380
f 1377 1732 1725
f 1379 1732 1376
f 387 1682 388
f 481 473 480
f 481 1749 473
f 1152 1150 1196
f 1158 1152 1196
f 1674 1676 1714
f 1748 1746 468
f 1746 1506 468
f 1298 397 1163
f 1298 1241 397
f 1195 1241 1298
f 1299 1298 1163
f 1126 1125 1323
f 1125 1325 1323
f 1125 1128 1325
f 483 1749 481
f 8810 8811 1233
f 559 1341 1685
f 1731 1741 1732
f 1731 1740 1741
f 1676 1738 1714
f 1714 367 1721
f 1714 365 367
f 1739 365 1714
f 1687 1690 1730
f 1687 1730 1729
f 1730 1365 1363
f 1690 1365 1730
f 364 1685 1686
f 1379 1731 1732
f 1732 1741 1725
f 1741 1729 1725
f 8812 1240 1236
f 8812 1236 8813
f 8813 1236 8814
f 8814 1236 8815
f 467 466 1335
f 466 387 389
f 466 389 1335
f 1348 1308 1310
f 1674 1714 1733
f 538 1702 1707
f 542 395 1703
f 542 433 395
f 540 542 1701
f 538 540 1701
f 520 538 1704
f 1701 542 1703
f 538 1701 1702
f 451 449 448
f 1329 1702 1701
f 1709 1708 1702
f 1329 1709 1702
f 1702 1708 1706
f 646 645 647
f 1704 538 1707
f 1707 1702 1705
f 1705 1702 1706
f 1370 1369 355
f 1691 1312 1369
f 1691 429 1312
f 430 1692 431
f 431 1692 1314
f 373 1692 430
f 371 1691 1353
f 371 373 1691
f 406 1338 1656
f 1696 438 440
f 982 984 1424
f 981 1424 1423
f 1422 1425 374
f 382 1420 1419
f 1420 1425 1422
f 586 375 589
f 586 1695 375
f 1338 1658 1657
f 1656 1338 1657
f 1338 1337 1658
f 374 1695 368
f 8816 1120 1670
f 8816 1670 8817
f 8817 1670 8818
f 8818 1670 1672
f 8818 1672 8819
f 1671 1672 1670
f 1343 402 404
f 450 453 444
f 1700 448 450
f 446 1700 447
f 1700 450 447
f 445 442 1699
f 446 445 1699
f 1723 1380 1725
f 8810 1233 8820
f 1698 1696 1697
f 1696 440 1697
f 633 436 438
f 633 438 1696
f 447 450 444
f 1727 588 1728
f 1726 1727 1728
f 1314 1724 1313
f 1723 1725 1724
f 1314 1723 1724
f 366 1718 367
f 1729 1730 1363
f 1725 1729 1724
f 1724 1363 1313
f 1729 1363 1724
f 1317 1728 1710
f 1728 588 1710
f 1710 588 587
f 1381 1726 1728
f 601 600 1683
f 1712 1711 1713
f 1712 1713 1714
f 1335 389 1711
f 1335 1711 1712
f 587 1678 1710
f 1710 1366 1317
f 1710 1678 1366
f 1719 1713 1720
f 1716 1718 366
f 1715 1718 1716
f 1683 600 1684
f 572 561 563
f 1686 1717 366
f 1717 1716 366
f 1717 1311 1716
f 1721 1718 1722
f 388 1682 1684
f 1720 388 1684
f 1720 1684 600
f 1719 1720 600
f 388 1711 389
f 1720 1711 388
f 1720 1713 1711
f 478 479 480
f 521 340 338
f 8821 8822 522
f 8821 522 500
f 8821 499 8822
f 8822 8823 521
f 8822 521 522
f 8822 499 8823
f 516 520 518
f 463 466 464
f 465 466 463
f 465 387 466
f 462 463 464
f 456 8824 8825
f 456 8825 461
f 8824 455 8825
f 8825 8826 461
f 8825 455 459
f 8825 459 8826
f 8826 8827 461
f 8826 459 460
f 8826 460 8827
f 457 458 455
f 521 338 522
f 474 477 475
f 474 475 476
f 473 470 459
f 468 472 469
f 471 472 468
f 468 469 470
f 464 466 467
f 490 487 484
f 488 490 484
f 488 484 489
f 484 487 485
f 502 504 505
f 495 498 499
f 495 497 498
f 493 497 495
f 493 492 497
f 507 511 512
f 506 511 507
f 506 510 511
f 509 503 502
f 505 504 508
f 503 507 504
f 503 506 507
f 484 485 486
f 516 519 520
f 8828 8829 516
f 8828 516 515
f 8828 475 8829
f 516 518 517
f 515 516 517
f 508 513 514
f 508 504 513
f 504 507 513
f 507 512 513
f 500 522 523
f 522 337 523
f 522 338 337
f 452 456 453
f 432 395 433
f 429 430 431
f 428 419 427
f 448 449 450
f 442 445 447
f 442 447 444
f 445 446 447
f 437 441 443
f 437 443 439
f 443 444 439
f 443 442 444
f 454 457 455
f 434 435 432
f 452 8830 8831
f 452 8831 456
f 8830 454 8831
f 8831 8824 456
f 8831 454 455
f 8831 455 8824
f 451 8832 8830
f 451 8830 452
f 8832 454 8830
f 450 449 453
f 449 452 453
f 449 451 452
f 382 384 383
f 379 383 380
f 379 382 383
f 378 380 381
f 378 379 380
f 428 417 419
f 481 482 483
f 479 482 481
f 479 481 480
f 486 493 494
f 8833 8834 496
f 8833 494 495
f 8833 495 8834
f 494 493 495
f 489 484 486
f 486 485 493
f 485 492 493
f 487 492 485
f 490 491 487
f 8835 8821 500
f 8835 495 499
f 8835 499 8821
f 427 419 421
f 421 425 426
f 421 420 425
f 420 424 425
f 420 423 424
f 418 423 420
f 417 422 418
f 441 442 443
f 440 438 439
f 438 437 439
f 436 437 438
f 554 363 555
f 629 633 630
f 629 632 633
f 629 630 631
f 628 434 627
f 433 541 626
f 565 567 566
f 564 565 566
f 561 562 563
f 392 560 390
f 363 559 364
f 557 558 392
f 556 554 555
f 631 630 634
f 576 573 575
f 573 574 575
f 563 571 566
f 563 566 572
f 571 564 566
f 566 570 390
f 568 569 566
f 567 568 566
f 586 587 588
f 566 585 570
f 583 584 566
f 595 609 611
f 604 608 401
f 603 608 604
f 603 607 608
f 8836 8837 602
f 602 603 604
f 617 621 618
f 617 619 620
f 617 618 619
f 614 615 616
f 595 612 613
f 595 611 612
f 582 583 566
f 609 594 610
f 434 432 433
f 628 435 434
f 434 626 627
f 434 433 626
f 8838 624 623
f 8838 623 8839
f 622 623 624
f 614 621 617
f 614 616 621
f 635 551 636
f 635 636 637
f 540 541 542
f 535 534 536
f 535 529 534
f 529 8840 8841
f 529 8841 534
f 435 545 393
f 544 545 435
f 542 541 433
f 540 543 541
f 539 543 540
f 520 519 539
f 520 539 538
f 537 526 529
f 547 549 553
f 548 552 549
f 548 551 552
f 550 548 547
f 547 548 549
f 435 393 432
f 432 393 395
f 546 544 435
f 502 503 504
f 496 500 501
f 496 8834 8835
f 496 8835 500
f 8834 495 8835
f 586 589 587
f 581 582 566
f 569 581 566
f 580 578 577
f 577 578 579
f 599 600 601
f 599 598 600
f 596 598 599
f 596 597 598
f 595 592 594
f 592 593 594
f 590 591 592
f 375 376 377
f 526 8842 8843
f 526 8843 529
f 8842 526 8844
f 8845 8844 526
f 524 8846 8845
f 524 8845 526
f 500 523 501
f 538 539 540
f 524 526 537
f 537 529 535
f 1620 824 823
f 1449 1607 1598
f 1607 1593 1598
f 1607 1606 1593
f 1606 1594 1593
f 1611 1614 1617
f 1612 1615 1616
f 1612 1611 1615
f 1610 1614 1611
f 1610 1613 1614
f 1609 1611 1612
f 1609 1610 1611
f 1451 1603 1452
f 1449 1598 1447
f 1619 1613 1610
f 1619 1620 1613
f 1618 1610 1609
f 1618 1619 1610
f 1550 1609 1551
f 1550 1618 1609
f 1611 1617 1615
f 1596 1593 1597
f 1593 1594 1595
f 8847 1578 1588
f 8847 1588 8848
f 8848 1588 8849
f 1602 1605 1608
f 1600 1602 1603
f 1600 1601 1602
f 1447 1596 1458
f 1459 1599 870
f 798 1604 1601
f 798 797 1604
f 799 1601 1600
f 799 798 1601
f 776 1600 1451
f 776 799 1600
f 1602 1608 1606
f 1584 1276 1585
f 1584 1263 1276
f 728 1583 719
f 1583 715 719
f 1583 1580 715
f 1580 712 715
f 1580 1582 712
f 1582 721 712
f 503 1263 1584
f 1452 1607 1449
f 1452 1603 1607
f 1451 1600 1603
f 1623 1554 722
f 1554 723 722
f 1624 1547 1621
f 1606 1608 1594
f 1608 829 1594
f 1605 829 1608
f 1605 828 829
f 1604 828 1605
f 1604 821 828
f 797 821 1604
f 797 796 821
f 1623 722 721
f 1628 1626 1573
f 1626 1575 1573
f 1626 1625 1575
f 1625 1627 1575
f 1627 514 1575
f 1627 508 514
f 1627 505 508
f 1630 1629 1631
f 1629 577 573
f 578 563 579
f 390 560 566
f 1624 1545 1547
f 1459 1458 1599
f 1552 1616 1553
f 1552 1612 1616
f 1553 792 791
f 1553 1616 792
f 1616 794 792
f 1616 1615 794
f 1615 795 794
f 1601 1604 1605
f 1286 1621 1279
f 1286 1624 1621
f 1622 1554 1623
f 1622 1555 1554
f 1621 1555 1622
f 1621 1547 1555
f 1551 1612 1552
f 1279 1621 1622
f 1277 1623 1281
f 1277 1622 1623
f 1281 1623 721
f 396 397 398
f 698 1585 699
f 698 1584 1585
f 1569 1570 1571
f 1569 1568 1570
f 1566 1568 1569
f 1566 1567 1568
f 1480 1556 1559
f 1480 1559 1481
f 1481 1559 1565
f 1559 1564 1565
f 1567 1291 1568
f 397 399 398
f 8850 1588 8851
f 393 394 395
f 390 391 392
f 387 388 389
f 386 378 385
f 385 378 381
f 410 411 412
f 407 408 409
f 406 408 407
f 405 407 403
f 405 406 407
f 402 405 403
f 699 1585 1587
f 368 370 374
f 373 371 369
f 397 400 399
f 503 509 1263
f 506 503 1584
f 510 1584 698
f 510 506 1584
f 1585 1274 1586
f 1585 1276 1274
f 1585 1586 1587
f 699 1587 700
f 402 403 404
f 700 1556 702
f 700 1587 1556
f 1587 1562 1556
f 1587 1586 1562
f 1586 1275 1562
f 1586 1274 1275
f 8852 1576 8853
f 8853 1576 1094
f 8853 1094 8854
f 1576 8852 8851
f 1576 8851 1588
f 1578 1576 1588
f 8849 1588 8850
f 359 356 353
f 354 353 356
f 355 353 352
f 352 353 354
f 346 345 351
f 345 350 351
f 369 372 370
f 369 371 372
f 368 369 370
f 365 366 367
f 365 364 366
f 363 364 365
f 357 354 358
f 360 362 356
f 1458 1597 1599
f 1595 829 834
f 1594 829 1595
f 1598 1593 1596
f 1447 1598 1596
f 1593 1595 1597
f 1596 1597 1458
f 1603 1606 1607
f 1603 1602 1606
f 1601 1605 1602
f 336 338 339
f 396 398 401
f 419 418 420
f 419 420 421
f 417 418 419
f 412 411 416
f 411 414 416
f 414 415 394
f 413 414 411
f 410 413 411
f 339 338 340
f 339 340 341
f 1233 8811 8855
f 1233 8855 1750
f 336 337 338
f 343 350 345
f 343 349 350
f 348 349 343
f 347 343 342
f 347 348 343
f 344 345 346
f 344 343 345
f 342 343 344
f 361 362 360
f 359 360 356
f 2119 2126 2120
f 2178 2181 2182
f 2180 2177 2159
f 2179 2180 2159
f 2177 2178 2161
f 2159 2177 2161
f 2176 2174 1897
f 1897 2175 1899
f 1897 2174 2175
f 2121 1935 2128
f 2121 2127 1935
f 2120 2127 2121
f 2120 2126 2127
f 2166 2167 2168
f 2119 2125 2126
f 2123 2125 2119
f 2123 2124 2125
f 2131 2134 2135
f 2190 2183 2185
f 2194 2185 2192
f 2192 2191 2193
f 2192 2185 2191
f 2185 2186 2191
f 2187 2179 2188
f 2189 2183 2190
f 2162 2161 2163
f 2109 2101 2108
f 2101 2107 2108
f 2101 2102 2107
f 2102 2103 2107
f 2103 2105 2106
f 2087 2105 2103
f 2087 2091 2105
f 2092 2085 2104
f 2095 2104 2110
f 2165 2160 2162
f 2162 2163 2164
f 2203 2199 2196
f 2160 2161 2162
f 2158 2159 2160
f 2157 2159 2158
f 2156 2157 2158
f 2156 2168 2157
f 2156 2166 2168
f 2168 2167 2173
f 2167 2170 2173
f 2170 2171 2172
f 2169 2171 2170
f 2167 2169 2170
f 2215 2208 2218
f 2223 2200 2202
f 2222 2214 2211
f 2222 2223 2214
f 2220 2211 2210
f 2220 2222 2211
f 2219 2210 2221
f 2219 2220 2210
f 2217 2216 2225
f 2216 2224 2225
f 2216 2218 2224
f 2218 2209 2224
f 2218 2208 2209
f 2158 2160 2165
f 2215 2202 2208
f 2214 2202 2215
f 2230 2231 2232
f 2221 2213 2229
f 2221 2210 2213
f 2229 2217 2227
f 2229 2213 2217
f 2227 2226 2228
f 2227 2217 2226
f 2217 2225 2226
f 2184 2188 2186
f 2198 2197 2207
f 2201 2196 2195
f 2201 2203 2196
f 2200 2195 2202
f 2200 2201 2195
f 2196 2199 2197
f 2195 2197 2198
f 2195 2196 2197
f 2202 2198 2208
f 2202 2195 2198
f 2208 2207 2209
f 2208 2198 2207
f 2142 2141 2145
f 2197 2199 2206
f 2199 2205 2206
f 2199 2204 2205
f 2155 2142 2153
f 2155 2139 2142
f 2153 2142 2146
f 2153 2152 2154
f 2153 2146 2152
f 2146 2151 2152
f 2146 2145 2151
f 2145 2147 2151
f 2042 2045 2046
f 2090 2082 2085
f 2084 2103 2102
f 2084 2087 2103
f 2101 2084 2102
f 2085 2084 2101
f 2096 2088 2090
f 2096 2100 2088
f 2098 2100 2096
f 2098 2099 2100
f 2045 2048 2049
f 2045 2047 2046
f 2042 2046 2043
f 2090 2085 2092
f 2042 2043 2044
f 2018 2036 2040
f 2040 2039 2041
f 2036 2039 2040
f 1856 2055 1959
f 2095 2092 2104
f 2097 2110 2112
f 2097 2095 2110
f 2110 2109 2111
f 2110 2104 2109
f 2104 2085 2101
f 2089 2083 2082
f 2067 2068 2069
f 1996 1990 2008
f 2005 2007 2006
f 2004 2005 2006
f 2002 2001 2003
f 2000 2001 2002
f 1999 1990 1989
f 1990 1998 1992
f 1991 1990 1997
f 2017 2018 2019
f 2086 1904 2091
f 2104 2101 2109
f 2088 2082 2090
f 2088 2089 2082
f 2083 2087 2084
f 2083 2086 2087
f 2082 2084 2085
f 2097 2096 2095
f 2097 2098 2096
f 2095 2090 2092
f 2095 2096 2090
f 2094 2093 2063
f 2093 2065 2063
f 2139 2140 2141
f 2086 2091 2087
f 2133 2131 2130
f 2058 2133 2130
f 2130 2131 2132
f 2112 2129 2097
f 2112 2118 2129
f 2118 2128 2129
f 2118 2121 2128
f 2140 2144 2141
f 2140 2143 2144
f 2139 2141 2142
f 2076 2077 2078
f 2138 2132 2137
f 2132 2136 2137
f 2132 2131 2136
f 2131 2135 2136
f 2144 2150 2147
f 2144 2149 2150
f 2143 2149 2144
f 2143 2148 2149
f 2141 2147 2145
f 2141 2144 2147
f 2142 2145 2146
f 2118 2120 2121
f 2115 2117 2118
f 2112 2110 2116
f 2116 2111 2115
f 2116 2110 2111
f 2115 2111 2114
f 2111 2113 2114
f 2111 2109 2113
f 2109 2108 2113
f 2117 2123 2119
f 2122 2117 2115
f 2114 2122 2115
f 2184 2187 2188
f 2116 2118 2112
f 2117 2120 2118
f 2117 2119 2120
f 2115 2118 2116
f 2082 2083 2084
f 2079 1883 2080
f 2079 1879 1883
f 1877 1879 2079
f 2076 2078 2081
f 2078 2080 2081
f 2078 2079 2080
f 2271 2266 2268
f 2305 2304 2306
f 885 2304 2305
f 2303 1770 2269
f 2303 1771 1770
f 2302 2269 1759
f 2265 2272 2263
f 2263 2272 2238
f 2274 2276 2277
f 2274 2275 2276
f 2272 2274 2238
f 2272 2273 2274
f 2271 2268 2270
f 885 883 2304
f 2279 2172 2280
f 2321 2317 2323
f 2317 2319 2323
f 2318 2322 2319
f 2320 2317 2321
f 2317 2318 2319
f 2307 2310 2316
f 2316 2310 2315
f 2331 2333 2326
f 2331 2326 2332
f 2328 2327 2329
f 2293 2285 1913
f 2243 2255 2244
f 2243 2254 2255
f 2249 2242 2253
f 2249 2239 2242
f 2253 2246 2252
f 2238 2232 2260
f 2295 1913 1923
f 2295 2293 1913
f 2296 2294 1922
f 2294 2295 1923
f 1922 2294 1923
f 2328 2329 2330
f 1913 2287 1909
f 2302 2303 2269
f 2300 2302 1759
f 2301 1759 1762
f 2301 2300 1759
f 2299 2300 2301
f 8856 8857 2297
f 8856 2298 2296
f 8856 2296 8857
f 2297 8858 8859
f 2297 8859 1941
f 8858 1921 8859
f 8858 2297 8857
f 8858 8857 2296
f 8858 2296 1921
f 2307 2309 2310
f 2307 2308 2309
f 2348 2352 2353
f 2340 2349 2350
f 2340 2339 2349
f 2339 2348 2349
f 2336 2347 2339
f 2358 2359 2360
f 2358 2357 2359
f 2356 2357 2358
f 2338 2355 2354
f 2338 2346 2355
f 2347 2338 2354
f 2339 2347 2352
f 2351 2337 2340
f 2363 2364 2365
f 1988 2007 2003
f 1988 1987 2007
f 2007 2002 2003
f 2005 2002 2007
f 2360 2359 2353
f 2361 2357 2356
f 2361 2362 2357
f 2310 2314 2315
f 2310 2309 2314
f 2309 335 2314
f 2330 2329 1810
f 2326 2327 2328
f 1803 2325 1809
f 1808 1800 1806
f 2324 2321 2312
f 2337 2339 2340
f 2337 2336 2339
f 2335 2338 2336
f 2334 2336 2337
f 2334 2335 2336
f 2332 2326 2328
f 2330 1810 1809
f 2244 2255 2256
f 2287 2289 1909
f 2289 1915 1909
f 2289 2288 1915
f 2290 2292 2288
f 2290 2291 2292
f 2286 2290 2288
f 2285 2287 1913
f 2286 2289 2287
f 2296 1922 1921
f 2343 2337 2351
f 2343 2334 2337
f 2210 2212 2213
f 2252 2246 825
f 2246 826 825
f 2246 2245 826
f 2245 827 826
f 2245 2247 827
f 2250 2243 2240
f 2212 2218 2216
f 2212 2215 2218
f 2213 2216 2217
f 2213 2212 2216
f 2211 2215 2212
f 2211 2214 2215
f 2252 825 824
f 2210 2211 2212
f 2223 2202 2214
f 2258 2259 2261
f 2260 2261 2262
f 2260 2258 2261
f 2258 2237 2259
f 2247 833 827
f 2247 2256 833
f 2251 2254 2243
f 2263 2260 2262
f 2261 2259 2205
f 1914 2234 1910
f 2185 2184 2186
f 2183 2184 2185
f 2179 2159 2157
f 2159 2161 2160
f 2161 2182 2163
f 2178 2182 2161
f 2190 2185 2194
f 2240 2244 2241
f 2240 2243 2244
f 2239 2241 2242
f 2239 2240 2241
f 2259 2264 2205
f 1914 2233 2234
f 2234 2232 2238
f 2250 2251 2243
f 2248 2240 2239
f 2248 2250 2240
f 2228 2239 2249
f 2228 2248 2239
f 2241 2247 2245
f 2241 2244 2247
f 2242 2245 2246
f 2253 2242 2246
f 2191 2280 2193
f 2179 2168 2188
f 2173 2170 2279
f 2278 2181 2178
f 2278 2204 2181
f 2177 2278 2178
f 2277 2282 2281
f 2277 2281 2274
f 2188 2173 2186
f 2188 2168 2173
f 2186 2279 2191
f 2186 2173 2279
f 2179 2157 2168
f 2191 2279 2280
f 2286 2288 2289
f 2285 2286 2287
f 2274 2281 2238
f 2281 2234 2238
f 2281 2284 2234
f 2284 1910 2234
f 2282 2284 2281
f 2282 2283 2284
f 2251 2257 2254
f 2244 2256 2247
f 2266 2267 2268
f 2237 2264 2259
f 2232 2237 2258
f 2232 2231 2237
f 2232 2258 2260
f 2238 2260 2263
f 2270 2269 1770
f 2270 2268 2269
f 2268 1759 2269
f 2268 2267 1759
f 2267 1760 1759
f 2267 1764 1760
f 2057 2068 2067
f 2263 2262 2265
f 2236 2237 2231
f 2236 2231 2230
f 2235 2230 2233
f 2235 2236 2230
f 1915 2233 1914
f 1915 2235 2233
f 2230 2232 2234
f 2233 2230 2234
f 2242 2241 2245
f 2279 2170 2172
f 1760 1764 1763
f 1288 464 591
f 462 464 1288
f 391 557 392
f 1328 557 391
f 1348 558 1308
f 1767 1771 1772
f 1767 1769 1771
f 1769 1770 1771
f 1768 1770 1769
f 1766 1769 1767
f 1766 1768 1769
f 1765 1766 1767
f 1759 1760 1761
f 1667 596 1165
f 1667 597 596
f 1666 597 1667
f 1666 1294 597
f 1664 1164 1204
f 1165 1164 1664
f 418 1294 1659
f 418 422 1294
f 1337 554 556
f 1791 1792 1793
f 1790 1786 1789
f 857 1756 1753
f 1295 465 1197
f 387 465 1295
f 1295 1143 1200
f 1680 1295 1200
f 1332 593 467
f 682 473 1749
f 682 1748 473
f 1753 477 474
f 1753 1757 477
f 1756 1757 1753
f 857 765 1756
f 1786 1788 1789
f 744 857 1753
f 554 1343 1340
f 603 1138 607
f 1249 1138 603
f 8860 1248 8861
f 1248 603 602
f 8837 8861 1248
f 8837 1248 602
f 1760 1763 1761
f 1759 1761 1762
f 1840 1847 1848
f 608 607 1203
f 401 1758 396
f 401 608 1758
f 396 1136 1140
f 1347 392 558
f 1838 1839 1840
f 1831 1833 1837
f 1837 1833 1835
f 1835 1817 1836
f 1833 1834 1835
f 1832 1834 1833
f 1831 1832 1833
f 608 1203 1758
f 1840 1846 1847
f 1839 1846 1840
f 1839 1845 1846
f 1844 1839 1838
f 1843 1838 1841
f 1843 1844 1838
f 1838 1840 1842
f 1858 1861 1859
f 1860 1861 1858
f 1857 1858 1859
f 1854 1856 1816
f 1793 1794 1795
f 1786 1787 1788
f 1785 1783 1784
f 1783 1780 1784
f 1782 1777 1780
f 1803 1805 1806
f 1803 1804 1805
f 1798 1801 1802
f 1798 1800 1801
f 1798 1799 1800
f 1797 1793 1795
f 1791 1796 1792
f 1295 1197 1147
f 1818 1819 1820
f 1815 1816 1817
f 1812 1813 1814
f 1808 1807 1811
f 1810 1804 1803
f 1809 1810 1803
f 1806 1807 1808
f 1806 1805 1807
f 1248 1249 603
f 1681 1680 1200
f 1681 1200 1199
f 1754 1753 748
f 1752 1636 619
f 1752 636 1636
f 1752 639 636
f 1752 667 639
f 1225 1752 1344
f 1734 1165 599
f 478 480 458
f 1225 667 1752
f 1755 666 667
f 1751 667 1225
f 748 747 1507
f 748 1753 474
f 1344 1752 619
f 745 1753 1754
f 1746 1747 1506
f 1745 1747 1746
f 681 1745 1744
f 681 1517 1745
f 1744 1745 1746
f 638 1126 1324
f 636 638 1324
f 1128 1663 1662
f 483 665 1749
f 1663 1165 1664
f 1737 1375 1381
f 8855 8862 1750
f 478 652 1236
f 1240 1237 1236
f 8863 8864 652
f 8863 652 650
f 8815 1236 652
f 8815 652 8864
f 1299 1163 1202
f 1739 363 365
f 1738 1739 1714
f 1315 1381 1728
f 1315 1735 1381
f 1737 1381 1735
f 1667 1165 1663
f 1737 1378 1375
f 1736 1737 1735
f 1741 1687 1729
f 1681 1162 1734
f 1331 1171 1195
f 1331 1195 1298
f 1171 1194 1195
f 1162 1202 1163
f 1199 1202 1162
f 1233 1751 1227
f 745 744 1753
f 1212 622 1671
f 8865 8866 1232
f 1750 8862 8865
f 1750 8865 1232
f 1159 1224 1166
f 1196 1224 1159
f 1158 1196 1159
f 1734 1162 1165
f 1337 556 1658
f 8819 1672 8867
f 8867 1672 624
f 8867 624 8838
f 622 624 1672
f 1212 1139 622
f 8866 8868 640
f 8866 640 1232
f 1671 622 1672
f 1318 464 467
f 1332 1326 593
f 593 1318 467
f 1132 1327 558
f 1327 593 1326
f 1327 1326 558
f 1681 1199 1162
f 1658 556 555
f 1758 1136 396
f 1758 1203 1136
f 1141 1137 1164
f 682 1749 665
f 1748 470 473
f 1748 468 470
f 1744 1748 682
f 681 1744 682
f 1654 363 1739
f 1319 1342 404
f 404 1342 1343
f 1340 1342 1321
f 559 363 554
f 1134 1139 1669
f 1853 1854 1855
f 1135 1134 1669
f 422 1293 1294
f 422 1675 1293
f 1655 1676 428
f 1655 1738 1676
f 555 363 1654
f 1658 555 1654
f 1739 1738 1655
f 1654 1739 1655
f 1233 1750 1751
f 1750 1232 1751
f 1930 1934 1935
f 1973 1972 1790
f 1971 1972 1973
f 1997 1990 1995
f 1995 1990 1996
f 1990 1993 1994
f 1990 1992 1993
f 1989 1990 1991
f 1986 1987 1988
f 1983 1985 1980
f 1980 1984 1981
f 1937 1938 1939
f 1936 1924 1927
f 1790 1789 1974
f 1930 1929 1934
f 1929 1933 1934
f 1929 1932 1933
f 1926 1932 1929
f 1928 1932 1926
f 1941 1761 1763
f 2013 2015 2016
f 2013 2014 2015
f 2008 1994 2012
f 2008 1990 1994
f 2012 1994 2010
f 1966 1968 1969
f 8869 1947 1952
f 8869 1952 8870
f 1950 1952 1947
f 1906 1908 1909
f 1906 1907 1908
f 1902 1904 1905
f 1902 1903 1904
f 1902 1883 1903
f 8871 8872 1901
f 8871 1901 1900
f 8871 1899 8872
f 8873 1900 8874
f 1897 8873 8874
f 1897 8874 1898
f 8873 8871 1900
f 8873 1897 1899
f 8873 1899 8871
f 1910 1906 1914
f 2010 1994 2011
f 1966 1965 1968
f 1964 1967 1965
f 1964 1965 1966
f 1854 1816 1815
f 1855 1854 1815
f 1963 1855 1961
f 1980 1982 1983
f 1980 1981 1982
f 1975 1977 1979
f 1975 1978 1976
f 1975 1976 1977
f 2063 2065 2064
f 1956 1959 1957
f 1970 1964 1966
f 2056 2054 1853
f 2056 1853 1855
f 1853 2055 1856
f 1853 2054 2055
f 2051 8875 8876
f 2051 8876 2052
f 2050 2051 2052
f 2045 2049 2047
f 2062 2064 1969
f 1969 2064 2066
f 1938 1960 1939
f 2062 2063 2064
f 2057 2059 2061
f 2058 2060 2059
f 2057 2058 2059
f 1853 1856 1854
f 8877 2073 2074
f 8877 2074 8878
f 8877 8878 2076
f 8878 2074 2075
f 8878 2075 8879
f 8878 8879 2076
f 2071 2073 2072
f 2071 2072 2069
f 2068 2071 2069
f 2067 2069 2070
f 2017 2036 2018
f 1994 1993 2009
f 8880 2029 8881
f 2029 2030 2031
f 2027 2026 2028
f 2027 2023 2026
f 2023 2025 2026
f 2023 2024 2025
f 2021 2019 2022
f 2019 2018 2020
f 2017 2038 2036
f 2017 2037 2038
f 2031 2034 2035
f 2031 2030 2034
f 2030 1822 2034
f 2029 1822 2030
f 2029 8880 8882
f 2029 8882 1822
f 1855 1815 1962
f 1961 1855 1962
f 1939 1959 1937
f 1939 1957 1959
f 1958 1856 1959
f 1960 1956 1939
f 1828 1824 1827
f 8883 1876 1880
f 8883 1880 8884
f 8883 8884 1878
f 1877 1878 1879
f 8885 1874 1873
f 8885 1873 8886
f 8885 8886 1877
f 1896 1897 1898
f 1895 1890 1894
f 1890 1892 1894
f 1893 1881 1891
f 1890 1891 1892
f 1889 1888 1812
f 1889 1886 1888
f 1886 1885 1888
f 1830 1829 1828
f 8884 1880 8887
f 1878 8884 8887
f 1878 8887 1881
f 1828 1829 1824
f 1827 1824 1826
f 1824 1825 1826
f 1818 1820 1823
f 1821 1822 1819
f 1821 1819 1818
f 1841 1838 1842
f 1914 1906 1909
f 1914 1909 1915
f 1909 1908 1913
f 1908 1912 1913
f 1793 1792 1794
f 1850 1851 1852
f 1841 1842 1849
f 1842 1840 1848
f 1782 1780 1783
f 1781 1775 1777
f 1776 1780 1777
f 1778 1779 1776
f 1775 1776 1777
f 1774 1767 1773
f 1774 1765 1767
f 1773 1767 1772
f 1907 1912 1908
f 8886 1873 1876
f 8886 1876 8888
f 8886 8888 1877
f 1873 1871 1876
f 1875 1870 1872
f 1872 1873 1874
f 1872 1871 1873
f 1870 1871 1872
f 1867 1866 1868
f 1885 1887 1888
f 1884 1885 1886
f 1879 1878 1883
f 8887 1880 8889
f 1881 8887 8889
f 1881 8889 1882
f 1949 1947 1944
f 1865 1859 1862
f 1862 1863 1864
f 8888 1876 8883
f 1877 8888 8883
f 1877 8883 1878
f 1941 1940 1761
f 1940 1762 1761
f 1940 1942 1762
f 1920 1942 1940
f 1920 1919 1942
f 8859 8890 1940
f 8859 1940 1941
f 8859 1921 8890
f 8890 8891 1920
f 8890 1920 1940
f 8890 1921 8891
f 1950 1951 1952
f 1859 1863 1862
f 1949 1950 1947
f 1943 1949 1944
f 8892 1944 8893
f 8893 1944 1947
f 8893 1947 8894
f 8895 1944 8892
f 8896 1943 1944
f 8896 1944 8895
f 1956 1958 1959
f 1939 1956 1957
f 1927 1929 1930
f 1911 1907 1906
f 1910 1911 1906
f 1912 1917 1923
f 1917 1922 1923
f 1917 1921 1922
f 8897 1920 8891
f 1917 8897 8891
f 1917 8891 1921
f 8898 1918 1920
f 8898 1920 8897
f 8898 8897 1917
f 1918 1919 1920
f 8899 1918 8898
f 1916 8899 8898
f 1916 8898 1917
f 1916 1917 1912
f 1928 1931 1932
f 602 604 401
f 1927 1926 1929
f 1925 1928 1926
f 1924 1926 1927
f 1924 1925 1926
f 1907 1916 1912
f 1912 1923 1913
f 1868 1866 1869
f 1864 1866 1867
f 1863 1866 1864
f 1863 1861 1866
f 1859 1861 1863
f 1345 409 1346
f 1328 1132 557
f 1171 1331 1167
f 618 621 1344
f 619 618 1344
f 621 616 1116
f 1342 1340 1343
f 1340 559 554
f 1340 1341 559
f 406 1339 408
f 405 1338 406
f 1308 1326 1332
f 1347 558 1348
f 1332 467 1333
f 1345 407 409
f 1320 407 1345
f 1344 621 1228
f 621 1116 1228
f 616 615 1116
f 1322 1323 620
f 1319 1320 1321
f 1318 591 464
f 1318 592 591
f 593 592 1318
f 1316 1315 1317
f 1169 1145 1172
f 1362 1312 1313
f 1364 1312 1362
f 1357 1374 1358
f 1357 1370 1374
f 1370 1373 1374
f 1370 1372 1373
f 1370 352 1372
f 352 1371 1372
f 1370 355 352
f 1312 1367 1369
f 1331 1169 1167
f 904 1315 1316
f 1331 1298 1296
f 1297 1145 1169
f 1331 1297 1169
f 1331 1296 1297
f 1196 1194 1170
f 1224 1196 1170
f 1337 1338 405
f 402 1337 405
f 1333 1334 1336
f 1334 467 1335
f 467 1334 1333
f 413 549 414
f 710 1329 1130
f 1201 1146 1145
f 1297 1201 1145
f 1296 1201 1297
f 595 590 592
f 595 1186 1190
f 613 1191 595
f 595 1190 590
f 1147 1143 1295
f 414 549 415
f 549 552 415
f 553 549 413
f 1130 1329 1330
f 410 553 413
f 1299 1202 1201
f 1299 1201 1296
f 1298 1299 1296
f 585 584 1305
f 585 566 584
f 1304 570 594
f 594 1303 610
f 594 1302 1303
f 594 1300 1302
f 1300 585 1301
f 570 1304 1328
f 431 1314 1313
f 459 470 460
f 480 473 458
f 473 459 458
f 558 1326 1308
f 1323 1325 1215
f 1126 1323 1322
f 1324 1126 1322
f 1323 1215 620
f 711 705 1130
f 705 710 1130
f 1365 1362 1363
f 1304 1327 1132
f 1328 1304 1132
f 594 593 1327
f 1304 594 1327
f 458 459 455
f 1170 1194 1171
f 570 391 390
f 570 1328 391
f 1131 415 552
f 1131 1330 415
f 1130 1330 1131
f 1405 1409 1415
f 347 1006 348
f 348 1006 1401
f 1008 902 1402
f 1397 1398 1411
f 1399 1397 1410
f 1412 1405 1414
f 1413 1412 1414
f 1410 1412 1413
f 1410 1411 1412
f 1405 1408 1409
f 1405 1404 1408
f 1414 1405 1415
f 1403 1404 1405
f 1412 1403 1405
f 1411 1403 1412
f 1411 1406 1403
f 1398 1406 1411
f 1398 1393 1406
f 1397 1411 1410
f 1383 374 370
f 1383 1384 374
f 1382 1383 370
f 1375 1377 1381
f 1377 1380 1381
f 1008 890 902
f 964 967 969
f 963 964 969
f 974 951 968
f 1431 521 875
f 1431 340 521
f 1430 340 1431
f 1430 341 340
f 1428 1339 1429
f 1428 1351 1339
f 1349 1351 1428
f 1427 1349 1428
f 1378 1376 1375
f 891 1402 1401
f 891 1008 1402
f 1006 891 1401
f 354 1400 358
f 354 1396 1400
f 1395 1397 1399
f 1390 1398 1397
f 1403 1407 1404
f 1406 1407 1403
f 1392 1407 1406
f 1393 1392 1406
f 1362 1313 1363
f 354 1394 1395
f 356 362 1394
f 370 1354 1356
f 370 372 1354
f 1354 372 1355
f 371 1353 372
f 1351 408 1339
f 1350 408 1351
f 546 1349 1352
f 1349 1350 1351
f 1364 1362 1365
f 354 1395 1396
f 372 1357 1355
f 1355 1357 1361
f 1357 1360 1361
f 1357 1359 1360
f 1357 1358 1359
f 1353 1357 372
f 1369 1367 355
f 1364 1368 1367
f 1312 1364 1367
f 1366 1316 1317
f 901 904 1316
f 1391 1392 1393
f 1378 1379 1376
f 1375 1376 1377
f 1387 359 353
f 1386 359 1387
f 1368 1387 1367
f 1367 1387 355
f 355 1387 353
f 1368 1386 1387
f 1356 1382 370
f 1384 1385 374
f 1391 1393 1390
f 594 585 1300
f 361 1391 1390
f 361 1390 362
f 1389 1371 352
f 352 1388 1389
f 354 1388 352
f 354 357 1388
f 1390 1393 1398
f 362 1397 1394
f 362 1390 1397
f 356 1394 354
f 1394 1397 1395
f 8900 8901 992
f 8900 992 1239
f 400 397 1241
f 8902 8903 1239
f 8902 1239 1240
f 8900 1239 8903
f 479 1237 482
f 1237 1239 482
f 1239 1242 482
f 1242 989 991
f 992 989 1242
f 8901 8904 992
f 1195 400 1241
f 1240 1239 1237
f 1239 992 1242
f 1207 1214 1215
f 1207 1206 1214
f 1206 1209 1214
f 1209 1119 1214
f 1209 1211 1119
f 1211 1213 1119
f 1210 1213 1211
f 1210 1212 1213
f 511 510 697
f 640 643 1232
f 1252 536 512
f 1252 535 536
f 1246 524 537
f 1251 535 1252
f 1251 537 535
f 1246 537 1251
f 672 1246 1251
f 8905 1229 8906
f 1227 1231 1233
f 8907 8908 647
f 8907 647 645
f 8909 8910 8908
f 8911 8907 645
f 512 1217 1219
f 1229 1230 1228
f 1228 1230 1226
f 1226 1231 1227
f 479 1236 1237
f 478 1236 479
f 1229 8912 8913
f 1229 8913 1230
f 8912 1229 8914
f 1230 8913 8915
f 1230 8915 1231
f 1231 8916 8820
f 1231 8820 1233
f 8915 8916 1231
f 8905 8914 1229
f 1163 397 1140
f 1186 1193 1184
f 1186 1192 1193
f 1186 1191 1192
f 1186 595 1191
f 1189 1190 1186
f 1188 1190 1189
f 1198 1188 462
f 462 1188 1149
f 462 1149 1197
f 1163 1140 1141
f 1140 397 396
f 1187 1189 1186
f 1194 1196 1150
f 1194 400 1195
f 607 1138 1203
f 1203 1134 1136
f 1202 1199 1201
f 1199 1146 1201
f 1199 1200 1146
f 1197 1144 1147
f 1197 1149 1144
f 1198 1190 1188
f 1208 1211 1209
f 1220 671 672
f 512 511 1217
f 1218 673 671
f 1218 696 673
f 1217 696 1218
f 1217 697 696
f 8868 8911 645
f 8868 645 640
f 1221 1223 1124
f 550 1123 1222
f 550 1221 1123
f 1219 1218 1220
f 1219 1217 1218
f 1219 1252 512
f 1220 1218 671
f 511 697 1217
f 1230 1231 1226
f 1116 8917 8906
f 1116 8906 1229
f 1228 1116 1229
f 1225 1226 1227
f 1224 1170 1166
f 1223 1127 1124
f 1223 424 1127
f 1221 1124 1123
f 1194 1150 400
f 1292 536 1100
f 514 1290 1289
f 514 513 1290
f 1290 1100 1099
f 1291 1290 1099
f 1290 1292 1100
f 1289 1290 1291
f 1288 1198 462
f 591 1190 1198
f 1143 1146 1200
f 465 462 1197
f 465 463 462
f 1293 597 1294
f 1284 1278 1277
f 1292 512 536
f 513 512 1292
f 513 1292 1290
f 1256 1255 1259
f 1254 1258 1255
f 1254 1257 1258
f 1253 1255 1256
f 1253 1254 1255
f 672 1251 1220
f 1220 1252 1219
f 1220 1251 1252
f 1280 1277 1281
f 1313 429 431
f 1312 429 1313
f 1310 1309 1311
f 1308 1309 1310
f 594 570 585
f 585 1307 1301
f 585 1306 1307
f 585 1305 1306
f 1283 1277 1280
f 1283 1284 1277
f 1282 1283 1280
f 1264 1265 1257
f 1277 1278 1279
f 1263 1256 1276
f 1263 1253 1256
f 1276 1260 1274
f 591 590 1190
f 591 1198 1288
f 1282 1280 1287
f 1287 1280 1281
f 1287 1281 721
f 1278 1286 1279
f 1278 1285 1286
f 1244 1245 670
f 1244 661 663
f 1244 663 1243
f 991 1244 1243
f 991 1243 1242
f 1243 658 660
f 1243 660 482
f 1243 663 658
f 1245 672 670
f 1245 1246 672
f 990 1246 1245
f 990 524 1246
f 482 660 483
f 991 1245 1244
f 991 990 1245
f 1242 1243 482
f 1249 1139 1138
f 622 1139 1249
f 8839 623 8918
f 623 1249 1248
f 623 622 1249
f 8860 8918 623
f 8860 623 1248
f 1244 670 661
f 1257 1267 1268
f 1262 1254 1253
f 1262 1264 1254
f 509 1253 1263
f 509 1262 1253
f 1255 1261 1259
f 1255 1258 1261
f 1256 1259 1260
f 1261 1269 1270
f 1258 1269 1261
f 1258 1268 1269
f 1257 1268 1258
f 1425 1420 376
f 1265 1267 1257
f 1265 1266 1267
f 1264 1257 1254
f 1276 1256 1260
f 1274 1273 1275
f 1274 1260 1273
f 1260 1272 1273
f 1260 1259 1272
f 1259 1271 1272
f 1259 1261 1271
f 1261 1270 1271
f 1537 1541 1538
f 849 760 841
f 760 751 841
f 1535 761 755
f 1534 755 850
f 1534 1535 755
f 854 1534 850
f 851 757 760
f 1545 1546 1536
f 1538 1544 1542
f 1538 1541 1544
f 1539 1542 1543
f 1539 1538 1542
f 1536 1537 1538
f 1537 1540 1541
f 1536 1538 1539
f 1540 1551 1552
f 1549 1551 1540
f 1549 1550 1551
f 1548 1540 1537
f 1548 1549 1540
f 1546 1537 1536
f 1546 1548 1537
f 1545 1536 1547
f 1525 1528 800
f 1561 1501 1502
f 1562 1560 1557
f 1562 1275 1560
f 1556 1562 1557
f 702 1556 1480
f 1557 1561 1558
f 1557 1560 1561
f 1556 1558 1559
f 1559 1558 1564
f 1558 1563 1564
f 1558 1561 1563
f 1561 1502 1563
f 1526 1525 1529
f 1561 1503 1501
f 1560 1503 1561
f 1560 1493 1503
f 851 760 849
f 755 757 851
f 850 755 851
f 1461 774 1462
f 1464 771 754
f 771 780 754
f 1533 772 774
f 726 774 1461
f 1510 1513 1512
f 1462 781 1464
f 774 781 1462
f 724 1526 725
f 724 1523 1526
f 725 1529 720
f 725 1526 1529
f 1512 1513 1517
f 1510 1516 1513
f 1511 1516 1510
f 1514 1511 1509
f 1514 1515 1511
f 679 1514 1509
f 781 771 1464
f 680 1510 1512
f 689 1519 1518
f 679 1518 1514
f 679 689 1518
f 1518 1519 730
f 679 1509 680
f 680 1512 676
f 676 1512 681
f 1512 1517 681
f 1521 855 779
f 1514 1518 1515
f 723 1523 724
f 1524 1528 1525
f 1524 1527 1528
f 1523 1525 1526
f 1523 1524 1525
f 836 1521 837
f 836 1522 1521
f 1532 791 793
f 1531 1527 1524
f 1531 1532 1527
f 1530 1524 1523
f 1530 1531 1524
f 1275 1493 1560
f 723 1530 1523
f 1525 800 1529
f 720 1533 726
f 720 1529 1533
f 1529 772 1533
f 1529 800 772
f 1528 801 800
f 1527 801 1528
f 1527 793 801
f 1532 793 1527
f 726 1533 774
f 1865 2073 1862
f 2071 2073 1865
f 2009 2737 1993
f 1985 1981 1983
f 649 1700 651
f 1875 1868 3089
f 2075 3089 1868
f 2074 2075 1868
f 2057 2068 3187
f 2061 2057 3187
f 1857 2061 3187
f 1982 1983 1981
f 1984 1981 1985
f 1979 1984 1985
f 441 644 437
f 1544 1553 791
f 1581 1287 1582
f 1581 1282 1287
f 1468 1583 728
f 1580 1581 1582
f 1574 1569 1579
f 1574 1566 1569
f 1579 1571 1577
f 1543 1542 1531
f 1542 1532 1531
f 1542 1544 1532
f 1544 791 1532
f 1582 1287 721
f 1541 1553 1544
f 1541 1552 1553
f 1540 1552 1541
f 1556 1557 1558
f 1547 1539 1555
f 1547 1536 1539
f 1555 1543 1554
f 1555 1539 1543
f 1554 1530 723
f 1554 1543 1530
f 1543 1531 1530
f 1573 1567 1566
f 2737 2738 1993
f 1567 1289 1291
f 1575 1289 1567
f 1575 514 1289
f 1515 1518 1520
f 1573 1575 1567
f 1572 1566 1574
f 1572 1573 1566
f 1579 1569 1571
f 1577 1576 1578
f 1577 1571 1576
f 1571 1570 1576
f 1570 1094 1576
f 1570 1099 1094
f 1568 1099 1570
f 1568 1291 1099
f 1460 1462 1463
f 1453 1455 1456
f 1448 1454 1450
f 1448 1453 1454
f 1449 1442 1452
f 1455 866 1456
f 1455 869 866
f 1459 869 1455
f 1459 870 869
f 1458 1455 1453
f 1458 1459 1455
f 1447 1453 1448
f 1447 1458 1453
f 1453 1456 1454
f 1460 1461 1462
f 1450 1457 1443
f 1443 809 810
f 1443 1457 809
f 1457 807 809
f 1456 491 807
f 1456 866 491
f 1437 846 843
f 1435 1433 1432
f 1435 1437 1433
f 8919 1432 8920
f 1089 8919 8920
f 1089 8920 1436
f 8921 8922 1472
f 8921 1087 1081
f 8921 1081 8922
f 1471 1021 1018
f 1471 1472 1021
f 1470 1018 1017
f 1470 1471 1018
f 1437 1470 1017
f 1437 1017 846
f 1472 1019 1021
f 1472 1029 1019
f 8922 8923 1029
f 8922 1029 1472
f 8922 1081 8923
f 8923 8924 1029
f 8923 1081 1030
f 8923 1030 8924
f 8925 8921 1472
f 8925 1472 1471
f 8925 1087 8921
f 8919 8926 1435
f 8919 1435 1432
f 8919 1089 8926
f 1449 1439 1442
f 1452 1446 1451
f 1452 1442 1446
f 1451 777 776
f 1451 1446 777
f 1446 769 777
f 1446 1445 769
f 1445 778 769
f 1454 807 1457
f 1454 1456 807
f 1450 1454 1457
f 947 974 973
f 1448 1440 1439
f 1448 1450 1440
f 1447 1439 1449
f 1421 1420 1422
f 1419 1420 1421
f 384 382 1419
f 1410 1413 1417
f 1417 1413 1414
f 1417 1416 1418
f 1417 1414 1416
f 1414 1415 1416
f 1450 1443 1440
f 985 947 973
f 911 985 979
f 912 911 979
f 1424 981 982
f 982 905 984
f 1423 377 981
f 1422 374 1385
f 1426 1352 1349
f 1426 1349 1427
f 376 382 377
f 1420 382 376
f 1447 1448 1439
f 1432 341 1434
f 1432 1433 341
f 8927 8928 1431
f 8927 1431 875
f 8927 874 8928
f 1439 1440 1441
f 8929 8930 1434
f 8929 1434 1438
f 8929 1436 8930
f 8930 8920 1432
f 8930 1432 1434
f 8930 1436 8920
f 1438 1434 1430
f 1434 341 1430
f 1433 845 341
f 1433 843 845
f 1437 843 1433
f 8931 8932 1470
f 8931 1089 1088
f 8931 1088 8932
f 1441 778 1445
f 1441 1444 778
f 1442 1445 1446
f 1442 1441 1445
f 1440 1444 1441
f 1440 1443 1444
f 1439 1441 1442
f 778 842 779
f 1444 842 778
f 1443 842 1444
f 1443 810 842
f 1490 1498 1499
f 1489 1496 1492
f 1489 1495 1496
f 1488 1495 1489
f 1488 1494 1495
f 1271 1494 1488
f 1493 1484 1487
f 1503 1491 1501
f 1503 1487 1491
f 1501 1500 1502
f 1501 1491 1500
f 1491 1499 1500
f 1491 1490 1499
f 1492 1496 1497
f 1509 1511 1510
f 1509 1510 680
f 468 1505 471
f 1504 1507 1508
f 1504 1506 1507
f 468 1506 1504
f 468 1504 1505
f 1493 1487 1503
f 859 1473 861
f 859 1076 1473
f 8933 1075 8934
f 1076 8933 8934
f 1076 8934 1473
f 841 751 752
f 1518 730 1520
f 730 1519 732
f 1519 1483 732
f 1519 688 1483
f 689 688 1519
f 837 1521 779
f 779 855 780
f 1521 749 855
f 1522 749 1521
f 1522 752 749
f 841 752 1522
f 489 486 1073
f 841 1522 836
f 1271 1270 1494
f 1272 1488 1485
f 1272 1271 1488
f 1273 1485 1484
f 1273 1272 1485
f 1275 1484 1493
f 1275 1273 1484
f 1486 1492 1490
f 1490 1492 1498
f 1492 1497 1498
f 1463 1462 1464
f 1485 1488 1489
f 1484 1486 1487
f 1484 1485 1486
f 701 1476 691
f 1465 1464 753
f 1464 754 753
f 727 1461 1460
f 727 726 1461
f 728 1460 1466
f 728 727 1460
f 1463 1464 1465
f 1485 1489 1486
f 1469 734 733
f 1469 1465 734
f 1467 1465 1469
f 1468 728 1466
f 1466 1463 1467
f 1466 1460 1463
f 1467 1463 1465
f 1465 753 734
f 8932 8935 1471
f 8932 1471 1470
f 8932 1088 8935
f 8935 8925 1471
f 8935 1088 1087
f 8935 1087 8925
f 8926 8931 1470
f 8926 1470 1435
f 8926 1089 8931
f 1474 1475 1476
f 488 489 859
f 489 1073 1076
f 489 1076 859
f 1435 1470 1437
f 1480 1481 1475
f 1480 1475 1474
f 702 1474 701
f 702 1480 1474
f 1476 1478 1479
f 1476 1477 1478
f 1475 1477 1476
f 1208 1210 1211
f 701 1474 1476
f 691 1479 695
f 691 1476 1479
f 695 1479 688
f 1479 1483 688
f 1479 1478 1483
f 1475 1482 1477
f 1481 1482 1475
f 1486 1489 1492
f 1487 1490 1491
f 1487 1486 1490
f 815 825 826
f 850 853 854
f 852 850 858
f 751 740 737
f 856 744 743
f 856 857 744
f 766 857 856
f 766 765 857
f 758 856 742
f 758 766 856
f 816 827 819
f 816 826 827
f 815 826 816
f 749 750 855
f 823 825 815
f 823 824 825
f 822 815 812
f 822 823 815
f 817 832 830
f 817 819 832
f 818 830 831
f 818 817 830
f 821 814 828
f 821 811 814
f 828 818 829
f 841 840 849
f 8927 875 8936
f 874 8927 8936
f 874 8936 873
f 844 848 336
f 847 848 844
f 847 351 848
f 846 844 843
f 846 847 844
f 843 844 845
f 805 835 838
f 805 810 806
f 850 852 853
f 840 808 849
f 828 814 818
f 849 850 851
f 849 808 850
f 845 339 341
f 845 336 339
f 844 336 845
f 759 742 740
f 759 758 742
f 751 759 740
f 742 856 743
f 855 754 780
f 855 750 754
f 807 804 809
f 803 808 805
f 490 803 802
f 490 488 803
f 491 802 807
f 491 490 802
f 804 803 805
f 804 805 806
f 802 803 804
f 812 816 813
f 812 815 816
f 811 813 814
f 811 812 813
f 788 775 773
f 807 802 804
f 809 804 806
f 809 806 810
f 820 812 811
f 820 822 812
f 796 811 821
f 796 820 811
f 813 819 817
f 813 816 819
f 814 817 818
f 814 813 817
f 837 779 839
f 838 837 839
f 838 839 810
f 835 837 838
f 835 836 837
f 829 831 834
f 829 818 831
f 819 833 832
f 819 827 833
f 805 838 810
f 810 839 842
f 839 779 842
f 8937 875 521
f 8937 521 8823
f 8937 8823 499
f 840 836 835
f 840 841 836
f 808 835 805
f 808 840 835
f 793 785 801
f 793 782 785
f 801 789 800
f 801 785 789
f 800 773 772
f 800 789 773
f 789 788 773
f 881 884 882
f 916 919 928
f 919 926 927
f 937 939 940
f 936 937 938
f 919 933 928
f 928 934 920
f 920 935 930
f 920 934 935
f 927 933 919
f 927 932 933
f 886 887 888
f 885 881 883
f 920 916 928
f 881 882 883
f 880 351 350
f 880 848 351
f 879 848 880
f 879 336 848
f 887 894 334
f 889 894 887
f 889 893 894
f 892 893 889
f 891 892 889
f 886 891 889
f 918 925 926
f 937 933 939
f 955 954 957
f 915 919 916
f 915 918 919
f 914 916 917
f 914 915 916
f 911 909 913
f 907 385 908
f 907 386 385
f 912 906 909
f 918 926 919
f 890 886 888
f 924 918 915
f 922 915 914
f 922 924 915
f 921 914 923
f 921 922 914
f 917 916 920
f 923 917 931
f 923 914 917
f 931 920 929
f 931 917 920
f 929 920 930
f 873 498 871
f 850 808 858
f 865 491 866
f 865 487 491
f 863 487 865
f 492 487 863
f 867 492 862
f 864 865 866
f 864 863 865
f 862 492 863
f 872 492 867
f 872 497 492
f 858 808 803
f 871 497 872
f 498 497 871
f 864 866 868
f 868 869 870
f 868 866 869
f 877 336 879
f 878 876 877
f 876 336 877
f 876 337 336
f 873 499 498
f 8936 875 8937
f 8936 8937 499
f 8936 499 873
f 909 906 910
f 886 889 887
f 898 903 899
f 902 898 897
f 902 890 898
f 899 900 901
f 897 898 899
f 888 895 896
f 888 887 895
f 887 334 895
f 911 912 909
f 906 908 910
f 774 767 770
f 906 907 908
f 378 386 905
f 382 379 377
f 901 900 904
f 899 903 900
f 862 863 864
f 852 858 860
f 860 859 861
f 860 858 859
f 859 803 488
f 858 803 859
f 669 661 670
f 631 703 711
f 711 703 705
f 705 709 710
f 705 708 709
f 704 708 705
f 704 707 708
f 674 675 657
f 656 674 657
f 673 669 671
f 673 668 669
f 671 670 672
f 671 669 670
f 712 713 714
f 669 662 661
f 674 680 675
f 674 679 680
f 678 679 674
f 677 678 674
f 677 674 656
f 664 677 656
f 657 676 659
f 657 675 676
f 673 683 668
f 673 685 683
f 690 696 697
f 691 692 693
f 691 690 692
f 686 685 690
f 687 690 691
f 687 686 690
f 668 677 664
f 692 698 699
f 692 694 698
f 694 510 698
f 694 697 510
f 690 697 694
f 683 678 677
f 685 696 690
f 685 673 696
f 706 707 704
f 703 704 705
f 695 687 691
f 691 693 701
f 701 700 702
f 701 693 700
f 693 699 700
f 693 692 699
f 712 714 715
f 655 656 657
f 650 478 653
f 650 652 478
f 649 8938 8939
f 649 8939 651
f 8938 650 8939
f 8938 649 8940
f 8938 8940 8941
f 8938 8941 8863
f 8938 8863 650
f 647 8908 8940
f 647 8940 649
f 8908 8910 8941
f 8908 8941 8940
f 662 664 656
f 661 655 663
f 661 662 655
f 658 659 660
f 658 657 659
f 655 657 658
f 654 650 653
f 454 653 457
f 668 662 669
f 668 664 662
f 667 637 639
f 666 637 667
f 663 655 658
f 660 665 483
f 660 659 665
f 662 656 655
f 595 594 609
f 8836 602 401
f 8836 401 8942
f 686 687 684
f 683 684 678
f 659 682 665
f 659 676 682
f 676 681 682
f 675 680 676
f 668 683 677
f 678 689 679
f 684 689 678
f 684 688 689
f 687 688 684
f 686 684 683
f 690 694 692
f 685 686 683
f 644 645 646
f 644 640 645
f 641 640 644
f 632 643 640
f 642 643 632
f 632 640 641
f 637 636 639
f 551 638 636
f 653 458 457
f 653 478 458
f 747 748 476
f 790 776 775
f 790 799 776
f 787 799 790
f 787 798 799
f 786 798 787
f 786 797 798
f 795 797 786
f 751 737 736
f 751 736 752
f 749 735 750
f 736 735 749
f 748 474 476
f 788 790 775
f 741 743 746
f 746 743 745
f 757 758 759
f 756 758 757
f 755 756 757
f 752 736 749
f 750 753 754
f 750 735 753
f 735 734 753
f 736 731 735
f 756 766 758
f 783 786 787
f 781 770 771
f 771 779 780
f 771 778 779
f 769 778 771
f 768 777 769
f 775 777 768
f 775 776 777
f 784 787 790
f 785 788 789
f 785 784 788
f 783 787 784
f 764 766 756
f 782 784 785
f 782 783 784
f 774 770 781
f 795 796 797
f 794 786 783
f 794 795 786
f 792 783 782
f 792 794 783
f 791 782 793
f 791 792 782
f 784 790 788
f 729 730 731
f 717 725 720
f 716 725 717
f 716 724 725
f 722 724 716
f 722 723 724
f 722 716 713
f 729 731 736
f 731 732 735
f 732 734 735
f 732 733 734
f 730 732 731
f 718 720 726
f 719 727 728
f 719 718 727
f 743 744 745
f 741 742 743
f 740 742 741
f 738 740 739
f 738 737 740
f 739 740 741
f 738 729 737
f 737 729 736
f 688 687 695
f 767 769 770
f 764 765 766
f 763 764 756
f 762 756 755
f 762 763 756
f 761 762 755
f 757 759 760
f 773 768 767
f 773 775 768
f 772 767 774
f 772 773 767
f 770 769 771
f 941 935 936
f 767 768 769
f 760 759 751
f 721 713 712
f 721 722 713
f 714 720 718
f 714 717 720
f 715 718 719
f 715 714 718
f 713 717 714
f 713 716 717
f 718 726 727
f 1100 536 534
f 8943 1095 1097
f 8943 1097 8944
f 8945 1094 1095
f 8945 1095 8946
f 8947 8948 1025
f 8947 1030 1093
f 8947 1093 8948
f 1030 1092 1093
f 8944 1097 8949
f 8949 1097 534
f 8949 534 8841
f 1100 534 1097
f 1099 1095 1094
f 1068 1069 1070
f 1068 1067 1069
f 1067 878 1069
f 1067 876 878
f 523 876 1067
f 523 337 876
f 501 1067 1068
f 501 523 1067
f 1071 1072 1070
f 1072 1068 1070
f 496 1068 1072
f 1082 1090 1084
f 557 1132 558
f 552 711 1131
f 711 1130 1131
f 635 1129 711
f 1086 1085 1035
f 1086 1083 1085
f 1035 1085 1062
f 1085 1063 1062
f 1063 1091 1064
f 1084 1091 1063
f 496 501 1068
f 1088 1090 1082
f 1025 8950 8951
f 1025 8951 1031
f 8950 1041 8951
f 8950 1025 8948
f 8950 8948 1093
f 8950 1093 1041
f 1093 1040 1041
f 1086 1035 1092
f 1030 1086 1092
f 1092 1040 1093
f 1092 1035 1040
f 1086 1081 1083
f 1099 1097 1095
f 1099 1100 1097
f 1052 1042 1053
f 1047 884 1048
f 881 1050 1049
f 884 881 1049
f 1037 1043 1033
f 1059 1058 1060
f 1057 1058 1059
f 1055 1054 1056
f 1042 1037 1054
f 1047 1045 1052
f 1053 1042 1054
f 1053 1054 1055
f 881 885 1051
f 1058 1065 1066
f 1063 1065 1058
f 1063 1064 1065
f 1062 1058 1057
f 1062 1063 1058
f 1035 1057 1036
f 1035 1062 1057
f 1059 1060 1061
f 1036 1057 1059
f 1036 1061 1032
f 1036 1059 1061
f 1071 1070 1074
f 8952 8833 496
f 8952 496 1071
f 8952 494 8833
f 8953 1071 8954
f 486 8953 8954
f 486 8954 1073
f 8953 8952 1071
f 8953 486 494
f 8953 494 8952
f 1071 496 1072
f 8933 8955 1075
f 8933 1076 1073
f 8933 1073 8955
f 8955 8956 1074
f 8955 1074 1075
f 8955 1073 8956
f 8956 8954 1071
f 8956 1071 1074
f 8956 1073 8954
f 8957 8917 1116
f 1088 1089 1090
f 1087 1088 1082
f 1081 1087 1082
f 1030 1081 1086
f 1083 1063 1085
f 1083 1084 1063
f 1082 1084 1083
f 1081 1082 1083
f 1052 1045 1042
f 1048 884 1049
f 881 1051 1050
f 1174 1172 1142
f 1182 1142 1148
f 1182 1174 1142
f 1185 1182 1148
f 1181 1176 1183
f 1183 1176 1184
f 1175 1174 1182
f 1149 1189 1187
f 1149 1188 1189
f 1186 1185 1187
f 1187 1185 1148
f 1187 1148 1149
f 1142 1172 1145
f 1184 1176 1185
f 1176 1182 1185
f 1136 1135 1137
f 1134 1135 1136
f 893 1133 894
f 894 1133 1026
f 894 1026 334
f 893 1022 1133
f 1133 1027 1026
f 1022 1027 1133
f 1148 1144 1149
f 1143 1147 1144
f 1166 1167 1168
f 1205 1209 1206
f 1205 1208 1209
f 1204 1206 1207
f 1204 1205 1206
f 596 599 1165
f 1138 1134 1203
f 1168 1172 1173
f 1168 1169 1172
f 1170 1167 1166
f 1170 1171 1167
f 1168 1167 1169
f 1145 1146 1143
f 1141 1164 1162
f 1162 1164 1165
f 1176 1175 1182
f 1178 1176 1181
f 1177 1179 1180
f 1177 1178 1179
f 1177 1176 1178
f 1173 1172 1174
f 1175 1176 1177
f 1173 1174 1175
f 1184 1185 1186
f 8957 1116 1113
f 8957 1113 8958
f 8854 1094 8945
f 1118 1119 1120
f 1118 614 1119
f 1113 614 1118
f 8809 8959 1113
f 8809 1113 1118
f 1116 615 1113
f 8958 1113 8959
f 551 635 711
f 551 711 552
f 1124 1128 1125
f 1124 1127 1128
f 1123 1125 1126
f 1123 1124 1125
f 8960 8808 1118
f 8960 1118 1120
f 8960 1120 8816
f 1022 1020 1027
f 398 399 1150
f 1145 1143 1142
f 1142 1143 1144
f 1136 1137 1140
f 1140 1137 1141
f 1138 1139 1134
f 1157 1153 1156
f 1154 1155 1156
f 1151 1150 1152
f 1151 1152 1153
f 399 400 1150
f 398 1150 1151
f 1032 1054 1037
f 1142 1144 1148
f 1162 1163 1141
f 1157 1156 1160
f 1160 1156 1161
f 1155 1158 1159
f 1154 1158 1155
f 1152 1158 1154
f 1153 1154 1156
f 1153 1152 1154
f 926 960 959
f 979 985 986
f 979 986 983
f 975 968 966
f 8961 988 8962
f 8961 8963 988
f 8904 8962 988
f 8904 988 992
f 988 989 992
f 989 990 991
f 8964 8965 990
f 8964 990 989
f 8965 8846 524
f 8965 524 990
f 8966 8964 989
f 8966 989 988
f 926 925 960
f 946 974 947
f 927 926 959
f 961 962 945
f 959 960 961
f 944 943 959
f 943 927 959
f 943 932 927
f 960 925 965
f 961 965 964
f 961 960 965
f 962 961 964
f 959 961 944
f 973 975 987
f 900 903 1002
f 903 1001 1002
f 898 890 1001
f 905 982 378
f 378 982 981
f 981 377 379
f 378 981 379
f 905 907 978
f 977 912 980
f 912 979 980
f 976 912 977
f 944 961 945
f 986 973 987
f 985 973 986
f 905 386 907
f 976 906 912
f 907 906 976
f 905 978 984
f 980 979 983
f 8963 8966 988
f 950 985 911
f 947 985 950
f 951 974 946
f 957 954 958
f 939 932 940
f 937 940 938
f 951 948 952
f 951 946 948
f 949 911 913
f 950 911 949
f 947 950 949
f 947 949 948
f 946 947 948
f 943 944 945
f 955 953 954
f 941 936 938
f 954 945 956
f 953 943 945
f 932 943 953
f 940 932 953
f 940 953 955
f 953 945 954
f 939 933 932
f 937 928 933
f 936 928 937
f 936 934 928
f 935 934 936
f 907 976 977
f 945 963 956
f 945 962 963
f 963 970 971
f 963 969 970
f 967 968 951
f 965 968 967
f 965 966 968
f 962 964 963
f 964 965 967
f 965 925 966
f 907 977 978
f 1002 1001 896
f 974 968 975
f 973 974 975
f 971 970 972
f 967 951 952
f 969 952 970
f 969 967 952
f 562 579 563
f 562 574 579
f 577 579 573
f 579 574 573
f 941 938 942
f 1009 1010 1011
f 1033 1038 1039
f 1032 1037 1033
f 1035 1036 1032
f 1032 1033 1034
f 1033 1043 1038
f 1045 1048 1046
f 1045 1047 1048
f 1042 1046 1044
f 1042 1045 1046
f 1043 1042 1044
f 1037 1042 1043
f 1035 1034 1040
f 1034 1033 1039
f 1008 886 890
f 891 886 1008
f 1007 893 892
f 1006 1007 892
f 1006 892 891
f 1004 1003 1005
f 1001 888 896
f 347 342 1009
f 1016 1011 1015
f 1016 1012 1011
f 1015 1011 1014
f 1021 1014 1018
f 1032 1061 1054
f 1061 1056 1054
f 1061 1060 1056
f 1058 1066 1060
f 1026 1027 1023
f 1023 1024 1025
f 1023 1020 1024
f 1022 1016 1015
f 1007 1012 1016
f 893 1016 1022
f 893 1007 1016
f 1013 1014 1011
f 1028 1025 1031
f 1028 1023 1025
f 8947 1025 1024
f 8947 1024 8967
f 8947 8967 1030
f 8967 1024 1029
f 8967 1029 8924
f 8967 8924 1030
f 1020 1029 1024
f 1020 1019 1029
f 1027 1020 1023
f 1026 1023 1028
f 1035 1032 1034
f 1040 1039 1041
f 1040 1034 1039
f 903 898 1001
f 987 924 995
f 994 924 987
f 975 994 987
f 977 980 999
f 978 997 998
f 978 977 997
f 986 996 983
f 986 995 996
f 995 921 996
f 995 922 921
f 924 922 995
f 987 995 986
f 984 978 998
f 997 999 1000
f 999 921 1000
f 999 996 921
f 980 996 999
f 980 983 996
f 977 999 997
f 1001 890 888
f 900 1002 1003
f 904 1003 1004
f 904 900 1003
f 1021 1015 1014
f 346 1011 1010
f 346 1013 1011
f 1009 1011 1012
f 346 1010 344
f 847 1013 346
f 351 847 346
f 1006 1012 1007
f 1006 1009 1012
f 342 1010 1009
f 342 344 1010
f 347 1009 1006
f 2311 335 2309
f 1020 1022 1015
f 1019 1015 1021
f 1019 1020 1015
f 846 1013 847
f 1017 1014 1013
f 1017 1018 1014
f 846 1017 1013
f 994 918 924
f 925 918 994
f 966 925 994
f 966 994 975
f 3053 2621 2578
f 1972 3044 1790
f 3043 3066 3123
f 3043 1843 3066
f 3124 3043 3123
f 3044 3124 1790
f 3044 3043 3124
f 3056 2579 2027
f 3057 2028 2704
f 3057 3056 2028
f 2579 3053 2578
f 3047 3044 1972
f 1849 2703 3065
f 1849 2704 2703
f 1842 2704 1849
f 2746 3047 1971
f 2631 3063 2050
f 2631 2050 2556
f 2050 3062 2051
f 3062 8968 8875
f 3062 8875 2051
f 8968 3062 8969
f 3134 1893 1891
f 2280 3145 2193
f 3144 1896 3146
f 1974 2750 1973
f 2750 2749 3067
f 3056 3052 2579
f 3052 3053 2579
f 3131 2105 3134
f 2909 3134 1890
f 3134 1891 1890
f 3063 3062 2050
f 2656 2654 2653
f 2610 2706 2658
f 2706 2612 2658
f 2706 2580 2612
f 2707 2615 2580
f 2707 2580 2706
f 2537 2733 2540
f 2537 2731 2733
f 2611 2575 2588
f 2665 2029 2031
f 2034 3147 2620
f 1822 3147 2034
f 1822 1821 3147
f 1821 2553 2550
f 3147 2550 2620
f 2666 2031 2555
f 2031 2035 2555
f 2034 2620 2035
f 2665 2031 2666
f 8970 8881 2029
f 8970 2029 2665
f 2734 1978 2545
f 2727 1830 3067
f 2749 2727 3067
f 2749 2728 2727
f 2750 2745 1973
f 1974 1973 1790
f 2549 3058 2556
f 1896 1898 3146
f 3056 2027 2028
f 2171 3141 3142
f 3141 1896 3142
f 3140 1897 1896
f 3140 1896 3141
f 3139 2065 2093
f 3139 2064 2065
f 3139 3025 2064
f 3139 2049 3025
f 2280 3142 3145
f 2705 2613 1889
f 2705 2563 2613
f 1812 2705 1889
f 2705 2619 2559
f 3070 2619 2705
f 2726 1887 1885
f 2740 1887 2020
f 3072 2619 3070
f 3072 2617 2619
f 2424 2725 3120
f 1904 1903 3136
f 1903 1893 3136
f 2568 2611 1823
f 2576 2611 2568
f 2106 3133 2917
f 2106 3131 3133
f 2028 2026 3105
f 2026 2025 3105
f 2424 3120 2425
f 1904 3136 2091
f 2725 2724 3112
f 2322 2725 2424
f 2719 2743 2741
f 2740 2719 2741
f 3122 2785 2782
f 2575 2586 2588
f 8971 2650 8972
f 8972 2650 3137
f 8972 3137 8973
f 8973 3137 8974
f 1789 3127 2751
f 3108 2721 2770
f 3114 3108 2770
f 2783 3110 3116
f 8975 8976 2076
f 2656 8977 8978
f 2656 8978 2654
f 8979 2654 8980
f 8980 2654 8978
f 1789 3075 3127
f 2080 2654 2081
f 3133 3132 3135
f 3132 2910 3135
f 3132 2909 2910
f 3134 2909 3132
f 3131 3134 3132
f 3131 3132 3133
f 2066 2732 2539
f 2064 2732 2066
f 2539 2731 2537
f 2080 1883 1902
f 1887 2744 1888
f 1888 2744 1813
f 2755 2717 2547
f 3078 3114 3115
f 3078 3115 3079
f 3115 2770 2772
f 2540 3051 3052
f 3142 3144 3145
f 3142 1896 3144
f 1888 1813 1812
f 3138 2644 2093
f 3143 2093 2094
f 2644 3139 2093
f 2171 3142 2172
f 2105 2091 3136
f 2106 2105 3131
f 2105 1893 3134
f 2105 3136 1893
f 2172 3142 2280
f 2576 2575 2611
f 2654 8979 8981
f 2654 8981 2081
f 8981 8975 2076
f 8981 2076 2081
f 2617 2577 2615
f 8982 8983 2649
f 8982 2649 2069
f 3137 3138 2649
f 2650 3138 3137
f 2650 2645 3138
f 8984 2649 8983
f 8974 3137 2649
f 8974 2649 8984
f 2554 2578 2552
f 2752 2049 3139
f 2644 2752 3139
f 3119 2579 2577
f 3119 2023 2579
f 3072 3119 2577
f 2587 2610 2609
f 2587 2706 2610
f 2577 2580 2615
f 1974 1789 2751
f 2903 3153 3156
f 1477 1469 1478
f 1500 1499 3166
f 1502 3165 3163
f 1502 1500 3165
f 3167 1278 1284
f 3167 3170 1278
f 3168 1284 1283
f 3168 3167 1284
f 3166 3170 3167
f 1481 1468 1482
f 2904 3158 2905
f 2904 3156 3158
f 2905 3159 1497
f 2905 3158 3159
f 3158 1285 3159
f 3158 3157 1285
f 3157 2693 1285
f 2915 2917 2171
f 1515 739 1511
f 1468 3161 1583
f 3149 2974 3150
f 3149 2972 2974
f 3148 2972 3149
f 3148 2975 2972
f 2874 2975 3148
f 2885 2887 2164
f 1482 1467 1477
f 1482 1466 1467
f 1468 1565 3161
f 1515 738 739
f 3161 1580 1583
f 3161 3160 1580
f 3160 1581 1580
f 3166 3169 3170
f 3165 3167 3168
f 3165 3166 3167
f 1478 733 1483
f 1478 1469 733
f 1468 1466 1482
f 1477 1467 1469
f 738 1520 729
f 3160 3162 1581
f 3162 1282 1581
f 3162 3164 1282
f 1563 3164 3162
f 1563 3163 3164
f 1563 1502 3163
f 1481 1565 1468
f 1564 3162 3160
f 475 3171 476
f 1344 1228 1226
f 642 666 643
f 642 637 666
f 629 3177 642
f 632 629 642
f 642 3177 637
f 1227 1751 1225
f 1696 1698 3178
f 1696 3178 634
f 1516 746 1513
f 1507 747 1508
f 3163 3168 3164
f 3163 3165 3168
f 3164 3168 1283
f 3164 1283 1282
f 1520 730 729
f 732 1483 733
f 1515 1520 738
f 1511 739 1516
f 3150 2974 2694
f 1513 745 1517
f 1513 746 745
f 1516 741 746
f 1901 3175 3174
f 1900 1901 3174
f 3173 3174 3172
f 3172 1938 1937
f 8985 8986 515
f 8985 515 517
f 8985 3171 8986
f 8828 515 8986
f 475 8828 8986
f 475 8986 3171
f 2961 3152 2902
f 3072 2577 2617
f 2746 1971 1973
f 3047 1972 1971
f 3147 1821 2550
f 2889 2888 2874
f 2883 2875 2873
f 2883 2885 2875
f 2888 2873 2872
f 2888 2883 2873
f 2545 2020 2713
f 2961 3151 3152
f 3156 3157 3158
f 3156 3155 3157
f 3154 2697 3155
f 3154 2695 2697
f 3153 3155 3156
f 3153 3154 3155
f 2874 2888 2872
f 2885 2164 2875
f 2960 3150 2961
f 2551 3058 2549
f 1842 3048 2704
f 3135 2176 3140
f 3135 2910 2176
f 3133 3135 3141
f 2917 3141 2171
f 2917 3133 3141
f 2874 3148 2959
f 2889 2874 2959
f 3151 2694 2695
f 2960 3149 3150
f 2959 3149 2960
f 2959 3148 3149
f 3141 3135 3140
f 3140 2176 1897
f 2020 1887 2726
f 1984 1975 1979
f 1980 1975 1984
f 2713 2020 2018
f 1564 1563 3162
f 2903 3156 2904
f 1747 748 1506
f 2162 2164 2887
f 2922 2158 2165
f 2156 2158 2922
f 2919 2156 2922
f 2166 2918 2167
f 2918 2169 2167
f 2915 2171 2169
f 2910 2908 2176
f 1565 3160 3161
f 1565 1564 3160
f 1745 1754 1747
f 1506 748 1507
f 1754 748 1747
f 1517 1754 1745
f 1517 745 1754
f 2961 3150 3151
f 3150 2694 3151
f 2734 2738 1976
f 3151 2695 3154
f 3152 3154 3153
f 3152 3151 3154
f 2902 3153 2903
f 2902 3152 3153
f 3155 2693 3157
f 3155 2697 2693
f 1884 2698 1885
f 2698 2022 1885
f 3110 3108 3114
f 2734 1976 1978
f 1975 2545 1978
f 2546 2545 1975
f 8987 8970 2665
f 2918 2915 2169
f 2914 2918 2166
f 2919 2166 2156
f 2919 2914 2166
f 2910 1890 2908
f 3063 3059 3062
f 3054 3052 3056
f 3055 2540 3052
f 2541 2540 3055
f 3055 3052 3054
f 2552 2632 2551
f 2552 2624 2632
f 1827 3045 2748
f 2629 3059 3063
f 2629 3063 2631
f 2535 2533 3059
f 3059 8988 8969
f 3059 8969 3062
f 8988 3059 8989
f 2533 8990 8989
f 2533 8989 3059
f 8990 2533 8991
f 3066 1843 1841
f 3065 1841 1849
f 3064 1841 3065
f 2747 3045 1827
f 2747 2835 3045
f 3052 2621 3053
f 1847 3049 1848
f 1848 3048 1842
f 3050 3056 3057
f 3050 3054 3056
f 3049 3055 3054
f 2541 3055 3049
f 1847 2541 3049
f 3049 3054 3050
f 2540 2733 3051
f 2748 3046 3047
f 1847 3031 2640
f 2639 3029 1964
f 2640 3029 2639
f 2640 3031 3029
f 2626 2048 2045
f 2626 2625 2048
f 2535 2045 2042
f 2535 2626 2045
f 2754 3036 1825
f 2763 2774 3080
f 1851 2722 3081
f 1852 1851 3081
f 1795 3080 1797
f 1795 2763 3080
f 3076 2776 2794
f 2772 2776 3076
f 3082 2014 2013
f 1797 3080 1850
f 1797 1850 1852
f 1797 1852 3081
f 2763 2764 2774
f 3080 2720 1850
f 3080 2774 2720
f 2778 1781 2774
f 2551 2630 3058
f 2551 2632 2630
f 3058 2631 2556
f 3058 2630 2631
f 2578 2624 2552
f 1973 2745 2746
f 2748 3047 2746
f 3045 3046 2748
f 3039 3041 3040
f 2835 3040 3045
f 2835 3039 3040
f 3042 3043 3044
f 3042 1844 3043
f 3040 1844 3042
f 3040 3041 1844
f 1848 3049 3050
f 3045 3042 3046
f 3079 2772 3076
f 3078 3079 3076
f 3078 3076 3077
f 3076 2794 3077
f 1789 1788 3075
f 3071 3074 3073
f 3071 3073 3072
f 2764 2778 2774
f 3016 1998 1990
f 2754 3033 3036
f 3035 3034 2056
f 3033 3034 3035
f 2526 2042 2044
f 8992 2534 8993
f 8992 8994 2534
f 3017 1987 1986
f 3017 1999 1987
f 1990 1999 3017
f 2056 3034 2054
f 1985 3015 1980
f 3016 1990 3017
f 3015 3016 3017
f 2680 1924 1936
f 3020 3021 2002
f 2056 1855 1963
f 3035 2056 1963
f 1825 3036 2758
f 2758 3035 3037
f 3030 1831 3027
f 3009 2948 2947
f 3009 3010 2948
f 1624 2947 1545
f 1846 3031 1847
f 1846 3028 3031
f 3028 3029 3031
f 3029 3027 1964
f 3027 1967 1964
f 3027 1831 1967
f 3035 1963 3037
f 1969 2066 3032
f 3032 2066 2536
f 3032 2536 2638
f 2066 2539 2536
f 3032 2638 1970
f 1969 3032 1966
f 1966 3032 1970
f 1845 3028 1846
f 3036 3033 3035
f 3046 3042 3044
f 3026 3027 3028
f 3025 2048 2730
f 3025 2049 2048
f 2064 3025 2732
f 2732 3025 2730
f 1961 2759 1963
f 1845 3026 3028
f 3045 3040 3042
f 3046 3044 3047
f 3028 3027 3029
f 1844 1843 3043
f 3041 1839 1844
f 3039 1839 3041
f 3039 1845 1839
f 3051 2622 2621
f 2733 2625 2622
f 3051 2621 3052
f 2733 2622 3051
f 1848 3050 3048
f 3038 2833 3030
f 3036 3035 2758
f 2639 1964 1970
f 3038 2834 2833
f 3039 2834 3038
f 3039 2835 2834
f 1845 3038 3026
f 1845 3039 3038
f 2833 2832 1832
f 3030 2833 1832
f 2578 2621 2624
f 2729 1829 1830
f 1824 1829 2729
f 2758 3037 2756
f 2756 3037 1963
f 1826 1825 2758
f 3026 3038 3030
f 3030 1832 1831
f 1832 2832 1834
f 3026 3030 3027
f 3064 3099 3066
f 2784 2783 3116
f 2788 3116 3117
f 2788 2784 3116
f 3081 2722 3083
f 1797 3081 1793
f 2785 3109 2786
f 3119 3073 2024
f 2703 3105 3118
f 3105 3098 3118
f 2783 2786 3110
f 3064 3118 3099
f 3118 3098 3099
f 3065 3118 3064
f 1793 3081 3083
f 1793 3083 3082
f 2719 2718 3100
f 2705 1812 3070
f 1812 3071 3070
f 3111 3113 3093
f 3100 3103 2743
f 3103 2742 2743
f 3113 2015 2014
f 3113 3094 2015
f 3113 3095 3094
f 3112 2724 3095
f 3112 3095 3113
f 3093 3113 2014
f 2785 3112 3111
f 1812 1814 3071
f 3091 3090 3092
f 3091 1960 3090
f 1817 1816 1958
f 1956 1960 3091
f 1958 1816 1856
f 1938 3090 1960
f 1874 1875 1872
f 1874 3089 1875
f 2134 3092 2135
f 3125 3110 3114
f 3066 3099 3123
f 3124 1786 1790
f 3124 3099 1786
f 3123 3099 3124
f 3121 3120 3122
f 3122 2782 2787
f 3079 3115 2772
f 3126 3125 3078
f 3125 3114 3078
f 3099 3106 1787
f 3116 3110 3125
f 3117 3125 3126
f 3117 3116 3125
f 2755 2547 2546
f 2785 3111 3109
f 3111 3093 3109
f 3093 2722 3109
f 3093 3083 2722
f 3114 2770 3115
f 3100 3101 3103
f 3072 3073 3119
f 3119 2024 2023
f 3104 3074 1814
f 1814 3074 3071
f 3105 2025 3104
f 3105 3104 3098
f 3104 3097 3098
f 3104 1814 3097
f 1814 1813 3097
f 1788 1787 3103
f 3107 2744 2742
f 3122 3120 2785
f 2725 2785 3120
f 2725 3112 2785
f 2425 3120 3121
f 2719 3100 2743
f 2547 2719 2740
f 2028 3105 2703
f 3099 1787 1786
f 2016 3068 3069
f 1870 1869 1871
f 1868 1869 1870
f 8877 8995 2073
f 8996 8877 2076
f 8996 2076 8976
f 3070 3071 3072
f 1802 3069 1798
f 1802 2016 3069
f 1875 1868 1870
f 2016 2015 3068
f 2745 2750 1830
f 2750 3067 1830
f 3066 1841 3064
f 2772 2771 2776
f 1836 1817 2735
f 2736 3091 2134
f 2134 3091 3092
f 2736 1956 3091
f 3084 1802 1801
f 3048 3057 2704
f 3048 3050 3057
f 2535 3059 2629
f 2830 3085 2402
f 1808 2829 2828
f 2826 1796 2831
f 2828 2826 2831
f 2013 1802 3084
f 2013 2016 1802
f 1958 1956 2736
f 8997 2650 8971
f 2061 3086 1858
f 2061 1858 1857
f 3086 3088 1860
f 3087 3088 3086
f 3086 1860 1858
f 1865 1857 1859
f 2401 3085 2403
f 1874 8998 8999
f 1874 8999 3089
f 8998 2077 8999
f 3106 3099 3096
f 1799 1798 2830
f 1796 3084 2831
f 1791 3082 3084
f 1791 1793 3082
f 1796 1791 3084
f 3082 3083 2014
f 2402 3085 2401
f 3107 3096 2744
f 3106 3096 3107
f 3082 2013 3084
f 1787 3106 3103
f 3103 3107 2742
f 3106 3107 3103
f 3104 2025 3074
f 3111 3112 3113
f 2722 2721 3108
f 3109 3110 2786
f 3109 3108 3110
f 2722 3108 3109
f 3083 3093 2014
f 1817 1958 2735
f 2735 1958 2736
f 3096 3099 3098
f 3096 3098 3097
f 2744 3096 3097
f 2015 3094 3068
f 3095 2724 2773
f 3095 2773 3068
f 3094 3095 3068
f 633 634 630
f 3101 1788 3103
f 3073 3074 2025
f 2024 3073 2025
f 3102 3101 2718
f 3102 1788 3101
f 3075 1788 3102
f 3100 2718 3101
f 2744 3097 1813
f 2831 3084 1801
f 3015 1979 1985
f 3016 1979 3015
f 1977 1979 3016
f 1998 1977 3016
f 1976 1977 1998
f 2738 1976 1998
f 2078 2079 2077
f 1699 644 441
f 442 1699 441
f 646 644 1699
f 1992 2738 1998
f 1993 2738 1992
f 1877 8885 9000
f 1877 9000 2079
f 448 651 1700
f 446 1700 649
f 647 446 649
f 633 436 641
f 632 633 641
f 9001 9002 653
f 9001 653 654
f 9002 8832 454
f 9002 454 653
f 3186 437 644
f 9000 8998 2077
f 9000 2077 2079
f 2073 3185 1864
f 1867 1864 3185
f 1862 2073 1864
f 2062 2544 3181
f 2062 3181 2063
f 2544 2057 3181
f 2070 3143 2094
f 2071 3187 1865
f 2544 2133 2058
f 2060 2058 3182
f 1500 3166 3165
f 739 741 1516
f 2644 2646 2752
f 2752 2646 2641
f 2067 2094 2063
f 2067 2070 2094
f 2057 2067 3181
f 3181 2067 2063
f 3138 3143 2649
f 1499 1498 3169
f 2061 2060 3086
f 2061 2059 2060
f 3183 2138 3087
f 3183 3182 2138
f 2060 3182 3183
f 3086 2060 3183
f 3086 3183 3087
f 3179 706 704
f 633 1696 634
f 3178 706 3179
f 3178 1698 706
f 634 3178 3179
f 643 666 1755
f 634 3179 631
f 631 3179 703
f 3179 704 703
f 3087 3184 3088
f 1698 707 706
f 1698 3180 707
f 1698 1697 3180
f 3170 1285 1278
f 3169 1285 3170
f 3169 3159 1285
f 1498 3159 3169
f 1498 1497 3159
f 1499 3169 3166
f 2645 2644 3138
f 8879 2075 9003
f 2076 8879 9003
f 2076 9003 2077
f 8939 9004 651
f 8939 650 654
f 8939 654 9004
f 644 3186 641
f 8999 9003 2075
f 8999 2075 3089
f 8999 2077 9003
f 3185 1867 1868
f 2074 3185 1868
f 3187 1857 1865
f 2649 3143 2070
f 3138 2093 3143
f 647 446 1699
f 1129 629 631
f 1129 631 711
f 1129 3177 629
f 635 637 3177
f 635 3177 1129
f 2643 9005 9006
f 2643 9006 2529
f 9004 9007 448
f 9004 448 651
f 9004 654 9007
f 9007 9001 451
f 9007 451 448
f 9007 654 9001
f 2544 2058 2057
f 3173 3172 1937
f 3087 2137 3184
f 3087 2138 2137
f 3182 2132 2138
f 3182 2130 2132
f 2058 2130 3182
f 1751 1755 667
f 1232 643 1755
f 1751 1232 1755
f 1900 3174 3173
f 3172 3176 1938
f 3174 3176 3172
f 3174 3175 3176
f 1225 1344 1226
f 2068 3187 2071
f 3186 436 641
f 3186 437 436
f 2074 2073 3185
f 647 1699 646
f 2703 3118 3065
f 2647 2646 2648
f 2641 2642 2643
f 2640 2541 1847
f 2640 2538 2541
f 2639 2538 2640
f 2639 2536 2538
f 1970 2536 2639
f 1970 2638 2536
f 2645 2650 2648
f 8995 9008 2072
f 8995 2072 2073
f 2069 2649 2070
f 2592 2600 2599
f 2646 2645 2648
f 2641 2646 2647
f 2642 2641 2647
f 9005 2643 2642
f 9005 2642 9009
f 2080 1902 2653
f 9010 2648 9011
f 9011 2648 2650
f 9011 2650 8997
f 9012 2647 2648
f 9012 2648 9010
f 9013 2642 9014
f 2624 2623 2627
f 2627 2626 2535
f 2623 2626 2627
f 2622 2626 2623
f 2635 2097 2129
f 2635 2098 2097
f 2634 2129 2128
f 2634 2635 2129
f 9008 8982 2069
f 9008 2069 2072
f 2624 2627 2632
f 9014 2642 2647
f 9014 2647 9012
f 2632 2628 2630
f 2599 2557 2590
f 2599 2561 2557
f 2600 2561 2599
f 2592 2599 2589
f 2589 2599 2590
f 2597 2598 2592
f 2596 2597 2592
f 2582 2590 2583
f 2412 2661 2662
f 2660 2086 2083
f 2660 2083 2089
f 2660 1905 2086
f 9015 9016 2657
f 9015 2657 2411
f 9015 2411 9017
f 2411 2659 2409
f 2661 2088 2100
f 2661 2100 2662
f 2412 2662 2413
f 2412 2659 2660
f 2412 2660 2661
f 2661 2660 2089
f 2661 2089 2088
f 1905 1904 2086
f 1934 2128 1935
f 1934 2634 2128
f 2637 2098 2635
f 2637 2099 2098
f 2636 2635 2634
f 1884 2562 2608
f 9018 2642 9013
f 9009 2642 9018
f 2617 2618 2564
f 2617 2616 2618
f 2615 2616 2617
f 2614 1884 2608
f 2614 2608 2604
f 2613 2558 2562
f 2613 2563 2558
f 2627 2535 2628
f 2622 2625 2626
f 2657 1905 2659
f 2653 1905 2657
f 2656 2653 2657
f 2657 2659 2411
f 2610 2658 2566
f 1818 2612 1821
f 2658 2612 1818
f 2659 1905 2660
f 9019 8993 2534
f 9019 2534 2526
f 2591 2595 2592
f 2591 2594 2595
f 2591 2593 2594
f 2589 2591 2592
f 2582 2589 2590
f 2588 2586 2587
f 2586 2585 2587
f 2536 2539 2537
f 2536 2537 2538
f 2592 2595 2596
f 2526 2534 2042
f 2534 2535 2042
f 2534 2533 2535
f 8994 8991 2533
f 8994 2533 2534
f 2529 2526 2044
f 2545 2546 2547
f 2590 2557 2583
f 2557 2560 2583
f 2602 2562 2561
f 2572 2570 2567
f 2450 2509 2508
f 9020 2445 9021
f 2450 9020 9021
f 2450 9021 2509
f 2450 2508 2502
f 2568 2569 2576
f 2569 2571 2576
f 2571 2575 2576
f 2573 2574 2570
f 2572 2573 2570
f 2601 2561 2600
f 2569 2570 2571
f 2586 2581 2585
f 2581 2584 2585
f 2581 2583 2584
f 2581 2582 2583
f 2577 2554 2580
f 2577 2579 2578
f 2554 2577 2578
f 2567 2569 2568
f 2621 2622 2623
f 2565 2567 2568
f 1818 1823 2566
f 1820 2565 1823
f 2560 2559 2564
f 2559 2558 2563
f 2561 2562 2558
f 2557 2561 2558
f 2567 2570 2569
f 2621 2623 2624
f 2565 2568 1823
f 2027 2579 2023
f 2035 2620 2555
f 2555 2620 2549
f 2620 2550 2549
f 2617 2564 2619
f 2632 2627 2628
f 2630 2629 2631
f 2630 2628 2629
f 2628 2535 2629
f 2602 2603 2604
f 2601 2602 2561
f 2598 2600 2592
f 2598 2601 2600
f 2562 2602 2604
f 2604 2603 2021
f 2603 2606 2607
f 2601 2606 2603
f 2601 2605 2606
f 2601 2598 2605
f 2636 2637 2635
f 2602 2601 2603
f 1884 2613 2562
f 2553 1821 2612
f 2580 2554 2553
f 2580 2553 2612
f 2609 1823 2611
f 2609 2566 1823
f 2609 2610 2566
f 2562 2604 2608
f 2322 2723 2725
f 2713 1994 2009
f 2713 2709 1994
f 1994 2716 2011
f 2709 2716 1994
f 2709 2715 2716
f 2709 2714 2715
f 2726 2022 2019
f 2726 1885 2022
f 2020 2726 2019
f 2717 2718 2719
f 2723 2724 2725
f 1851 2721 2722
f 2721 1851 1850
f 2720 2721 1850
f 1893 1883 1881
f 2545 2547 2020
f 2539 2730 2731
f 2731 2625 2733
f 2732 2730 2539
f 2618 2560 2564
f 1889 1884 1886
f 1889 2613 1884
f 1967 1837 1965
f 1965 1836 1968
f 1835 1836 1965
f 1831 1837 1967
f 1837 1835 1965
f 2707 2616 2615
f 2706 2616 2707
f 2731 2048 2625
f 2674 2685 2675
f 2674 2684 2685
f 2682 2684 2674
f 2682 2683 2684
f 2681 2674 2671
f 2681 2682 2674
f 2679 2671 2670
f 2679 2681 2671
f 2677 1268 1267
f 2745 1828 2746
f 2587 2739 2706
f 2706 2739 2616
f 2739 2618 2616
f 2739 2585 2618
f 2585 2560 2618
f 2584 2583 2560
f 1828 1827 2748
f 1827 1826 2747
f 1830 1828 2745
f 2739 2587 2585
f 2742 2744 1887
f 2741 2743 2742
f 1887 2741 2742
f 2740 2741 1887
f 2709 2712 2714
f 2018 2040 2713
f 2713 2040 2709
f 2709 2711 2712
f 2708 2711 2709
f 2695 2691 2697
f 2730 2048 2731
f 2727 2728 2729
f 2701 2520 2702
f 2700 2521 2701
f 2699 2700 2701
f 2022 2604 2021
f 2022 2614 2604
f 2698 1884 2614
f 2022 2698 2614
f 2563 2705 2559
f 2703 2704 2028
f 2611 2588 2609
f 2588 2587 2609
f 2734 2737 2738
f 2009 2737 2734
f 2134 2543 2736
f 2543 2735 2736
f 2543 2542 2735
f 2009 2734 2713
f 9022 9023 2656
f 9022 2656 2657
f 2672 2678 2676
f 2672 2675 2678
f 2673 2676 2677
f 2673 2672 2676
f 2671 2675 2672
f 2671 2674 2675
f 2566 2658 1818
f 9016 9022 2657
f 1936 2679 2670
f 1902 1905 2653
f 2080 2653 2654
f 2659 2412 2409
f 2677 2676 1268
f 2676 1269 1268
f 2676 2678 1269
f 2678 1270 1269
f 2666 2555 2556
f 1933 2634 1934
f 1933 2636 2634
f 2644 2645 2646
f 2668 1950 1949
f 2668 2669 1950
f 2663 2668 1949
f 2099 2668 2663
f 8876 9024 2052
f 2050 2666 2556
f 2678 2686 1270
f 2670 2672 2673
f 2670 2671 2672
f 2663 1949 1943
f 2669 1951 1950
f 2669 1933 1951
f 2636 1933 2669
f 2637 2669 2668
f 2637 2636 2669
f 1936 2670 2680
f 1932 2701 2702
f 2052 2665 2666
f 9024 8987 2665
f 9024 2665 2052
f 2413 2663 1943
f 2413 2662 2663
f 2662 2099 2663
f 2662 2100 2099
f 2099 2637 2668
f 1931 2701 1932
f 1931 2699 2701
f 2052 2666 2050
f 1932 2702 1933
f 2702 1951 1933
f 2702 2520 1951
f 2701 2521 2520
f 2037 2021 2607
f 2037 2017 2021
f 2607 2021 2603
f 2017 2019 2021
f 2559 2619 2564
f 2687 2677 1267
f 2675 2686 2678
f 2675 2685 2686
f 2691 2692 2693
f 2689 2690 2691
f 2680 2673 2688
f 2680 2670 2673
f 2688 2677 2687
f 2688 2673 2677
f 2687 1267 1266
f 9025 2445 2449
f 9025 2449 9026
f 9025 9026 2458
f 2695 2689 2691
f 2697 2691 2693
f 2693 1286 1285
f 2693 2692 1286
f 2696 2155 2690
f 2696 2690 2689
f 2694 2696 2689
f 2694 2689 2695
f 2424 2425 2421
f 2391 2390 2371
f 2399 2416 2404
f 2399 2419 2416
f 2419 2341 2416
f 2419 2420 2341
f 2418 2420 2419
f 2403 2417 2396
f 2397 2419 2399
f 2321 2423 2308
f 2423 2313 2308
f 2349 2382 2350
f 2424 2421 2319
f 2322 2424 2319
f 2323 2423 2321
f 2323 2422 2423
f 2319 2422 2323
f 2433 2434 2431
f 2429 2431 2432
f 2429 2430 2431
f 2426 2316 2428
f 2407 2406 2415
f 9027 9017 2411
f 9027 2411 2408
f 9028 2408 9029
f 9028 9027 2408
f 9030 9031 2408
f 9030 2408 2409
f 2415 2341 2343
f 2415 2416 2341
f 2406 2416 2415
f 2406 2404 2416
f 2407 2415 2351
f 2428 2316 2315
f 2414 2407 2351
f 2394 2407 2414
f 2381 2386 2380
f 2380 2384 2382
f 2380 2386 2384
f 2382 2384 2350
f 2384 2385 2350
f 2348 2379 2349
f 2349 2379 2382
f 2446 2447 2443
f 2442 2436 2435
f 2271 2270 2436
f 2271 2436 2442
f 2440 2434 2437
f 2439 2435 2434
f 2439 2441 2435
f 2438 2434 2440
f 2447 2449 2445
f 2446 2443 2448
f 2442 2435 2441
f 2443 2445 2444
f 2443 2444 2440
f 2270 1768 2436
f 1768 1766 2432
f 1770 1768 2270
f 2397 2418 2419
f 2396 2418 2397
f 2396 2417 2418
f 2385 2394 2414
f 2399 2404 2400
f 2427 2307 2316
f 2426 2427 2316
f 2321 2308 2312
f 2393 2407 2394
f 2406 2407 2393
f 2405 2406 2393
f 2325 2330 1809
f 2398 2332 2328
f 2330 2398 2328
f 2408 2411 2409
f 2325 2403 2396
f 9029 2408 9031
f 2428 2433 2430
f 2437 2434 2433
f 2315 2433 2428
f 2315 2437 2433
f 1765 2432 1766
f 1765 2429 2432
f 2426 2430 2429
f 2345 2346 2338
f 2364 2383 2381
f 2364 2378 2383
f 2365 2364 2380
f 2379 2365 2380
f 2379 2380 2382
f 2380 2364 2381
f 2363 2348 2353
f 2363 2379 2348
f 2338 2347 2336
f 2358 2360 2352
f 2344 2338 2335
f 2344 2345 2338
f 2342 2335 2334
f 2342 2344 2335
f 2341 2334 2343
f 2341 2342 2334
f 2348 2339 2352
f 2383 2390 2391
f 2383 2389 2390
f 2375 2374 2373
f 2311 2313 335
f 2308 2313 2311
f 2312 2308 2307
f 2308 2311 2309
f 2324 2320 2321
f 2353 2373 2363
f 2373 2364 2363
f 2374 2378 2364
f 2376 2377 2374
f 2387 2370 2388
f 2375 2376 2374
f 2359 2375 2373
f 2365 2379 2363
f 2361 2356 2355
f 2355 2356 2354
f 2356 2347 2354
f 2356 2358 2347
f 2358 2352 2347
f 2360 2353 2352
f 2370 2366 2395
f 2373 2374 2364
f 2368 2369 2372
f 2372 2369 2331
f 2369 2333 2331
f 2370 2367 2366
f 2370 2371 2367
f 2368 2367 2369
f 2366 2367 2368
f 2359 2373 2353
f 2325 2396 2330
f 2368 2372 2405
f 2372 2331 2405
f 2366 2368 2395
f 2394 2385 2388
f 2400 2404 2406
f 2400 2406 2405
f 8896 9032 2413
f 8896 2413 1943
f 9032 9030 2409
f 9032 2409 2413
f 2409 2412 2413
f 2387 2371 2370
f 2381 2383 2386
f 2384 2388 2385
f 2384 2387 2388
f 2386 2387 2384
f 2398 2397 2332
f 2330 2397 2398
f 2330 2396 2397
f 2395 2394 2388
f 2393 2394 2395
f 2385 2414 2350
f 2389 2392 2390
f 2391 2371 2387
f 2325 1803 2401
f 2401 1799 2402
f 1803 1799 2401
f 1803 1806 1799
f 1799 1806 1800
f 2332 2399 2400
f 2397 2399 2332
f 2521 2514 2520
f 9033 2510 9034
f 2512 9035 9036
f 2512 9036 2514
f 2521 2510 2512
f 2477 2479 2481
f 2521 2512 2514
f 2520 1952 1951
f 2520 2514 1952
f 2514 9037 8870
f 2514 8870 1952
f 9037 2514 9036
f 2529 9038 9039
f 2529 9039 2526
f 9019 2526 9039
f 2499 2500 2504
f 2502 2498 2497
f 2450 2502 2497
f 2498 2483 2500
f 2508 2457 2455
f 2508 2509 2457
f 2497 2499 2507
f 2507 2499 2505
f 2505 2504 2506
f 2505 2499 2504
f 2500 2483 2503
f 2455 2475 2480
f 2455 2456 2475
f 2476 2479 2477
f 2476 2478 2479
f 2475 2476 2477
f 2468 2473 2466
f 2463 2472 2461
f 2471 2474 2472
f 2555 2549 2556
f 2315 2314 2548
f 2315 2548 2437
f 2548 2314 2448
f 2437 2448 2440
f 2437 2548 2448
f 9038 2529 9006
f 2560 2557 2559
f 2557 2558 2559
f 2314 335 2446
f 2553 2554 2552
f 2550 2553 2552
f 2550 2552 2551
f 2549 2550 2551
f 2314 2446 2448
f 2510 9033 9040
f 2510 9040 2512
f 2502 2508 2455
f 2509 2458 2457
f 9021 2445 9025
f 9021 9025 2458
f 9021 2458 2509
f 9041 9042 2493
f 9041 2493 2494
f 9041 2491 9042
f 1918 2485 1919
f 1918 2490 2485
f 2490 2487 2485
f 2489 2487 2490
f 2489 2494 2487
f 9043 9041 2494
f 9043 2494 2489
f 9043 2491 9041
f 2502 2455 2501
f 9044 2493 9042
f 2492 9044 9042
f 2492 9042 2491
f 2498 2501 2483
f 1969 2133 2062
f 2062 2133 2544
f 2133 2542 2543
f 1968 2542 2133
f 1969 1968 2133
f 2538 2540 2541
f 2538 2537 2540
f 1774 2426 2429
f 2473 2463 2466
f 2473 2470 2463
f 2470 2471 2472
f 2305 1051 885
f 2467 2469 2306
f 2468 2467 2306
f 2305 2469 1051
f 2426 2428 2430
f 1774 2429 1765
f 2470 2472 2463
f 1768 2431 2436
f 1768 2432 2431
f 2436 2431 2435
f 2434 2435 2431
f 2433 2431 2430
f 2438 2439 2434
f 2478 2474 2479
f 2478 2472 2474
f 2452 2472 2478
f 2455 2453 2452
f 2350 2414 2340
f 2414 2351 2340
f 2351 2415 2343
f 2319 2421 2422
f 2452 2454 2461
f 2454 2459 2460
f 2453 2459 2454
f 2457 2459 2453
f 2457 2458 2459
f 2452 2461 2472
f 2455 2457 2453
f 2306 2469 2305
f 2466 2467 2468
f 2466 2465 2467
f 2454 2460 2462
f 2461 2454 2462
f 2463 2465 2466
f 2463 2464 2465
f 2462 2464 2463
f 2497 2498 2499
f 2452 2453 2454
f 2448 2443 2440
f 2440 2451 2438
f 2440 2444 2451
f 2444 9045 9046
f 2444 9046 2451
f 9045 2450 9046
f 2445 9020 9045
f 2445 9045 2444
f 9020 2450 9045
f 2447 2445 2443
f 2461 2462 2463
f 2499 2498 2500
f 2455 2452 2456
f 8899 9047 2489
f 8899 2489 1918
f 8899 1916 9047
f 2483 2484 2503
f 2501 2480 2483
f 2455 2480 2501
f 2502 2501 2498
f 2483 2477 2482
f 2456 2478 2476
f 2456 2452 2478
f 2456 2476 2475
f 2485 2487 2488
f 1919 2486 1942
f 1919 2485 2486
f 2480 2477 2483
f 2480 2475 2477
f 2483 2482 2484
f 3010 2949 2948
f 2477 2481 2482
f 9048 2489 9047
f 1907 9048 9047
f 1907 9047 1916
f 9048 9043 2489
f 9048 1907 2491
f 9048 2491 9043
f 2489 2490 1918
f 1942 2301 1762
f 1942 2486 2301
f 2486 2299 2301
f 2486 2488 2299
f 2485 2488 2486
f 2901 2902 2903
f 2896 2898 1496
f 2896 1496 1495
f 2683 2899 2890
f 2683 2890 2684
f 2899 2900 2891
f 2899 2891 2890
f 2900 2901 2894
f 2900 2894 2891
f 2898 1497 1496
f 2901 2903 2894
f 2890 2891 2892
f 2890 2892 2893
f 2891 2894 2895
f 2891 2895 2892
f 2893 2892 2896
f 2893 2896 2897
f 2892 2895 2898
f 2842 2844 2876
f 2107 2913 2912
f 2911 2912 2914
f 9049 2877 9050
f 2505 9049 9050
f 2505 9050 2507
f 2876 2441 2877
f 2877 2441 2439
f 2877 2439 2878
f 9051 9052 2842
f 9051 2842 2876
f 9051 2506 9052
f 9051 2876 9053
f 2506 9051 9053
f 2506 9053 2505
f 2867 2870 2871
f 2844 2442 2876
f 2844 2271 2442
f 2894 2903 2904
f 2894 2904 2895
f 2895 2904 2905
f 2895 2905 2898
f 2898 2905 1497
f 2878 2438 2451
f 1911 2492 2491
f 1910 2284 1911
f 2284 2283 2879
f 2284 2879 2492
f 9044 9054 2493
f 9044 2492 2879
f 9044 2879 9054
f 1911 2491 1907
f 2880 2881 2882
f 2878 2439 2438
f 1911 2284 2492
f 9055 9056 2878
f 9055 2878 2451
f 9055 2497 9056
f 9055 2451 9046
f 2497 9055 9046
f 2497 9046 2450
f 9057 9050 2877
f 9057 2877 2878
f 9057 2507 9050
f 9057 2878 9056
f 2507 9057 9056
f 2507 9056 2497
f 9049 9053 2876
f 9049 2876 2877
f 9049 2505 9053
f 2849 2197 2850
f 2846 2849 2850
f 2846 2850 2847
f 2882 2881 2883
f 2852 2237 2236
f 2852 2236 2861
f 2861 2236 2235
f 2862 2235 1915
f 2862 1915 2288
f 2863 2862 2288
f 2863 2288 2292
f 2864 2863 2292
f 2911 2107 2912
f 2881 2884 2885
f 2881 2885 2883
f 2124 2123 2880
f 2124 2880 2886
f 2123 2117 2881
f 2123 2881 2880
f 2117 2122 2884
f 2925 2927 2928
f 2152 2151 2926
f 2152 2926 2925
f 2151 2147 2929
f 2151 2929 2926
f 2147 2150 2933
f 2147 2933 2929
f 2929 2933 2200
f 2925 2926 2927
f 2154 2925 2932
f 2926 2929 2927
f 2928 2927 2930
f 2928 2930 2931
f 2927 2929 2223
f 2927 2223 2930
f 2154 2152 2925
f 2262 2923 2924
f 2261 2205 2923
f 2897 2896 1495
f 2932 2925 2928
f 2932 2928 2935
f 2201 2868 2203
f 2868 2871 2203
f 2203 2871 2199
f 2150 2869 2201
f 2150 2201 2933
f 2912 2913 2915
f 2205 2204 2278
f 2897 1495 1494
f 2686 2897 1494
f 2686 1494 1270
f 2685 2893 2897
f 2685 2897 2686
f 2684 2890 2893
f 2684 2893 2685
f 2913 2106 2917
f 2108 2920 2113
f 2916 2919 2920
f 2919 2922 2920
f 2920 2922 2165
f 2108 2911 2916
f 2108 2107 2911
f 2107 2103 2913
f 2103 2106 2913
f 2108 2916 2920
f 2913 2917 2915
f 2912 2915 2918
f 2914 2912 2918
f 1890 2906 2907
f 1890 2907 2908
f 1890 1895 2906
f 2909 1890 2910
f 2884 2887 2885
f 2923 2278 2177
f 2924 2923 2177
f 2924 2177 2180
f 2265 2924 2180
f 2892 2898 2896
f 2117 2884 2881
f 2122 2114 2884
f 2884 2114 2887
f 2848 2847 2851
f 2882 2883 2888
f 2889 2882 2888
f 2886 2882 2889
f 2886 2880 2882
f 2916 2911 2914
f 2916 2914 2919
f 2920 2165 2921
f 1776 2795 1778
f 2834 2835 2747
f 2834 2747 2757
f 9058 8856 2297
f 9058 2297 2836
f 9058 2298 8856
f 2836 2297 1941
f 2836 1941 1763
f 2837 2836 1763
f 2803 2806 2804
f 1776 1775 2795
f 2756 2834 2757
f 1775 2796 2795
f 2796 1775 2781
f 1785 1784 2797
f 1780 2798 1784
f 2799 2797 2800
f 2799 2800 2801
f 1811 2829 1808
f 2830 2402 1799
f 2838 2839 1764
f 2840 1764 2267
f 2840 2267 2266
f 2844 2840 2266
f 2844 2266 2271
f 2842 2838 2840
f 2842 2840 2844
f 2845 2846 2847
f 2845 2847 2848
f 2401 2403 2325
f 2838 1764 2840
f 9059 9060 2838
f 9059 2506 2841
f 9059 2841 9060
f 9052 9059 2838
f 9052 2838 2842
f 9052 2506 9059
f 9061 9062 2843
f 9061 2843 2839
f 9061 2841 9062
f 9060 9061 2839
f 9060 2839 2838
f 9060 2841 9061
f 2843 2837 2839
f 2839 2837 1764
f 2318 2723 2322
f 2821 2825 2811
f 2811 2825 2813
f 2819 2811 2810
f 2778 1775 1781
f 2772 2770 2769
f 2769 2721 2720
f 2771 2769 2720
f 2723 2773 2724
f 2821 2824 2825
f 2720 2774 2775
f 2774 1781 2775
f 2771 2775 2776
f 1773 2808 2426
f 2307 2809 2324
f 2307 2324 2312
f 2810 2811 2812
f 2804 2817 2820
f 2332 2400 2331
f 2331 2400 2405
f 2395 2388 2370
f 2368 2393 2395
f 2405 2393 2368
f 2820 2810 2816
f 2807 2820 2816
f 2807 2816 2800
f 2817 2822 2818
f 2804 2820 2807
f 2826 2792 1796
f 2827 2826 2828
f 2829 2827 2828
f 2822 2821 2818
f 2822 2823 2824
f 2822 2824 2821
f 2853 2860 2865
f 2872 2867 2866
f 2873 2870 2867
f 2870 2163 2182
f 2870 2182 2871
f 2864 2292 2291
f 2865 2860 2863
f 2865 2863 2864
f 2853 2855 2860
f 2872 2873 2867
f 2866 2867 2868
f 2866 2868 2869
f 2837 1763 1764
f 2386 2391 2387
f 2383 2391 2386
f 2831 1801 2828
f 1801 1800 1808
f 2828 1801 1808
f 2874 2872 2148
f 2848 2851 2852
f 2847 2850 2206
f 2847 2206 2851
f 2853 2854 2845
f 2853 2845 2855
f 2871 2182 2181
f 2149 2866 2869
f 2149 2869 2150
f 2832 2833 2756
f 2875 2164 2163
f 2875 2163 2870
f 2873 2875 2870
f 2876 2442 2441
f 2867 2871 2868
f 2148 2872 2866
f 2148 2866 2149
f 2820 2819 2810
f 2855 2848 2858
f 2854 2856 2846
f 2854 2846 2845
f 2856 2857 2849
f 2856 2849 2846
f 2857 2209 2207
f 2857 2207 2849
f 2849 2207 2197
f 2855 2845 2848
f 2801 2816 2815
f 2800 2816 2801
f 2817 2818 2819
f 2817 2819 2820
f 2818 2821 2819
f 2819 2821 2811
f 2806 2817 2804
f 2859 2235 2862
f 2833 2834 2756
f 2832 2756 2759
f 2855 2858 2859
f 2855 2859 2860
f 2858 2861 2859
f 2860 2859 2862
f 2860 2862 2863
f 2859 2861 2235
f 2275 2274 2936
f 2858 2852 2861
f 2850 2197 2206
f 2206 2205 2264
f 2851 2206 2264
f 2852 2851 2264
f 2852 2264 2237
f 2858 2848 2852
f 2977 2953 2962
f 1550 3000 1618
f 2952 2951 3001
f 2952 3001 3000
f 2951 2950 3004
f 2951 3004 3001
f 2950 2219 2221
f 2125 2953 2977
f 1550 2952 3000
f 2977 2962 2978
f 2978 2962 2683
f 2978 2683 2682
f 1927 2979 2679
f 1927 2679 1936
f 1930 2979 1927
f 2998 2997 2250
f 2998 2250 2248
f 3004 2221 2229
f 3007 3006 2253
f 3007 2253 2252
f 1620 3007 2252
f 1620 2252 824
f 1619 3003 3007
f 1619 3007 1620
f 1618 3000 3003
f 1618 3003 1619
f 2226 2998 2248
f 3004 2229 3005
f 3005 2229 2227
f 3005 2227 3008
f 3008 2227 2228
f 3008 2228 2249
f 3006 3008 2249
f 3006 2249 2253
f 2966 2700 2699
f 2857 2992 2991
f 2856 2854 2995
f 2856 2995 2992
f 2972 2139 2973
f 2968 2510 2521
f 2965 2968 2521
f 2965 2521 2700
f 2966 2965 2700
f 2857 2856 2992
f 2971 2966 2699
f 2971 2699 1931
f 2969 2963 2966
f 2986 2985 2987
f 2853 2984 2989
f 2853 2865 2984
f 2864 2291 2990
f 2864 2990 2865
f 2996 2986 2988
f 2226 2248 2228
f 2225 2994 2998
f 2225 2998 2226
f 2224 2991 2994
f 2224 2994 2225
f 2854 2989 2995
f 2995 2989 2986
f 2995 2986 2996
f 2993 2996 2999
f 2996 2988 2999
f 2999 2988 2251
f 2997 2999 2251
f 2997 2251 2250
f 2993 2999 2997
f 2209 2857 2991
f 2209 2991 2224
f 2361 2355 3018
f 2362 3018 3022
f 3021 3023 2002
f 2355 2346 3024
f 2355 3024 3019
f 1980 3015 3017
f 2006 2007 1987
f 3018 3019 3020
f 3020 2002 2005
f 2362 2361 3018
f 2355 3019 3018
f 3019 3021 3020
f 2950 2221 3004
f 3000 3001 3002
f 3000 3002 3003
f 3001 3004 3005
f 3001 3005 3002
f 3003 3002 3006
f 1834 2832 1961
f 3010 3011 2949
f 1286 2692 3009
f 1286 3009 1624
f 2692 2691 3010
f 2692 3010 3009
f 3019 3024 3021
f 2002 3023 2000
f 1835 1834 1815
f 3003 3006 3007
f 1961 2832 2759
f 1834 1961 1962
f 1815 1834 1962
f 1817 1835 1815
f 3022 3018 3020
f 3022 3020 2004
f 2004 3020 2005
f 2854 2853 2989
f 1628 2969 3012
f 2691 2690 3011
f 2691 3011 3010
f 2690 2155 3011
f 3011 2155 2153
f 3011 2153 2949
f 2949 2153 2154
f 1624 3009 2947
f 1628 1572 2969
f 2989 2984 2986
f 2991 2992 2993
f 2991 2993 2994
f 2992 2995 2996
f 2992 2996 2993
f 2994 2993 2997
f 2994 2997 2998
f 2680 3014 1925
f 3002 3005 3008
f 3002 3008 3006
f 3012 2969 2971
f 3012 2971 3013
f 3013 2971 3014
f 3014 2971 1931
f 3014 1931 1928
f 3014 1928 1925
f 2865 2990 2985
f 2680 1925 1924
f 2687 3012 3013
f 2687 3013 2688
f 2688 3013 3014
f 2688 3014 2680
f 1266 1628 3012
f 1266 3012 2687
f 1546 2941 1548
f 2934 2931 2220
f 2934 2220 2219
f 2935 2928 2931
f 2935 2931 2934
f 1549 2952 1550
f 1548 2941 2945
f 1548 2945 1549
f 1546 2938 2941
f 2931 2222 2220
f 2953 2954 2955
f 2953 2955 2956
f 2956 2955 2957
f 2943 2934 2946
f 2946 2934 2219
f 2946 2219 2950
f 2944 2946 2950
f 2944 2950 2951
f 2957 2901 2900
f 2963 2965 2966
f 2964 2967 2968
f 2964 2968 2965
f 1572 1574 2963
f 1572 2963 2969
f 2955 2961 2957
f 2957 2961 2902
f 2957 2902 2901
f 2945 2944 2951
f 2958 2957 2900
f 2958 2900 2899
f 2683 2958 2899
f 2869 2868 2201
f 2929 2200 2223
f 2930 2223 2222
f 2931 2930 2222
f 2939 2942 2943
f 2262 2261 2923
f 2272 2265 2187
f 2187 2265 2179
f 2937 2183 2189
f 2936 2274 2183
f 2936 2183 2937
f 2938 2939 2940
f 2938 2940 2941
f 2265 2262 2924
f 2871 2181 2199
f 2199 2181 2204
f 2933 2201 2200
f 2274 2273 2183
f 2273 2272 2187
f 2183 2273 2184
f 2273 2187 2184
f 2942 2935 2943
f 2945 2951 2952
f 1549 2945 2952
f 2947 2939 2938
f 2948 2949 2942
f 2948 2942 2939
f 2949 2154 2932
f 2949 2932 2942
f 2942 2932 2935
f 2963 2964 2965
f 2265 2180 2179
f 2165 2162 2921
f 2921 2162 2887
f 2921 2887 2114
f 2113 2921 2114
f 2113 2920 2921
f 2923 2205 2278
f 2955 2960 2961
f 2962 2956 2958
f 2956 2957 2958
f 2124 2886 2953
f 2886 2954 2953
f 2886 2889 2954
f 2889 2959 2954
f 2954 2959 2960
f 2954 2960 2955
f 2976 2682 2681
f 1935 2127 2979
f 1935 2979 1930
f 2127 2126 2976
f 2127 2976 2979
f 2126 2125 2977
f 2126 2977 2976
f 2125 2124 2953
f 2984 2985 2986
f 2987 2257 2251
f 2988 2987 2251
f 9063 2970 9064
f 2970 9063 9034
f 2970 9034 2510
f 9064 2970 2980
f 9064 2980 9065
f 2984 2865 2985
f 2973 2139 2155
f 2986 2987 2988
f 9065 2980 9066
f 9066 2980 9067
f 1578 2980 2970
f 1578 8847 9067
f 1578 9067 2980
f 1579 1577 2967
f 2941 2944 2945
f 2940 2943 2946
f 2940 2946 2944
f 1545 2947 2938
f 1545 2938 1546
f 2947 2948 2939
f 1574 1579 2964
f 1574 2964 2963
f 2941 2940 2944
f 1579 2967 2964
f 1577 1578 2970
f 1577 2970 2967
f 2967 2970 2968
f 2968 2970 2510
f 2962 2958 2683
f 2953 2956 2962
f 2972 2973 2974
f 2973 2155 2696
f 2974 2973 2696
f 2974 2696 2694
f 2976 2977 2978
f 2979 2976 2681
f 2979 2681 2679
f 2976 2978 2682
f 2969 2966 2971
f 2040 2041 2710
f 2874 2148 2975
f 2148 2143 2975
f 2975 2143 2140
f 2975 2140 2972
f 2972 2140 2139
f 2943 2935 2934
f 2939 2943 2940
f 2794 2793 1782
f 2046 2643 2043
f 2049 2752 2047
f 2752 2641 2046
f 2046 2641 2643
f 2043 2643 2529
f 2760 1792 2789
f 2791 1796 2792
f 2776 2793 2794
f 2776 2775 2793
f 2775 1781 2793
f 1781 1777 2793
f 2749 1974 2751
f 2793 1777 1782
f 2782 2783 2784
f 2782 2785 2783
f 2783 2785 2786
f 2787 2782 2784
f 2787 2784 2788
f 2789 1792 2790
f 2790 1792 1796
f 2790 1796 2791
f 2720 2775 2771
f 2764 2768 2777
f 1774 1773 2426
f 2811 2813 2814
f 2811 2814 2812
f 2810 2812 2815
f 2816 2810 2815
f 2797 2804 2807
f 2797 2807 2800
f 1784 2798 2804
f 1784 2804 2797
f 2426 2808 2427
f 2427 2808 2809
f 2427 2809 2307
f 2040 2710 2708
f 1785 2797 2799
f 1776 2802 2803
f 1776 2803 2798
f 2798 2803 2804
f 1780 1776 2798
f 1776 1779 2805
f 1776 2805 2802
f 2020 2547 2740
f 2746 1828 2748
f 2749 2750 1974
f 1795 1794 2763
f 2771 2772 2769
f 2764 2777 2778
f 2756 2757 2758
f 2757 2747 1826
f 2758 2757 1826
f 1963 2759 2756
f 1792 2760 2761
f 1792 2761 1794
f 2761 2762 1794
f 2778 2777 2779
f 2043 2529 2044
f 2047 2752 2046
f 2727 2729 1830
f 2753 2754 1825
f 2753 1825 1824
f 2729 2753 1824
f 1975 2755 2546
f 2547 2717 2719
f 2040 2708 2709
f 2764 2767 2768
f 2778 2779 2780
f 2778 2780 1775
f 1775 2780 2781
f 2585 2584 2560
f 1883 1878 1881
f 1881 1882 1891
f 1903 1883 1893
f 2734 2545 2713
f 2131 2543 2134
f 2133 2543 2131
f 2542 1968 1836
f 2542 1836 2735
f 2763 1794 2764
f 2764 2766 2767
f 2769 2770 2721
f 2764 2765 2766
f 2762 2765 2764
f 1794 2762 2764
f 3466 3260 3467
f 3443 3418 3367
f 3220 3221 3458
f 3231 3280 3464
f 3464 3280 3465
f 3221 3459 3458
f 3466 3467 3454
f 3453 3466 3454
f 3459 3468 3460
f 3459 3225 3468
f 3455 3283 3456
f 3289 3283 3455
f 3457 3220 3458
f 3438 3410 3413
f 3443 3439 3418
f 3444 3356 3414
f 3444 3414 3415
f 3356 3445 3412
f 3356 3412 3414
f 3445 3438 3413
f 3445 3413 3412
f 3442 3444 3415
f 3442 3415 3416
f 3441 3416 3417
f 3441 3442 3416
f 3440 3417 3418
f 3440 3441 3417
f 3439 3440 3418
f 3483 3485 3486
f 3382 3498 3499
f 3304 3307 3496
f 3305 3304 3496
f 3305 3496 3497
f 3487 3491 3488
f 3487 3489 3491
f 3491 3490 3493
f 3492 3495 3493
f 3394 3391 3436
f 3441 3236 3442
f 3236 3441 3440
f 3237 3440 3439
f 3237 3236 3440
f 3237 3439 3443
f 3458 3459 3460
f 3392 3438 3445
f 3356 3392 3445
f 3452 3454 3450
f 3452 3453 3454
f 3421 3452 3450
f 3449 3450 3451
f 3449 3421 3450
f 3391 3437 3436
f 3391 3393 3437
f 3392 3395 3438
f 3291 3302 3462
f 3462 3461 3463
f 3302 3461 3462
f 3290 3373 3372
f 3281 3435 3280
f 3281 3433 3435
f 3404 3254 3251
f 3407 3253 3409
f 3407 3251 3253
f 3408 3251 3407
f 3403 3254 3404
f 3403 3272 3254
f 3401 3272 3403
f 3401 3432 3272
f 3438 3395 3410
f 3436 3371 3419
f 3248 3347 3346
f 3248 3243 3347
f 3433 3431 3434
f 3292 3290 3429
f 3436 3437 3371
f 3394 3436 3419
f 3395 3419 3410
f 3395 3394 3419
f 3409 3253 3258
f 3404 3251 3408
f 3286 3322 3287
f 3288 3287 3373
f 3373 3287 3326
f 3428 3372 3375
f 3429 3290 3428
f 3379 3428 3375
f 3393 3426 3446
f 3437 3446 3370
f 3448 3367 3366
f 3448 3443 3367
f 3447 3366 3369
f 3447 3448 3366
f 3446 3369 3370
f 3446 3447 3369
f 3236 3444 3442
f 3236 3356 3444
f 3426 3443 3448
f 3426 3237 3443
f 3426 3448 3447
f 3426 3447 3446
f 3393 3446 3437
f 3437 3370 3371
f 3434 3396 3435
f 3434 3355 3396
f 3433 3434 3435
f 3393 3432 3401
f 3215 3210 3216
f 3240 3215 3212
f 3247 3261 3264
f 3247 3264 3246
f 3402 3401 3403
f 3431 3393 3355
f 3433 3275 3431
f 3281 3275 3433
f 3434 3431 3355
f 3525 3527 3523
f 9068 3527 3190
f 9068 3190 9069
f 9068 9069 3528
f 3525 3190 3527
f 3280 3435 3465
f 3465 3435 3526
f 3435 3396 3526
f 3514 3258 3480
f 3510 3258 3514
f 9070 3193 9071
f 9070 9071 3529
f 9070 3529 3528
f 3354 3497 3530
f 3354 3305 3497
f 3529 3354 3530
f 9071 3193 9072
f 9071 9072 3354
f 9071 3354 3529
f 3498 3519 3499
f 3498 3271 3519
f 9069 3190 3193
f 9069 3193 9070
f 9069 9070 3528
f 3390 3535 3469
f 9073 3220 3457
f 9073 3457 9074
f 9073 9074 3534
f 9075 3203 3220
f 9075 3220 9073
f 9075 9073 3534
f 3307 3533 3496
f 3307 3309 3533
f 3396 3470 3526
f 3501 3504 3532
f 3531 3501 3532
f 3531 3532 3536
f 3494 3531 3536
f 3494 3536 3495
f 3535 3387 3505
f 3386 3387 3535
f 3359 3357 3396
f 3409 3365 3510
f 3365 3364 3510
f 3510 3364 3513
f 3271 3513 3270
f 3270 3513 3348
f 3364 3348 3513
f 3341 3381 3271
f 3226 3223 3225
f 3258 3409 3510
f 3338 3390 3340
f 3420 3421 3422
f 3384 3427 3344
f 3334 3388 3387
f 3334 3317 3388
f 3225 3464 3468
f 9076 3203 9075
f 3259 9076 9075
f 3259 9075 3534
f 3467 3259 3534
f 3537 3451 3539
f 3537 3449 3451
f 3309 3311 3538
f 3309 3538 3533
f 3538 3537 3539
f 3311 3537 3538
f 3518 3344 3520
f 3343 3344 3518
f 3278 3343 3518
f 3241 3278 3518
f 3260 3259 3467
f 3483 3484 3485
f 3522 3525 3523
f 3521 3523 3524
f 3521 3522 3523
f 3344 3384 3520
f 3384 3382 3500
f 3384 3500 3520
f 3477 3471 3474
f 3475 3476 3473
f 3472 3475 3473
f 3471 3473 3474
f 3471 3472 3473
f 3359 3338 3470
f 3470 3338 3469
f 3338 3390 3469
f 3463 3521 3524
f 3291 3462 3456
f 3283 3291 3456
f 3334 3481 3482
f 3334 3423 3481
f 3258 3479 3480
f 3258 3257 3479
f 3477 3474 3478
f 3492 3494 3495
f 3490 3492 3493
f 3489 3490 3491
f 3423 3486 3481
f 3423 3483 3486
f 3484 3488 3485
f 3513 3510 3512
f 3225 3231 3464
f 3390 3386 3535
f 3506 3508 3507
f 3502 3507 3503
f 3502 3506 3507
f 3387 3482 3505
f 3387 3334 3482
f 3501 3503 3504
f 3501 3502 3503
f 3382 3499 3500
f 3516 3517 3476
f 3515 3516 3476
f 3510 3514 3511
f 3484 3487 3488
f 3510 3511 3512
f 3508 3478 3509
f 3508 3477 3478
f 3507 3508 3509
f 3257 3289 3479
f 3289 3455 3479
f 3271 3513 3519
f 3513 3512 3519
f 3396 3359 3470
f 3516 3518 3517
f 3516 3241 3518
f 3475 3515 3476
f 3461 3521 3463
f 3321 3320 3276
f 3232 3230 3325
f 3232 3325 3233
f 3204 3207 3327
f 3204 3327 3262
f 3328 3329 3330
f 3328 3330 3331
f 3328 3331 3332
f 3265 3328 3332
f 3320 3256 3276
f 3279 3280 3231
f 3234 3319 3321
f 3233 3319 3234
f 3230 3228 3324
f 3230 3324 3325
f 3228 3224 3326
f 3228 3326 3324
f 3312 3313 3314
f 3313 3315 3314
f 3316 3317 3318
f 3275 3276 3274
f 3230 3279 3231
f 3230 3231 3229
f 3235 3281 3280
f 3282 3283 3284
f 3285 3286 3282
f 3286 3287 3282
f 3287 3288 3282
f 3282 3288 3283
f 3273 3275 3274
f 3319 3285 3320
f 3274 3276 3256
f 3274 3256 3252
f 3192 3193 3190
f 3189 3192 3190
f 3188 3190 3191
f 3188 3189 3190
f 3240 3277 3241
f 3277 3278 3241
f 3279 3235 3280
f 3346 3347 3345
f 3337 3214 3349
f 3349 3214 3213
f 3349 3213 3350
f 3316 3344 3343
f 3316 3343 3335
f 3277 3240 3212
f 3205 3345 3208
f 3345 3210 3208
f 3249 3346 3205
f 3315 3200 3314
f 3346 3345 3205
f 3336 3218 3337
f 3338 3239 3339
f 3239 3238 3339
f 3269 3338 3339
f 3340 3338 3269
f 3271 3341 3342
f 3335 3343 3278
f 3335 3278 3277
f 3306 3309 3307
f 3319 3320 3321
f 3322 3319 3233
f 3322 3285 3319
f 3320 3323 3256
f 3291 3293 3302
f 3303 3304 3305
f 3303 3306 3304
f 3306 3307 3304
f 9077 3308 9078
f 9077 9078 3303
f 9077 3303 3305
f 3297 3299 3298
f 3306 3310 3309
f 3310 3311 3309
f 3347 3216 3210
f 3347 3210 3345
f 3249 3205 3204
f 3339 3348 3270
f 3269 3339 3270
f 3200 3198 3314
f 3272 3255 3254
f 3249 3262 3261
f 3249 3204 3262
f 3264 3263 3265
f 3261 3263 3264
f 3261 3262 3263
f 3260 3199 3259
f 9076 9079 3203
f 9076 3259 3250
f 9076 3250 9079
f 3273 3252 3255
f 3273 3274 3252
f 3265 3266 3244
f 3272 3273 3255
f 3269 3270 3271
f 3248 3267 3268
f 3264 3265 3246
f 3246 3265 3244
f 3204 3206 3207
f 3204 3205 3206
f 3201 3202 3203
f 3200 3196 3198
f 3211 3215 3240
f 3295 3298 3296
f 3297 3195 3299
f 3297 3194 3195
f 9079 9080 3201
f 9079 3201 3203
f 9079 3250 9080
f 3247 3248 3249
f 3245 3247 3246
f 3244 3245 3246
f 3242 3217 3243
f 3211 3240 3241
f 3197 3199 3198
f 3211 3210 3215
f 3199 3250 3259
f 3202 3220 3203
f 3253 3257 3258
f 3253 3256 3257
f 3252 3256 3253
f 3255 3252 3251
f 3254 3255 3251
f 3251 3252 3253
f 3294 3296 3302
f 3239 3236 3238
f 3236 3237 3238
f 3232 3234 3235
f 3232 3233 3234
f 3224 3228 3225
f 3229 3231 3225
f 3228 3230 3229
f 3228 3229 3225
f 3300 3301 3293
f 3212 3214 3218
f 3301 3294 3302
f 3293 3301 3302
f 3284 3283 3289
f 3288 3290 3291
f 3290 3292 3293
f 3290 3293 3291
f 3288 3291 3283
f 3294 3295 3296
f 3295 3297 3298
f 3205 3209 3206
f 3196 3197 3198
f 3194 3191 3195
f 3194 3188 3191
f 3213 3216 3217
f 3215 3216 3213
f 3212 3215 3213
f 3212 3213 3214
f 3208 3211 3209
f 3208 3210 3211
f 3265 3332 3266
f 3205 3208 3209
f 3224 3226 3227
f 3227 3226 3223
f 3224 3225 3226
f 3222 3223 3221
f 3219 3222 3221
f 3219 3221 3220
f 3202 3219 3220
f 3344 3318 3427
f 3397 3400 3398
f 3397 3401 3402
f 3397 3402 3400
f 3400 3402 3403
f 3400 3403 3404
f 3237 3426 3397
f 3237 3397 3362
f 3427 3318 3385
f 3427 3385 3384
f 3362 3398 3399
f 3344 3316 3318
f 3290 3372 3428
f 3290 3288 3373
f 3248 3268 3424
f 3248 3424 3243
f 3243 3424 3242
f 3222 3425 3227
f 3425 3378 3227
f 3222 3227 3223
f 3400 3404 3405
f 3419 3371 3410
f 3405 3404 3408
f 3405 3408 3407
f 3365 3407 3409
f 3363 3406 3365
f 3410 3368 3411
f 3410 3371 3368
f 3412 3413 3410
f 3414 3412 3410
f 3426 3393 3401
f 3398 3400 3405
f 3399 3398 3405
f 3399 3405 3406
f 3363 3399 3406
f 3362 3399 3363
f 3406 3405 3407
f 3406 3407 3365
f 3355 3357 3396
f 3362 3397 3398
f 3325 3322 3233
f 3431 3275 3273
f 3431 3273 3272
f 3432 3431 3272
f 3393 3431 3432
f 3249 3261 3247
f 3243 3217 3216
f 3243 3216 3347
f 3335 3277 3218
f 3218 3277 3212
f 3275 3430 3276
f 3321 3276 3430
f 3235 3321 3430
f 3235 3430 3281
f 3322 3324 3287
f 3285 3322 3286
f 3322 3325 3324
f 3324 3326 3287
f 3339 3238 3348
f 3249 3248 3346
f 3318 3388 3385
f 3426 3401 3397
f 3422 3420 3260
f 3260 3421 3198
f 3260 3198 3199
f 3232 3235 3279
f 3232 3279 3230
f 3336 3337 3423
f 3316 3334 3317
f 3392 3356 3355
f 3263 3333 3328
f 3317 3388 3318
f 3380 3383 3386
f 3356 3236 3358
f 3236 3239 3359
f 3236 3359 3358
f 3260 3420 3421
f 3234 3321 3235
f 3275 3281 3430
f 3353 9081 9072
f 3353 9072 3193
f 9081 3354 9072
f 3356 3358 3357
f 3358 3359 3357
f 3360 3237 3361
f 3238 3237 3360
f 3285 3282 3352
f 3352 3282 3284
f 3323 3284 3289
f 3257 3323 3289
f 3256 3323 3257
f 3355 3356 3357
f 9081 3353 3308
f 9081 3308 9082
f 9081 9082 3354
f 9082 3308 9077
f 9082 9077 3305
f 9082 3305 3354
f 3337 3218 3214
f 3350 3213 3217
f 3247 3351 3267
f 3245 3351 3247
f 3247 3267 3248
f 3352 3284 3323
f 3323 3320 3352
f 3348 3238 3360
f 3292 3300 3293
f 3263 3328 3265
f 3262 3327 3333
f 3262 3333 3263
f 3334 3335 3336
f 3336 3335 3218
f 3316 3335 3334
f 3237 3362 3361
f 3361 3362 3363
f 3320 3285 3352
f 3360 3361 3364
f 3361 3363 3365
f 3361 3365 3364
f 3360 3364 3348
f 3366 3367 3368
f 3192 3353 3193
f 3311 3310 3314
f 3310 3312 3314
f 3374 3375 3227
f 3379 3375 3374
f 3380 3381 3382
f 3380 3382 3383
f 3342 3381 3380
f 3342 3341 3381
f 3369 3366 3368
f 3370 3369 3368
f 3371 3370 3368
f 3372 3373 3227
f 3227 3373 3224
f 3376 3227 3377
f 3374 3227 3376
f 3375 3372 3227
f 3414 3410 3411
f 3415 3414 3411
f 3416 3415 3411
f 3417 3416 3411
f 3418 3417 3411
f 3418 3411 3368
f 3367 3418 3368
f 3377 3227 3378
f 3340 3269 3389
f 3390 3342 3386
f 3340 3389 3390
f 3355 3391 3392
f 3355 3393 3391
f 3391 3394 3395
f 3392 3391 3395
f 3382 3384 3385
f 3383 3382 3385
f 3386 3383 3387
f 3386 3342 3380
f 3383 3385 3388
f 3387 3383 3388
f 3269 3271 3389
f 3389 3271 3342
f 3373 3326 3224
f 3389 3342 3390
f 3334 3336 3423
f 3271 3381 3382
f 3271 3498 3382
f 3221 3223 3225
f 3225 3459 3221
f 3239 3338 3359
f 3752 3803 3785
f 3803 3728 3729
f 3803 3729 3785
f 3785 3729 3730
f 3785 3730 3786
f 3752 3726 3728
f 3804 3805 3777
f 3786 3730 3731
f 3786 3731 3799
f 3802 3770 3796
f 3786 3799 3594
f 3591 3800 3801
f 3591 3801 3776
f 3744 3851 3741
f 3570 9083 9084
f 3570 9084 3811
f 9083 3808 9084
f 3606 3850 3623
f 3850 3854 3623
f 3623 3854 3693
f 3798 3766 3800
f 3826 3827 3828
f 3826 3828 3829
f 3829 3828 3830
f 3831 3832 3827
f 3831 3827 3826
f 3829 3830 3560
f 3752 3728 3803
f 3798 3772 3766
f 3775 3855 3835
f 3801 3767 3768
f 3801 3768 3776
f 3776 3768 3769
f 3776 3769 3802
f 3800 3766 3767
f 3776 3802 3749
f 3802 3769 3770
f 3813 3823 3579
f 3641 3816 3817
f 3817 3816 3818
f 3715 3824 3596
f 3819 3820 3821
f 3819 3822 3820
f 3806 3807 3819
f 3807 3822 3819
f 3821 3820 3553
f 3663 3815 3657
f 3863 3862 3833
f 3699 3834 3709
f 3659 3869 3870
f 3657 3815 3659
f 3870 3869 3871
f 3870 3871 3547
f 3792 3818 3866
f 3792 3866 3717
f 3648 3809 3647
f 3775 3835 3678
f 3854 3856 3857
f 3857 3856 3858
f 3582 3816 3641
f 3777 3805 3806
f 3687 3804 3777
f 3806 3805 3807
f 3569 9085 9083
f 3569 9083 3570
f 9085 3808 9083
f 3596 3825 3701
f 3648 3810 3809
f 3609 9086 9085
f 3609 9085 3569
f 9086 3808 9085
f 3596 3824 3825
f 3573 3812 3813
f 3573 3813 3575
f 3663 3809 3814
f 3663 3814 3815
f 3699 3563 3562
f 3686 3644 3683
f 3644 3649 3683
f 3601 3564 3602
f 3689 3650 3690
f 3683 3688 3590
f 3566 3707 3567
f 3698 3562 3601
f 3698 3699 3562
f 3649 3689 3688
f 3586 3589 3680
f 3793 3792 3717
f 3753 3631 3634
f 3753 3634 3636
f 3753 3636 3789
f 3789 3636 3588
f 3566 3607 3707
f 3707 3607 3622
f 3593 3771 3772
f 3785 3722 3758
f 3758 3762 3748
f 3751 3774 3795
f 3649 3650 3689
f 3796 3773 3750
f 3795 3774 3726
f 3795 3726 3752
f 3797 3771 3593
f 3749 3802 3796
f 3593 3772 3798
f 3799 3731 3771
f 3590 3586 3680
f 3787 3735 3738
f 3651 3738 3690
f 3651 3690 3650
f 3683 3649 3688
f 3764 3612 3611
f 3762 3761 3790
f 3761 3760 3794
f 3794 3638 3637
f 3761 3794 3637
f 3790 3761 3637
f 3790 3637 3631
f 3764 3763 3612
f 3799 3771 3797
f 3796 3770 3773
f 3794 3764 3611
f 3794 3611 3638
f 3760 3764 3794
f 3750 3773 3774
f 3750 3774 3751
f 3575 3813 3579
f 3800 3767 3801
f 3763 3615 3612
f 3587 3789 3588
f 3594 3799 3797
f 3594 3797 3593
f 3591 3798 3800
f 3593 3798 3591
f 3749 3796 3750
f 3747 3795 3752
f 3751 3795 3747
f 3817 3818 3792
f 3793 3717 3746
f 3587 3643 3792
f 3641 3792 3817
f 3791 3793 3753
f 3793 3746 3753
f 3791 3753 3789
f 3587 3791 3789
f 3870 3659 3661
f 3723 3724 3720
f 3724 3763 3720
f 3763 3615 3720
f 3775 3677 3678
f 3778 3780 3777
f 3779 3781 3780
f 3780 3781 3777
f 3829 3831 3691
f 3598 3701 3597
f 3600 3601 3602
f 3578 3575 3579
f 3550 3549 3555
f 3578 3579 3580
f 3581 3579 3582
f 3580 3581 3583
f 3584 3585 3586
f 3579 3816 3582
f 3848 3878 3672
f 3670 3848 3672
f 3571 3570 3811
f 3549 3882 3687
f 3811 3812 3571
f 3701 3825 3879
f 3701 3879 3598
f 3579 3823 3816
f 3585 3587 3588
f 3775 3879 3855
f 3553 3820 3808
f 9087 9086 3609
f 9087 3553 3808
f 9087 3808 9086
f 3600 3868 3883
f 3600 3865 3868
f 3883 3868 3705
f 3826 3831 3829
f 3559 3560 3556
f 3568 3569 3570
f 3543 3544 3545
f 3546 3547 3541
f 3546 3541 3540
f 3548 3549 3550
f 3548 3551 3549
f 3552 3549 3553
f 3552 3553 3554
f 3540 3542 3543
f 3559 3556 3561
f 3561 3556 3558
f 3562 3563 3564
f 3563 3565 3566
f 3600 3640 3883
f 3703 3629 3742
f 3542 3544 3541
f 3564 3563 3566
f 3604 3566 3605
f 9088 9089 3569
f 9088 3569 3610
f 9088 3608 9089
f 3586 3585 3589
f 3584 3586 3590
f 3591 3592 3593
f 3592 3596 3595
f 3597 3598 3599
f 3558 3602 3603
f 3557 3602 3558
f 3876 3850 3849
f 3605 3566 3565
f 3606 3566 3604
f 3606 3607 3566
f 9089 9090 3609
f 9089 3609 3569
f 9089 3608 9090
f 3543 3542 3544
f 3555 3549 3552
f 3540 3541 3542
f 3880 3881 3877
f 3666 3846 3667
f 3666 3847 3846
f 3667 3846 3848
f 3667 3848 3670
f 3849 3850 3606
f 3851 3852 3853
f 3598 3879 3775
f 3560 3830 3556
f 3856 3859 3858
f 3845 3844 3881
f 3845 3881 3880
f 3878 3882 3551
f 3672 3878 3551
f 3551 3882 3549
f 3882 3804 3687
f 3629 3867 3630
f 3858 3859 3832
f 3741 3851 3853
f 3839 3841 3840
f 3615 3833 3616
f 3697 3834 3699
f 3678 3835 3834
f 3678 3834 3697
f 3647 3809 3663
f 3709 3836 3837
f 3709 3838 3836
f 3858 3832 3831
f 3834 3838 3709
f 3837 3836 3839
f 3837 3839 3840
f 3840 3841 3842
f 3841 3843 3842
f 3842 3844 3845
f 3842 3843 3844
f 3853 3867 3629
f 3705 3868 3744
f 3744 3868 3851
f 3863 3833 3615
f 9091 3544 9092
f 9091 9092 3874
f 9091 3874 3713
f 3571 3812 3573
f 3547 3873 3872
f 3547 3871 3873
f 3872 9093 9092
f 3872 9092 3544
f 9093 3874 9092
f 3616 3833 3810
f 3853 3852 3867
f 3713 3875 3847
f 3713 3847 3714
f 3880 3877 3876
f 3874 3875 3713
f 3714 3847 3666
f 3876 3877 3850
f 3557 3864 3865
f 3693 3854 3857
f 3860 3861 3862
f 3708 3861 3860
f 3860 3862 3863
f 3556 3864 3557
f 3659 3815 3869
f 3830 3864 3556
f 3602 3865 3600
f 3587 3792 3791
f 3557 3865 3602
f 3717 3866 3824
f 3717 3824 3715
f 3630 3867 3708
f 9093 3872 3873
f 9093 3873 9094
f 9093 9094 3874
f 3708 3867 3861
f 3616 3810 3648
f 3585 3643 3587
f 3636 3635 3639
f 3636 3639 3588
f 3601 3600 3640
f 3582 3641 3642
f 3642 3641 3585
f 3594 3722 3785
f 3583 3581 3582
f 3658 3657 3659
f 3651 3652 3653
f 3644 3645 3646
f 3646 3645 3647
f 3645 3648 3647
f 3701 3595 3596
f 3628 3702 3629
f 3702 3703 3629
f 3710 3604 3627
f 3698 3601 3640
f 3585 3641 3643
f 3619 3621 3691
f 3681 3639 3617
f 3681 3617 3684
f 3682 3681 3684
f 3682 3684 3685
f 3682 3685 3686
f 3683 3682 3686
f 3683 3680 3682
f 3679 3704 3705
f 3584 3590 3583
f 3590 3688 3583
f 3583 3688 3689
f 3583 3689 3580
f 3580 3689 3690
f 3580 3690 3578
f 3559 3619 3560
f 3680 3589 3681
f 3668 3667 3670
f 3668 3670 3671
f 3671 3670 3672
f 3673 3551 3674
f 3553 3549 3687
f 3675 3676 3677
f 3675 3677 3678
f 3679 3675 3678
f 9095 3669 9096
f 9095 9096 3666
f 9095 3666 3665
f 3671 3551 3673
f 3592 3715 3596
f 3716 3717 3715
f 3732 3733 3734
f 3718 3719 3594
f 3595 3720 3718
f 3719 3721 3722
f 3594 3719 3722
f 3700 3708 3595
f 3679 3698 3704
f 3622 3561 3706
f 3706 3561 3558
f 3559 3561 3622
f 3706 3558 3567
f 3674 3551 3548
f 3622 3706 3707
f 3628 3630 3700
f 3589 3588 3639
f 3700 3630 3708
f 3699 3709 3563
f 3709 3565 3563
f 3710 3627 3711
f 3589 3639 3681
f 3665 3666 3667
f 3665 3667 3668
f 3572 3571 3573
f 3632 3611 3633
f 3633 3611 3614
f 3633 3614 3635
f 3635 3614 3617
f 3585 3588 3589
f 3564 3566 3567
f 3611 3613 3614
f 3568 3570 3571
f 3632 3638 3611
f 3572 3573 3574
f 3573 3575 3576
f 3577 3576 3575
f 3641 3643 3792
f 3580 3579 3581
f 3647 3652 3663
f 3560 3829 3691
f 3604 3625 3627
f 3593 3592 3594
f 3592 3595 3594
f 3620 3606 3623
f 3620 3623 3621
f 3622 3619 3559
f 3635 3617 3639
f 3604 3605 3624
f 3625 3624 3626
f 3649 3646 3650
f 3628 3629 3630
f 3631 3632 3633
f 3631 3633 3634
f 3634 3633 3635
f 3578 3577 3575
f 3631 3637 3632
f 3637 3638 3632
f 3610 3569 3568
f 3656 3663 3657
f 3604 3624 3625
f 3611 3612 3613
f 3556 3557 3558
f 3612 3615 3613
f 3613 3615 3616
f 3614 3613 3616
f 3614 3616 3617
f 3664 3663 3656
f 3634 3635 3636
f 3619 3620 3621
f 3622 3607 3619
f 3607 3620 3619
f 3607 3606 3620
f 3680 3681 3682
f 3590 3680 3683
f 3658 3659 3660
f 3649 3644 3646
f 3651 3647 3652
f 3662 3654 3664
f 3650 3646 3651
f 3646 3647 3651
f 3653 3652 3654
f 3653 3654 3655
f 3656 3657 3658
f 3583 3582 3642
f 3660 3659 3661
f 9087 3609 9097
f 3553 9087 9097
f 3553 9097 3618
f 3660 3661 3547
f 3660 3547 3546
f 3655 3654 3662
f 3652 3663 3654
f 3654 3663 3664
f 3655 3788 3653
f 3743 3676 3744
f 3743 3744 3741
f 3785 3748 3752
f 3725 3724 3763
f 3744 3676 3675
f 3705 3675 3679
f 3705 3744 3675
f 3653 3787 3738
f 3653 3738 3651
f 3740 3743 3741
f 3788 3787 3653
f 3767 3765 3768
f 3757 3759 3760
f 3757 3760 3761
f 3758 3757 3761
f 3758 3761 3762
f 3722 3754 3756
f 3722 3756 3758
f 3732 3734 3735
f 3749 3746 3716
f 3598 3745 3740
f 3743 3775 3677
f 3743 3677 3676
f 3745 3775 3743
f 3749 3716 3776
f 3716 3592 3591
f 3598 3740 3599
f 3725 3763 3759
f 3733 3736 3734
f 3736 3737 3734
f 3577 3578 3690
f 3738 3577 3690
f 3735 3734 3577
f 3735 3577 3738
f 3747 3752 3748
f 3740 3741 3742
f 3701 3597 3628
f 3553 3687 3777
f 3779 3778 3780
f 3781 3553 3778
f 3781 3778 3779
f 3584 3642 3585
f 3583 3642 3584
f 3786 3594 3785
f 3554 3553 3782
f 9097 3609 9090
f 3618 9097 9090
f 3618 9090 3608
f 3553 3777 3778
f 3577 3734 3576
f 3734 3737 3576
f 3574 3573 3576
f 3783 3576 3737
f 3739 3735 3787
f 3784 3576 3783
f 3568 3571 3572
f 3785 3758 3748
f 3782 3553 3618
f 3774 3765 3726
f 3721 3725 3755
f 3759 3763 3764
f 3759 3764 3760
f 3755 3725 3759
f 3765 3766 3727
f 3765 3727 3726
f 3602 3564 3603
f 3720 3723 3718
f 3601 3562 3564
f 3603 3564 3567
f 3603 3567 3558
f 3748 3762 3790
f 3790 3631 3753
f 3748 3790 3753
f 3791 3792 3793
f 3784 3574 3576
f 3722 3721 3755
f 3702 3599 3703
f 3597 3599 3702
f 3628 3597 3702
f 3746 3747 3748
f 3749 3747 3746
f 3749 3750 3747
f 3747 3750 3751
f 3712 9098 9099
f 3712 9099 3669
f 9098 3714 9099
f 3753 3746 3748
f 3746 3717 3716
f 3754 3755 3756
f 3756 3757 3758
f 3756 3755 3757
f 3755 3759 3757
f 3722 3755 3754
f 3716 3715 3592
f 3685 3684 3645
f 3617 3616 3684
f 3684 3616 3648
f 3684 3648 3645
f 3644 3685 3645
f 3685 3644 3686
f 9098 3712 9100
f 9098 9100 3713
f 9098 3713 3714
f 3595 3708 3720
f 9101 3545 3544
f 9101 3544 9091
f 9101 9091 3713
f 3545 9101 9100
f 3545 9100 3712
f 9101 3713 9100
f 9096 3669 9099
f 9096 9099 3714
f 9096 3714 3666
f 3621 3623 3693
f 3595 3718 3594
f 3718 3723 3719
f 3678 3697 3698
f 3719 3723 3724
f 3719 3724 3725
f 3719 3725 3721
f 3726 3727 3728
f 3728 3727 3729
f 3729 3727 3730
f 3730 3727 3731
f 3698 3640 3704
f 3619 3691 3560
f 3621 3692 3691
f 3773 3765 3774
f 3621 3693 3692
f 3692 3693 3694
f 3692 3694 3695
f 3692 3695 3696
f 3707 3706 3567
f 3697 3699 3698
f 3678 3698 3679
f 3628 3700 3701
f 3701 3700 3595
f 3599 3742 3703
f 3599 3740 3742
f 3745 3743 3740
f 3776 3716 3591
f 3766 3765 3767
f 3672 3551 3671
f 3768 3765 3769
f 3769 3765 3770
f 3731 3727 3771
f 3771 3727 3772
f 3772 3727 3766
f 3770 3765 3773
f 3739 3732 3735
f 3705 3704 3640
f 3640 3883 3705
f 3547 3541 3544
f 3547 3872 3544
f 3741 3742 3629
f 3741 3853 3629
f 3775 3745 3598
f 3893 3885 3894
f 3885 3895 3894
f 9102 3892 9103
f 9102 9104 3892
f 3901 3904 3902
f 9103 9105 3892
f 9106 3910 3895
f 9106 3895 9107
f 9108 3910 9106
f 3901 3902 3903
f 3891 3901 3903
f 3888 3901 3891
f 9109 9110 3885
f 9109 3885 3904
f 3903 3891 3894
f 9111 9112 3904
f 9111 3904 3888
f 9113 9111 3888
f 9104 9114 3891
f 9104 3891 3892
f 9109 3904 9112
f 3902 3893 3894
f 9115 3885 9110
f 9116 9117 3895
f 9116 3895 3891
f 3902 3894 3903
f 9114 9118 3888
f 9114 3888 3891
f 3892 9105 9116
f 3892 9116 3891
f 9119 3910 3885
f 9119 3885 9115
f 3910 3895 3885
f 3904 3885 3893
f 9120 3910 9119
f 9108 3910 9120
f 3888 3904 3901
f 3895 3894 3891
f 9107 3895 9117
f 3904 3893 3902
f 3930 3931 3932
f 3916 3920 3931
f 9121 3916 3923
f 9121 3923 9122
f 3940 9123 9124
f 3940 9124 3924
f 3930 3932 3921
f 3916 3930 3923
f 9125 9126 3919
f 9125 3919 9127
f 3932 3922 3921
f 3930 3921 3923
f 9128 9129 3940
f 9130 3916 9121
f 9123 3940 9129
f 3916 3931 3930
f 9122 3923 3924
f 9122 3924 9124
f 3923 3922 3924
f 3921 3922 3923
f 9131 9132 3920
f 9131 3920 3916
f 9132 9127 3919
f 9132 3919 3920
f 3932 3931 3922
f 9133 3916 9130
f 3968 3973 3974
f 3969 3968 3975
f 3969 3975 3976
f 3967 3969 3976
f 3977 3978 3979
f 3977 3979 3980
f 3981 3982 3977
f 3947 3948 3949
f 4003 4004 4005
f 3941 3945 3947
f 4006 4007 4008
f 4006 4008 4009
f 4006 4009 4010
f 4005 4006 4010
f 4003 4005 4011
f 4012 4003 4011
f 3949 3948 3950
f 3977 3982 3978
f 4029 4028 4033
f 3985 3989 3990
f 4031 4034 4035
f 4033 4031 4035
f 4029 4033 4035
f 4029 4035 4036
f 4037 4029 4036
f 4027 4029 4037
f 3962 3964 3965
f 3980 3979 3983
f 3966 3959 3961
f 3967 3968 3969
f 3970 3971 3967
f 3971 3968 3967
f 3971 3972 3968
f 3972 3973 3968
f 3947 3952 3948
f 3968 3974 3975
f 3954 3955 3956
f 3957 3955 3954
f 3958 3955 3957
f 3959 3960 3961
f 3960 3962 3961
f 3963 3960 3959
f 4012 4011 4013
f 3961 3962 3965
f 3949 3950 3951
f 3942 3949 3951
f 3942 3947 3949
f 3945 3952 3947
f 3945 3946 3952
f 3948 3952 3953
f 4054 4059 4060
f 3973 4022 4023
f 4055 4051 4054
f 4055 4054 4061
f 4062 4063 4064
f 4065 4066 4067
f 4067 4066 4068
f 9134 9135 4069
f 9134 4069 3981
f 9134 4068 9135
f 3995 3992 3991
f 3966 4014 4015
f 3993 3992 4001
f 3950 3993 4001
f 4002 3991 3993
f 4002 3993 3950
f 3996 3995 3991
f 3996 3991 4002
f 3985 3986 3989
f 4004 4006 4005
f 3991 3992 3993
f 9136 9137 3995
f 9136 3995 3996
f 9136 3994 9137
f 9137 9138 3995
f 9137 3994 3997
f 9137 3997 9138
f 9139 9140 3998
f 9139 3998 3999
f 9139 3997 9140
f 9138 9139 3999
f 9138 3999 3995
f 9138 3997 9139
f 3995 3999 3992
f 4038 4000 4039
f 3992 4000 4001
f 3980 3983 3984
f 3980 3984 3985
f 3986 3987 3988
f 3986 3988 3989
f 3985 3984 3986
f 3984 3987 3986
f 4080 4074 4081
f 4042 4043 4044
f 4081 4074 4083
f 4074 4073 4083
f 4083 4073 4084
f 4083 4084 4085
f 4026 4086 4087
f 4026 4087 4025
f 3974 3973 4023
f 4032 4038 4039
f 4027 3944 4028
f 3944 3942 4028
f 4028 3942 4030
f 4031 4030 4032
f 4033 4028 4030
f 4033 4030 4031
f 4018 4020 4021
f 4031 4032 4034
f 4023 4022 4024
f 4022 4025 4024
f 3973 3972 4022
f 4022 4026 4025
f 4024 4025 3944
f 4024 3944 4027
f 4069 3982 3981
f 4027 4028 4029
f 4014 4016 4015
f 4015 4016 4017
f 4015 4017 4018
f 3961 4014 3966
f 3961 4019 4014
f 4018 4017 4020
f 4095 4097 4101
f 3975 4076 4075
f 4093 4095 4102
f 4093 4102 3953
f 4103 4104 4105
f 4103 4105 4106
f 4106 4105 4107
f 4108 4109 4110
f 4051 4052 4053
f 4070 3984 3983
f 4055 4056 4051
f 4056 4052 4051
f 4052 4057 4058
f 4052 4058 4053
f 4053 4058 4059
f 4054 4053 4059
f 4039 4040 4041
f 4061 4054 4060
f 4045 4042 4044
f 4046 4042 4045
f 3958 4047 4048
f 3958 4048 3955
f 3955 4048 4049
f 4050 3955 4049
f 3972 4088 4026
f 4051 4053 4054
f 4032 4039 4034
f 4039 4000 4040
f 4000 3992 4040
f 4040 3992 3999
f 4040 3999 3998
f 4041 4040 3998
f 4122 4121 3994
f 4089 4091 4090
f 4123 4124 4125
f 4126 3976 4124
f 4124 3976 4077
f 4125 4124 4077
f 4123 4125 4063
f 4127 4128 4129
f 4079 3951 4001
f 3972 4026 4022
f 4032 4030 4079
f 4030 3951 4079
f 4030 3942 3951
f 3951 3950 4001
f 4038 4079 4001
f 4038 4001 4000
f 3975 3974 4076
f 4080 4082 4074
f 3976 4075 4077
f 3974 4023 4076
f 4023 4024 4078
f 4024 4027 4037
f 4024 4037 4078
f 4076 4023 4078
f 4111 4109 4042
f 4032 4079 4038
f 4071 3988 3987
f 4070 4071 3984
f 4071 4072 3988
f 3984 4071 3987
f 4042 4073 4074
f 3976 3975 4075
f 4141 4138 4136
f 4114 4002 4102
f 4142 4143 4100
f 4142 4100 4144
f 4143 4145 4146
f 4143 4146 4100
f 9141 9142 4101
f 9141 4100 4146
f 9141 4146 9142
f 4145 4103 4146
f 4093 4094 4095
f 4111 4042 4046
f 4094 4097 4095
f 4092 4094 4093
f 4094 4098 4096
f 4098 9143 9144
f 4098 9144 4096
f 9143 4099 9144
f 4096 9145 9146
f 4096 9146 4097
f 9145 4100 9146
f 4097 9146 9141
f 4097 9141 4101
f 9146 4100 9141
f 4025 3943 3944
f 4095 4101 4102
f 4089 4092 4091
f 4092 4093 4091
f 4091 4093 3953
f 4091 3953 3952
f 3946 4091 3952
f 4090 4091 3946
f 4130 4131 4128
f 4094 4096 4097
f 4088 4086 4026
f 4086 4089 4090
f 4086 4090 4087
f 4087 4090 3946
f 4087 3946 3943
f 4025 4087 3943
f 4069 4167 4161
f 4132 4134 4133
f 4167 4168 4162
f 4167 4162 4161
f 4163 4141 4165
f 3979 4166 3983
f 4164 4166 3979
f 3982 4161 4164
f 4117 4062 4072
f 4131 4132 4133
f 4109 4120 4119
f 4042 4118 4073
f 4046 4045 4121
f 9147 3998 9148
f 4045 9147 9148
f 4045 9148 4121
f 9148 3998 9140
f 4121 9148 9140
f 4121 9140 3997
f 4121 3997 3994
f 4114 3996 4002
f 4046 4121 4122
f 4102 4002 3950
f 4102 3950 4115
f 9149 9150 4114
f 9149 4113 3994
f 9149 3994 9150
f 9150 9136 3996
f 9150 3996 4114
f 9150 3994 9136
f 4115 3950 3948
f 4116 4117 4072
f 9151 9145 4096
f 9151 4144 4100
f 9151 4100 9145
f 4118 4109 4119
f 4110 4109 4111
f 9152 9149 4114
f 9152 4112 4113
f 9152 4113 9149
f 9153 9152 4114
f 9153 4114 4101
f 9153 4112 9152
f 4101 4114 4102
f 4102 4115 3953
f 3953 4115 3948
f 4165 4141 4131
f 4085 4154 4150
f 3963 4178 4008
f 3963 4008 4179
f 3959 4178 3963
f 3959 3966 4178
f 3966 4015 4178
f 4178 4015 4009
f 4135 3972 3971
f 9144 9151 4096
f 9144 4099 4144
f 9144 4144 9151
f 4133 3971 3970
f 4138 4139 4137
f 4138 4137 4136
f 4139 4140 4089
f 4139 4089 4137
f 4140 4092 4089
f 4132 4136 4134
f 4141 4136 4132
f 4136 4137 4135
f 4136 4135 4134
f 4137 4089 4088
f 4137 4088 4135
f 4089 4086 4088
f 4135 4088 3972
f 4169 4170 4171
f 4133 4134 3971
f 4131 4133 4128
f 4128 4133 3970
f 4128 3970 4129
f 4129 3970 4116
f 4127 4129 4116
f 4134 4135 3971
f 4049 4067 4191
f 9154 9155 4098
f 9154 4098 4170
f 9154 4174 9155
f 4021 4192 4193
f 4193 4010 4009
f 4193 4192 4010
f 4047 4194 4195
f 4195 4196 3965
f 4195 3965 3964
f 4085 4150 4153
f 4169 4171 4172
f 4072 4062 3988
f 4160 4104 4145
f 4161 4162 4163
f 4161 4163 4164
f 4164 4163 4165
f 4164 4165 4166
f 4150 4152 4153
f 4069 4161 3982
f 4154 4151 4150
f 4151 4155 4152
f 4152 4155 4156
f 4152 4156 4157
f 4153 4152 4157
f 4158 4153 4159
f 4178 4009 4008
f 4085 4153 4158
f 4147 4144 4099
f 4147 4142 4144
f 4148 4143 4142
f 4012 4148 4142
f 4012 4142 4149
f 4150 4151 4152
f 4117 3976 4126
f 4147 4181 4180
f 4062 4126 4123
f 4117 4126 4062
f 4070 4130 4128
f 4070 4128 4127
f 4070 4127 4071
f 4071 4127 4116
f 4162 4169 4172
f 4179 4008 4007
f 4175 4176 4177
f 4177 4176 4156
f 4177 4156 4155
f 4166 4165 4131
f 4166 4131 4130
f 3983 4166 4130
f 9155 9143 4098
f 9155 4174 4099
f 9155 4099 9143
f 4131 4141 4132
f 4170 4098 4094
f 4170 4094 4171
f 4171 4094 4092
f 4171 4092 4140
f 4163 4172 4138
f 4163 4138 4141
f 4197 4195 3964
f 4162 4172 4163
f 4172 4171 4139
f 4172 4139 4138
f 4171 4140 4139
f 4168 4169 4162
f 4169 4173 4170
f 4173 9156 9154
f 4173 9154 4170
f 9156 4174 9154
f 4104 4160 4175
f 4018 4193 4009
f 4221 4145 4222
f 4119 4120 4223
f 4073 4118 4084
f 4082 4080 4224
f 4225 3958 3957
f 4194 3958 4225
f 9157 9158 4169
f 9157 4169 4168
f 9157 4187 9158
f 4047 4195 4197
f 4185 4187 4188
f 4185 4188 4189
f 4186 4185 4189
f 4186 4189 4190
f 4067 4068 4191
f 9134 3981 9159
f 4068 9134 9159
f 4068 9159 4191
f 4182 4187 4185
f 4192 4005 4010
f 4147 4099 4181
f 4099 4174 4181
f 9160 9156 4173
f 9160 4181 4174
f 9160 4174 9156
f 9160 4173 9161
f 4181 9160 9161
f 4181 9161 4184
f 9162 9161 4173
f 9162 4173 4169
f 9162 4184 9161
f 9162 4169 9158
f 4184 9162 9158
f 4184 9158 4187
f 4071 4116 4072
f 9157 4168 9163
f 4187 9157 9163
f 4187 9163 4188
f 4180 4181 4182
f 4180 4182 4183
f 4181 4184 4182
f 4183 4182 4185
f 4183 4185 4186
f 4182 4184 4187
f 4167 9164 9165
f 4167 9165 4168
f 9164 4237 9165
f 4212 4211 4214
f 4068 4066 4235
f 4068 4235 4234
f 9166 4069 9135
f 9166 9135 4068
f 9166 4068 4234
f 4049 4191 4050
f 4239 4240 4241
f 4149 4147 4180
f 4065 4203 4208
f 4062 4123 4063
f 4070 3983 4130
f 3982 4164 3978
f 3978 4164 3979
f 4116 3970 3967
f 4116 3967 4117
f 4117 3967 3976
f 4018 4021 4193
f 4123 4126 4124
f 4015 4018 4009
f 4202 4019 3961
f 4203 4204 4205
f 4204 4206 4205
f 4205 4206 4207
f 4203 4205 4208
f 3954 3956 4226
f 4066 4065 4208
f 4198 4196 4199
f 4199 4196 4200
f 4201 3965 4196
f 4201 4196 4198
f 4196 4195 4200
f 4200 4195 4194
f 4112 4243 4110
f 4043 4231 4044
f 9153 4101 9142
f 9153 9142 4146
f 9153 4146 4112
f 4049 4204 4203
f 4049 4203 4065
f 4049 4065 4067
f 4224 4232 4231
f 4082 4224 4231
f 4192 4217 4005
f 4199 4227 4228
f 4217 4011 4005
f 4021 4219 4192
f 4219 4217 4192
f 4218 4013 4011
f 4105 4175 4220
f 4104 4175 4105
f 4209 4207 4211
f 4160 4145 4221
f 4212 4214 4215
f 4212 4215 4190
f 4216 4210 4212
f 4213 4208 4210
f 4213 4210 4216
f 3965 4201 3961
f 4149 4180 4242
f 4217 4218 4011
f 4208 4209 4210
f 4210 4209 4211
f 4210 4211 4212
f 4066 4208 4213
f 4208 4205 4209
f 4205 4207 4209
f 4109 4108 4120
f 4145 4104 4103
f 3958 4194 4047
f 3956 3955 4050
f 4250 4251 4004
f 4251 4252 4004
f 4149 4242 4250
f 4149 4250 4012
f 4069 9166 9167
f 4069 9167 4167
f 9166 4234 9167
f 4242 4180 4183
f 4216 4212 4238
f 4238 4212 4190
f 4238 4190 4189
f 4237 4238 4189
f 4237 4189 4188
f 9163 4168 9165
f 9163 9165 4237
f 9163 4237 4188
f 4231 4233 4044
f 9164 4167 9167
f 9164 9167 4234
f 9164 4234 4237
f 4234 4235 4236
f 4234 4236 4237
f 4235 4213 4216
f 4235 4216 4236
f 4237 4236 4238
f 4236 4216 4238
f 4048 4047 4245
f 4235 4066 4213
f 4227 4194 4229
f 4227 4229 4230
f 4228 4227 4230
f 4202 4228 4019
f 4082 4231 4043
f 4231 4232 4233
f 4244 4120 4108
f 4207 4247 4211
f 4047 4197 4245
f 4245 4197 3964
f 4048 4245 4206
f 4204 4048 4206
f 4105 4220 4107
f 4107 4220 4244
f 4122 4111 4046
f 4049 4048 4204
f 4146 4243 4112
f 4103 4106 4243
f 4106 4107 4243
f 4243 4107 4244
f 4244 4108 4110
f 4243 4244 4110
f 4241 4215 4214
f 4112 4110 4113
f 4149 4142 4147
f 4043 4042 4074
f 4043 4074 4082
f 4113 4122 3994
f 4113 4110 4111
f 4113 4111 4122
f 4242 4239 4251
f 4146 4103 4243
f 4242 4183 4239
f 4239 4183 4186
f 4239 4186 4240
f 4240 4186 4190
f 4240 4190 4215
f 4241 4240 4215
f 4263 4265 4264
f 3989 4062 4064
f 4239 4241 4252
f 4239 4252 4251
f 4241 4214 4252
f 4252 4214 4248
f 4252 4248 4007
f 4252 4007 4006
f 4255 4260 4259
f 4250 4004 4003
f 4260 4261 4262
f 4260 4262 4263
f 4259 4260 4263
f 4256 4259 4264
f 4253 4259 4256
f 4259 4263 4264
f 4211 4247 4214
f 4242 4251 4250
f 4207 4246 4247
f 4249 4222 4143
f 4249 4143 4148
f 4222 4145 4143
f 4013 4249 4012
f 4012 4249 4148
f 4220 4120 4244
f 4042 4109 4118
f 3960 4179 4246
f 3960 3963 4179
f 4246 4179 4247
f 4247 4179 4007
f 4247 4007 4248
f 4247 4248 4214
f 4324 4323 4016
f 4277 4278 4279
f 4274 4016 4014
f 4019 4274 4014
f 4270 4274 4019
f 4285 4325 4326
f 4325 4327 4326
f 4326 4327 4328
f 9168 9169 4304
f 9168 4304 4305
f 9168 4303 9169
f 4255 4261 4260
f 4256 4264 4257
f 4253 4254 4255
f 4256 4257 4254
f 4256 4254 4253
f 4255 4254 4258
f 4253 4255 4259
f 3989 4064 3990
f 4288 4294 4295
f 4296 4297 4298
f 4294 4299 4296
f 4296 4299 4297
f 4295 4296 4298
f 4294 4296 4295
f 4300 4301 4302
f 4004 4252 4006
f 4012 4250 4003
f 4206 3962 3960
f 4207 4206 4246
f 4206 4245 3962
f 3962 4245 3964
f 4246 4206 3960
f 3988 4062 3989
f 4341 4344 4343
f 4305 4302 4309
f 4343 4311 4309
f 4343 4309 4302
f 4308 4343 4302
f 4345 4346 4347
f 4346 4348 4347
f 4347 4348 4349
f 4286 4279 4285
f 4304 4306 4300
f 4281 4277 4279
f 4287 4288 4289
f 4287 4289 4290
f 4288 4291 4289
f 4287 4290 4292
f 4293 4287 4292
f 4272 4275 4276
f 4288 4295 4291
f 4280 4277 4281
f 4277 4282 4278
f 4278 4282 4283
f 4278 4283 4279
f 4279 4283 4284
f 4279 4284 4285
f 4284 4325 4285
f 4281 4279 4286
f 4266 4267 4268
f 4269 4270 4271
f 4271 4270 4272
f 4273 4269 4271
f 4274 4270 4269
f 4270 4275 4272
f 4372 4295 4373
f 4334 4336 4335
f 4373 4297 4374
f 4347 4375 4376
f 4376 4375 4377
f 4282 4378 4283
f 4282 4379 4378
f 4283 4378 4380
f 4316 4318 4312
f 4327 4329 4258
f 4313 4319 4315
f 4315 4319 4320
f 4315 4320 4321
f 4315 4321 4322
f 4016 4323 4017
f 4274 4324 4016
f 4305 4300 4302
f 4323 4020 4017
f 9170 9171 4305
f 9170 4305 4309
f 9170 4310 9171
f 9172 9170 4309
f 9172 4309 4311
f 9172 4310 9170
f 9168 4305 9171
f 4303 9168 9171
f 4303 9171 4310
f 4312 4313 4314
f 4314 4313 4315
f 4316 4317 4318
f 4350 4351 4268
f 4312 4318 4313
f 4304 4300 4305
f 4306 4262 4301
f 4306 4301 4300
f 4262 4307 4301
f 4301 4307 4302
f 4302 4307 4308
f 4328 4254 4388
f 4355 4359 4360
f 4388 4257 4391
f 4389 4388 4391
f 4389 4391 4392
f 4390 4330 4389
f 4392 4391 4393
f 4391 4257 4393
f 4331 4339 4333
f 4268 4351 4352
f 4334 4339 4340
f 4334 4340 4336
f 4336 4340 4341
f 4336 4341 4342
f 4342 4341 4308
f 4341 4343 4308
f 4333 4335 4332
f 4344 4311 4343
f 4332 4335 4255
f 4258 4332 4255
f 4329 4332 4258
f 4329 4337 4331
f 4337 4338 4331
f 4331 4338 4339
f 4283 4380 4284
f 4333 4339 4334
f 4327 4258 4328
f 4326 4328 4330
f 4285 4326 4286
f 4329 4331 4332
f 4331 4333 4332
f 4333 4334 4335
f 4265 4263 4414
f 4342 4307 4382
f 4401 4400 4415
f 9173 9174 4401
f 9173 4401 4415
f 9173 4416 9174
f 9173 4415 9175
f 4416 9173 9175
f 4416 9175 4417
f 4415 4400 4306
f 4415 4306 4304
f 4400 4414 4262
f 4362 4364 4365
f 4284 4380 4325
f 9176 9177 4293
f 9176 4293 4368
f 9176 4367 9177
f 4369 4367 4370
f 4371 4369 4370
f 4368 4293 4292
f 4372 4291 4295
f 4373 4298 4297
f 4358 4359 4355
f 4295 4298 4373
f 4355 4360 4058
f 4058 4360 4059
f 4356 4058 4057
f 4361 4354 4356
f 4357 4354 4361
f 4362 4363 4364
f 4257 4264 4393
f 4366 4362 4365
f 4266 4268 4352
f 4266 4352 4353
f 4354 4355 4058
f 4354 4058 4356
f 4357 4358 4355
f 4357 4355 4354
f 4430 4280 4431
f 4394 4400 4396
f 4432 4431 4433
f 4434 4430 4432
f 4435 4281 4436
f 4433 4431 4435
f 4433 4435 4437
f 4431 4280 4281
f 4383 4375 4386
f 4393 4264 4265
f 4385 4377 4375
f 4330 4328 4388
f 4330 4388 4389
f 4286 4326 4330
f 4286 4330 4390
f 4328 4258 4254
f 4342 4308 4307
f 4388 4254 4257
f 4261 4307 4262
f 4335 4261 4255
f 4335 4382 4261
f 4336 4382 4335
f 4383 4384 4375
f 4384 4385 4375
f 4400 4262 4306
f 4385 4387 4377
f 4325 4381 4327
f 4380 4381 4325
f 4327 4381 4337
f 4327 4337 4329
f 4382 4307 4261
f 4336 4342 4382
f 4447 4446 4405
f 4345 4424 4423
f 4316 4443 4450
f 4450 4443 4445
f 4451 4452 4453
f 4451 4157 4452
f 4387 4451 4454
f 4387 4159 4451
f 4395 4394 4397
f 9175 4415 9178
f 4417 9175 9178
f 4417 9178 4303
f 4405 4407 4408
f 4406 4409 4407
f 4410 4411 4412
f 4411 4345 4347
f 4411 4347 4412
f 4413 4410 4412
f 4394 4265 4400
f 4400 4265 4414
f 4396 4400 4401
f 4396 4401 4398
f 9179 4398 4401
f 9179 4401 9180
f 9179 9180 4402
f 9181 4399 4398
f 9181 4398 9179
f 9181 9179 4402
f 9182 4403 4399
f 9182 4399 9183
f 9182 9183 4404
f 4397 4399 4403
f 4431 4281 4435
f 4405 4406 4407
f 4393 4265 4394
f 4395 4393 4394
f 4392 4393 4395
f 4394 4396 4397
f 4397 4396 4398
f 4397 4398 4399
f 4466 4440 4441
f 4439 4438 4440
f 4459 4458 4465
f 4459 4465 4464
f 4458 4442 4439
f 4458 4439 4465
f 4466 4441 4395
f 4466 4395 4397
f 4425 4379 4426
f 4436 4281 4286
f 4427 4426 4282
f 4420 4366 4426
f 4428 4429 4430
f 4428 4418 4429
f 4429 4418 4280
f 4430 4429 4280
f 4345 4423 4346
f 4432 4430 4431
f 4424 4303 4423
f 4423 4303 4310
f 9184 9172 4311
f 9184 4423 4310
f 9184 4310 9172
f 9185 9184 4311
f 9185 4346 4423
f 9185 4423 9184
f 4366 4425 4426
f 4366 4365 4425
f 4159 4153 4451
f 4426 4379 4282
f 4414 4263 4262
f 9169 9178 4415
f 9169 4415 4304
f 9169 4303 9178
f 4418 4374 4419
f 4419 4374 4420
f 4376 4421 4412
f 4412 4421 4422
f 4518 4559 4358
f 4057 4553 4558
f 4057 4558 4356
f 4553 4554 4558
f 4554 4159 4387
f 4554 4387 4385
f 4361 4383 4357
f 4356 4558 4361
f 4443 4402 4445
f 4451 4153 4157
f 4445 4446 4447
f 9180 4401 9186
f 4402 9180 9186
f 4402 9186 4446
f 4448 4444 4443
f 4448 4404 4444
f 9183 4399 9187
f 4404 9183 9187
f 4404 9187 4444
f 9187 4399 9181
f 4444 9187 9181
f 4444 9181 4402
f 4439 4437 4438
f 4316 4449 4443
f 4440 4438 4392
f 4440 4392 4441
f 4442 4433 4437
f 4442 4437 4439
f 4441 4392 4395
f 4443 4444 4402
f 4467 4466 4397
f 4445 4402 4446
f 4436 4286 4390
f 4392 4390 4389
f 4438 4436 4390
f 4438 4390 4392
f 4437 4435 4436
f 4437 4436 4438
f 4513 4317 4549
f 4497 4270 4019
f 4470 4515 4472
f 4515 4422 4472
f 4422 4455 4472
f 4454 4557 4421
f 4274 4474 4324
f 4456 4458 4459
f 4221 4547 4516
f 4548 4549 4317
f 4548 4317 4542
f 4547 4542 4517
f 4516 4547 4517
f 4471 4516 4408
f 4514 4512 4217
f 4361 4384 4383
f 3957 3954 4267
f 3954 4546 4556
f 3954 4556 4267
f 4267 4556 4520
f 4229 4519 4522
f 4547 4548 4542
f 4160 4221 4516
f 4377 4387 4454
f 4518 4358 4357
f 4518 4526 4559
f 4559 4526 4359
f 4559 4359 4358
f 4383 4518 4357
f 4323 4489 4020
f 4160 4516 4471
f 4217 4512 4513
f 4462 4456 4459
f 4462 4459 4463
f 4464 4465 4466
f 4464 4466 4467
f 4465 4439 4440
f 4465 4440 4466
f 4377 4454 4376
f 4056 4080 4081
f 4457 4460 4461
f 4457 4461 4458
f 4368 4292 4456
f 4368 4456 4462
f 4292 4457 4456
f 4457 4289 4460
f 4289 4291 4460
f 4467 4397 4403
f 4452 4157 4156
f 4453 4452 4156
f 4453 4156 4455
f 4454 4451 4453
f 4420 4362 4366
f 4374 4297 4420
f 4456 4457 4458
f 4463 4459 4464
f 4269 4273 4474
f 4476 4477 4478
f 4476 4478 4479
f 4477 4480 4481
f 4477 4481 4478
f 4479 4478 4482
f 4478 4481 4483
f 4458 4461 4442
f 4554 4552 4158
f 4554 4158 4159
f 4553 4551 4552
f 4553 4552 4554
f 4224 4055 4061
f 4224 4061 4555
f 4080 4055 4224
f 4198 4199 4228
f 4551 4081 4552
f 4081 4083 4552
f 4057 4052 4551
f 4057 4551 4553
f 4052 4056 4551
f 4056 4055 4080
f 4552 4083 4085
f 4519 3957 4267
f 4118 4119 4154
f 4119 4223 4550
f 4550 4223 4155
f 4550 4155 4151
f 4154 4550 4151
f 4084 4154 4085
f 4551 4056 4081
f 4555 4061 4060
f 4454 4453 4557
f 4557 4453 4455
f 4421 4557 4455
f 4376 4454 4421
f 4558 4384 4361
f 4558 4554 4385
f 4558 4385 4384
f 4552 4085 4158
f 4513 4549 4218
f 4218 4549 4013
f 4020 4514 4219
f 4201 4202 3961
f 4175 4177 4220
f 4220 4177 4120
f 4177 4155 4223
f 4120 4177 4223
f 4519 4225 3957
f 4547 4249 4548
f 4084 4118 4154
f 4547 4222 4249
f 4548 4249 4013
f 4548 4013 4549
f 4514 4217 4219
f 4217 4513 4218
f 4200 4194 4227
f 4199 4200 4227
f 4020 4219 4021
f 4202 4198 4228
f 4201 4198 4202
f 4229 4225 4519
f 4229 4194 4225
f 3954 4226 4546
f 4555 4060 4232
f 4224 4555 4232
f 4497 4019 4495
f 4019 4523 4495
f 4495 4230 4496
f 4496 4230 4522
f 4496 4522 4491
f 4221 4222 4547
f 4521 4350 4268
f 4502 4271 4272
f 4543 4314 4544
f 4544 4314 4545
f 4449 4316 4543
f 4449 4543 4535
f 4316 4312 4543
f 4543 4312 4314
f 4271 4540 4473
f 4545 4315 4322
f 4542 4445 4517
f 4517 4445 4447
f 4317 4316 4542
f 4316 4450 4542
f 4347 4376 4412
f 4412 4422 4413
f 4542 4450 4445
f 4266 4353 4491
f 4507 4511 4539
f 4539 4511 4541
f 4539 4541 4322
f 4539 4322 4473
f 4540 4539 4473
f 4271 4473 4273
f 4154 4119 4550
f 4501 4540 4502
f 4540 4271 4502
f 4272 4276 4538
f 4502 4272 4538
f 4299 4363 4362
f 4420 4299 4362
f 4297 4299 4420
f 4432 4433 4442
f 4478 4483 4482
f 4273 4473 4321
f 4273 4321 4474
f 4473 4322 4321
f 4474 4321 4320
f 4474 4320 4475
f 4474 4475 4324
f 4472 4156 4176
f 4269 4474 4274
f 4470 4176 4175
f 4471 4470 4175
f 4471 4175 4160
f 4460 4434 4432
f 4460 4432 4461
f 4291 4434 4460
f 4324 4475 4323
f 4461 4432 4442
f 9188 9189 4467
f 9188 4467 4403
f 9188 4468 9189
f 9188 4403 9182
f 4468 9188 9182
f 4468 9182 4404
f 9190 4469 4467
f 9190 4467 9189
f 9190 9189 4468
f 4464 4467 4469
f 4408 4470 4471
f 4472 4455 4156
f 4490 4276 4275
f 4470 4472 4176
f 4490 4493 4494
f 4495 4496 4494
f 4496 4491 4490
f 4494 4496 4490
f 4497 4494 4493
f 4497 4495 4494
f 4406 4536 4409
f 4501 4507 4539
f 4351 4371 4499
f 4351 4369 4371
f 4518 4524 4526
f 4386 4524 4518
f 4352 4538 4353
f 4351 4503 4352
f 4446 4536 4405
f 4352 4502 4538
f 9186 4401 9174
f 9186 9174 4416
f 9186 4416 4446
f 4416 4417 4410
f 4416 4410 4536
f 4536 4410 4537
f 4537 4410 4413
f 4536 4537 4409
f 4535 4544 4532
f 4351 4499 4503
f 4349 4375 4347
f 4417 4303 4424
f 4424 4345 4411
f 4417 4424 4411
f 4417 4411 4410
f 4446 4416 4536
f 4314 4315 4545
f 4405 4536 4406
f 4545 4322 4541
f 4545 4541 4511
f 4533 4545 4511
f 4532 4544 4545
f 4532 4545 4533
f 4535 4543 4544
f 4367 4527 4530
f 4349 4386 4375
f 9176 4368 9191
f 9176 9191 4527
f 9176 4527 4367
f 4351 4350 4487
f 4532 4533 4534
f 4533 4511 4510
f 4533 4510 4534
f 4534 4510 4484
f 9192 4462 4463
f 9192 4463 9193
f 9192 9193 4528
f 4532 4534 4480
f 4528 4486 4485
f 4528 4485 4531
f 4531 4485 4484
f 4531 4484 4506
f 4509 4531 4506
f 4530 4508 4370
f 4501 4539 4540
f 4367 4530 4370
f 4528 4531 4529
f 4530 4529 4509
f 4530 4509 4508
f 4529 4531 4509
f 9191 4368 4462
f 9191 4462 9194
f 9191 9194 4527
f 9194 4462 9192
f 9194 9192 4528
f 9194 4528 4527
f 4503 4502 4352
f 9193 4463 9195
f 9193 9195 4486
f 9193 4486 4528
f 4538 4276 4492
f 4353 4538 4492
f 4407 4409 4515
f 4409 4537 4515
f 4515 4537 4422
f 4537 4413 4422
f 4516 4517 4447
f 4527 4529 4530
f 4386 4518 4383
f 4519 4267 4266
f 4267 4520 4268
f 4268 4520 4521
f 4522 4266 4491
f 4522 4519 4266
f 4512 4318 4513
f 4523 4228 4230
f 4020 4489 4488
f 4513 4318 4317
f 4514 4488 4512
f 4407 4515 4470
f 4408 4407 4470
f 4408 4516 4447
f 4447 4405 4408
f 4421 4455 4422
f 4500 4505 4501
f 4498 4505 4500
f 4275 4497 4493
f 4275 4270 4497
f 4488 4313 4512
f 4512 4313 4318
f 4534 4484 4480
f 4020 4488 4514
f 4532 4480 4477
f 4535 4532 4477
f 4535 4477 4476
f 4449 4535 4476
f 4449 4476 4448
f 4449 4448 4443
f 4418 4419 4277
f 4505 4507 4501
f 4373 4374 4418
f 4373 4418 4428
f 4372 4373 4428
f 4372 4428 4430
f 4372 4430 4434
f 4498 4504 4505
f 4499 4500 4503
f 4504 4507 4505
f 4290 4289 4457
f 4292 4290 4457
f 4419 4420 4427
f 4420 4426 4427
f 4419 4427 4282
f 4419 4282 4277
f 4527 4528 4529
f 4418 4277 4280
f 4323 4320 4489
f 4370 4498 4371
f 4371 4498 4499
f 4499 4498 4500
f 4500 4501 4502
f 4503 4500 4502
f 4019 4228 4523
f 4372 4434 4291
f 4230 4229 4522
f 4495 4523 4230
f 4386 4349 4524
f 4349 4348 4524
f 4524 4348 4525
f 4524 4525 4526
f 4351 4487 4369
f 4323 4475 4320
f 4488 4319 4313
f 4489 4320 4319
f 4489 4319 4488
f 4353 4490 4491
f 4353 4492 4490
f 4492 4276 4490
f 9196 9197 4464
f 9196 4482 4483
f 9196 4483 9197
f 4490 4275 4493
f 9198 9199 4469
f 9198 4479 4482
f 9198 4482 9199
f 9198 4469 9190
f 4479 9198 9190
f 4479 9190 4468
f 4404 4479 4468
f 4448 4479 4404
f 4448 4476 4479
f 4369 4487 4367
f 4506 4511 4507
f 9177 9200 4293
f 9177 4367 4487
f 9177 4487 9200
f 4480 4484 4485
f 4480 4485 4481
f 4481 4485 4486
f 4481 4486 4483
f 9201 9195 4463
f 9201 4483 4486
f 9201 4486 9195
f 9197 9201 4463
f 9197 4463 4464
f 9197 4483 9201
f 4504 4506 4507
f 9199 9196 4464
f 9199 4464 4469
f 9199 4482 9196
f 4370 4508 4498
f 4508 4509 4504
f 4508 4504 4498
f 4509 4506 4504
f 4506 4484 4510
f 4506 4510 4511
f 3941 3942 3943
f 3942 3944 3943
f 3945 3941 3943
f 3945 3943 3946
f 3941 3947 3942
f 4841 4847 4846
f 4838 4839 4831
f 4838 4831 4830
f 4839 4834 4831
f 9202 9203 4840
f 9202 4840 4832
f 9202 4834 9203
f 4832 4840 4841
f 4832 4841 4836
f 4833 4835 4842
f 4835 4836 4842
f 4833 4842 4843
f 4844 4833 4843
f 4844 4843 4845
f 9204 9205 4833
f 9204 4837 4830
f 9204 4830 9205
f 9206 9204 4833
f 9206 4833 4844
f 9206 4837 9204
f 4846 4847 4848
f 4832 4836 4835
f 4863 4858 4861
f 4864 4854 4856
f 4864 4856 4863
f 4632 4850 4853
f 4867 4866 4842
f 4855 4857 4839
f 4855 4839 4856
f 4836 4841 4846
f 9207 9208 4609
f 9207 4609 4621
f 9207 4612 9208
f 9209 9210 4608
f 9209 4608 4609
f 9209 4607 9210
f 4615 4607 4610
f 4608 4611 4609
f 9211 4609 9208
f 4610 9211 9208
f 4610 9208 4612
f 4609 4611 4613
f 4614 4607 4615
f 9212 9213 4616
f 9212 4616 4608
f 9212 4614 9213
f 4622 4610 4612
f 4616 4617 4618
f 4608 4618 4619
f 4608 4619 4611
f 4611 4619 4613
f 4609 4613 4620
f 4609 4620 4621
f 4678 4660 4673
f 4679 4653 4649
f 4654 4623 4613
f 4653 4722 4721
f 4677 4649 4659
f 4671 4670 4672
f 4673 4662 4666
f 4673 4666 4671
f 4681 4680 4683
f 4683 4680 4684
f 4680 4685 4684
f 4675 4676 4663
f 4684 4685 4686
f 4676 4677 4659
f 4676 4659 4663
f 4678 4674 4660
f 4690 4687 4688
f 4691 4692 4693
f 4691 4693 4694
f 4677 4679 4649
f 9214 4695 9215
f 9214 9215 4696
f 9214 4696 4692
f 4624 4680 4681
f 4624 4623 4680
f 4623 4682 4680
f 4649 4653 4650
f 4653 4654 4650
f 4654 4613 4650
f 4680 4682 4685
f 4652 4618 4617
f 4687 4684 4686
f 9216 4688 4687
f 9216 4687 9217
f 9216 9217 4689
f 4690 4684 4687
f 4705 4707 4708
f 4705 4708 4706
f 4707 4709 4708
f 4685 4682 4734
f 4710 4712 4713
f 4692 4696 4697
f 4692 4697 4693
f 4694 4693 4698
f 4714 4717 4715
f 4718 4710 4713
f 4719 4702 4720
f 4697 4699 4693
f 4604 4719 4720
f 4702 4704 4701
f 4693 4699 4698
f 4704 4705 4706
f 4604 4700 4697
f 4682 4653 4721
f 4653 4679 4722
f 4710 4711 4712
f 4623 4654 4682
f 4711 4714 4715
f 4711 4715 4712
f 4714 4716 4717
f 4673 4660 4662
f 4674 4675 4660
f 4660 4675 4661
f 4720 4702 4700
f 4675 4663 4661
f 4719 4703 4702
f 4697 4700 4699
f 4604 4720 4700
f 4711 4710 4727
f 4711 4727 4726
f 4710 4724 4723
f 9218 4621 4748
f 9218 4748 9219
f 9218 9219 4749
f 4727 4723 4677
f 4654 4653 4682
f 4679 4677 4723
f 4679 4723 4722
f 4710 4718 4724
f 4728 4729 4730
f 4730 4729 4731
f 4726 4727 4676
f 4603 4728 4730
f 4716 4714 4725
f 4714 4711 4726
f 4714 4726 4725
f 4735 4721 4722
f 4735 4722 4736
f 4737 4685 4734
f 4710 4723 4727
f 4734 4682 4721
f 4727 4677 4676
f 4678 4725 4674
f 4716 4725 4678
f 4699 4700 4701
f 4699 4701 4698
f 4700 4702 4701
f 4730 4731 4732
f 4702 4703 4704
f 4732 4731 4718
f 4732 4718 4733
f 4734 4721 4735
f 4718 4731 4736
f 4729 4728 4734
f 4734 4728 4740
f 4695 9214 9220
f 4695 9220 4687
f 9214 4692 9220
f 4603 4741 4740
f 4736 4722 4724
f 4736 4724 4718
f 4738 4739 4712
f 4743 4744 4640
f 4744 4745 4638
f 4744 4638 4640
f 4713 4733 4718
f 4745 4643 4638
f 4736 4731 4729
f 4736 4729 4735
f 4735 4729 4734
f 4612 9207 9221
f 4612 9221 4747
f 4620 4625 4748
f 4621 4620 4748
f 4734 4740 4737
f 4747 9221 9218
f 4747 9218 4749
f 4741 4695 4742
f 4603 4740 4728
f 4703 4705 4704
f 4722 4723 4724
f 4725 4726 4675
f 4725 4675 4674
f 4745 4746 4643
f 4726 4676 4675
f 4743 4640 4641
f 4747 4743 4641
f 4747 4641 4612
f 4636 4752 4637
f 4757 4753 4752
f 4634 4759 4756
f 4775 4778 4783
f 4759 4760 4758
f 4750 4751 4752
f 4750 4752 4753
f 4751 4754 4637
f 4758 4645 4644
f 4758 4644 4757
f 4757 4644 4643
f 4746 4753 4643
f 4761 4762 4631
f 4635 4757 4636
f 4756 4758 4757
f 4636 4757 4752
f 4742 4687 4686
f 4742 4686 4737
f 4686 4685 4737
f 4634 4756 4635
f 4695 4687 4742
f 4759 4758 4756
f 4760 4646 4645
f 4760 4645 4758
f 4739 4713 4712
f 4738 4712 4715
f 4739 4733 4713
f 4757 4643 4753
f 4717 4738 4715
f 4761 4631 4630
f 4755 4761 4630
f 4755 4630 4637
f 4658 4651 4652
f 4658 4652 4656
f 4659 4649 4651
f 4689 4692 4691
f 4660 4661 4662
f 4650 4619 4651
f 4651 4619 4618
f 4651 4618 4652
f 4662 4664 4667
f 4662 4667 4665
f 4663 4659 4658
f 4650 4613 4619
f 4664 4658 4656
f 4652 4617 4655
f 4656 4652 4655
f 4656 4655 4657
f 4665 4667 4668
f 4665 4668 4669
f 4666 4665 4669
f 4659 4651 4658
f 4671 4666 4670
f 4661 4663 4664
f 4661 4664 4662
f 4662 4665 4666
f 4620 4623 4625
f 4626 4627 4628
f 4626 4628 4629
f 4663 4658 4664
f 4629 4630 4631
f 4664 4656 4667
f 4667 4656 4657
f 4667 4657 4668
f 4772 4765 4771
f 9222 4780 9223
f 9222 9223 4773
f 9222 4773 4775
f 4773 4774 4775
f 4773 4776 4777
f 4778 4781 4782
f 4783 4778 4782
f 4783 4782 4784
f 4751 4637 4752
f 4754 4755 4637
f 4746 4750 4753
f 9224 4617 4616
f 9224 4616 9225
f 9224 9225 4773
f 4635 4756 4757
f 9226 4616 9213
f 9226 9213 4614
f 9226 4614 4776
f 9225 4616 9226
f 9225 9226 4776
f 9225 4776 4773
f 4778 4779 4781
f 4798 4799 4800
f 4798 4800 4801
f 4799 4772 4800
f 4800 4772 4771
f 4741 4737 4740
f 4763 4764 4765
f 4764 4766 4765
f 4634 4633 4763
f 4779 4797 4781
f 4633 4632 4764
f 4776 4785 4788
f 4776 4788 4777
f 4766 4768 4769
f 4765 4766 4769
f 4765 4769 4770
f 4771 4765 4770
f 4646 4760 4798
f 4763 4765 4772
f 9220 9217 4687
f 9220 4692 4689
f 9220 4689 9217
f 4741 4742 4737
f 4773 4777 4774
f 4775 4774 4778
f 4774 4777 4779
f 4774 4779 4778
f 4633 4764 4763
f 4617 9224 9223
f 4617 9223 4780
f 9224 4773 9223
f 4632 4767 4764
f 4764 4767 4766
f 4786 4790 4787
f 4787 4790 4791
f 4614 4648 4785
f 4655 4617 4780
f 4648 4786 4785
f 4780 9222 9227
f 4780 9227 4805
f 9222 4775 9227
f 9228 4805 9227
f 9228 9227 4775
f 9228 4775 4783
f 9229 4807 9230
f 9229 9230 4783
f 9229 4783 4784
f 4647 4792 4789
f 4789 4792 4793
f 4789 4793 4790
f 4811 9231 9232
f 4811 9232 4812
f 9231 4810 9232
f 4790 4794 4791
f 4785 4786 4787
f 4785 4787 4788
f 4786 4789 4790
f 4787 4796 4797
f 4788 4787 4797
f 4779 4788 4797
f 4614 4785 4776
f 4777 4788 4779
f 4648 4647 4789
f 4648 4789 4786
f 4647 4646 4792
f 4790 4793 4794
f 4646 4798 4792
f 4791 4794 4795
f 4791 4795 4796
f 4787 4791 4796
f 4792 4798 4801
f 4792 4801 4793
f 4803 4804 4805
f 4827 4826 4828
f 4804 4780 4805
f 4760 4759 4799
f 4760 4799 4798
f 4759 4634 4799
f 4657 4655 4803
f 4657 4803 4809
f 4655 4804 4803
f 4800 4771 4802
f 4655 4780 4804
f 4801 4802 4795
f 4794 4801 4795
f 4793 4801 4794
f 4803 4805 4806
f 4813 4806 4808
f 4806 4805 4807
f 4806 4807 4808
f 4805 9228 9230
f 4805 9230 4807
f 9228 4783 9230
f 9233 4807 9229
f 9233 9229 4784
f 9233 4784 4810
f 9234 4808 4807
f 9234 4807 9233
f 9234 9233 4810
f 9231 4811 4808
f 9231 4808 9234
f 9231 9234 4810
f 4672 4670 4814
f 4672 4814 4823
f 4670 4669 4815
f 4669 4668 4818
f 4813 4808 4811
f 4809 4803 4806
f 4809 4806 4813
f 4814 4815 4816
f 4818 4809 4813
f 4818 4813 4819
f 4819 4813 4811
f 4815 4819 4816
f 4822 4811 4812
f 4817 4820 4821
f 4816 4819 4822
f 4816 4822 4820
f 4821 4820 4825
f 4821 4825 4826
f 4827 4821 4826
f 4670 4815 4814
f 4829 4817 4821
f 4669 4818 4815
f 4668 4657 4809
f 4668 4809 4818
f 4634 4763 4799
f 4799 4763 4772
f 4771 4770 4802
f 4819 4811 4822
f 4801 4800 4802
f 4822 4812 4824
f 4820 4822 4824
f 4820 4824 4825
f 4971 5008 5011
f 4971 5011 4970
f 4889 5032 5020
f 5014 5016 5017
f 4888 5028 5032
f 4888 5032 4889
f 4887 5025 5028
f 4887 5028 4888
f 9235 5016 5019
f 9235 5019 9236
f 9235 9236 4991
f 4872 5020 5014
f 4872 5014 4873
f 5020 5015 5014
f 5012 4980 4976
f 4979 5012 4976
f 4970 4979 4853
f 4970 5011 4979
f 5028 5027 5031
f 5028 5031 5032
f 5027 5030 5033
f 5027 5033 5031
f 4886 5034 5025
f 4886 5025 4887
f 5034 5026 5025
f 5017 5016 4990
f 4814 4816 4817
f 4815 4818 4819
f 4817 4816 4820
f 5036 5037 5038
f 5036 5038 5029
f 5029 5038 5039
f 5029 5039 5030
f 5030 5040 5033
f 4997 5002 5003
f 4997 5003 5001
f 9236 5019 9237
f 9236 9237 4992
f 9236 4992 4991
f 5001 5004 5005
f 9238 4990 5016
f 9238 5016 9239
f 9238 9239 4984
f 4873 5017 4990
f 4873 4990 4845
f 4873 5014 5017
f 4860 5000 5007
f 4860 5007 4862
f 5026 5029 5030
f 4859 5000 4860
f 4987 4989 4996
f 4989 4994 5002
f 4989 5002 4996
f 4996 5002 4997
f 4889 5020 4872
f 5035 5036 5029
f 5035 5029 5026
f 4829 4821 4827
f 4823 4814 4817
f 4823 4817 4829
f 5000 4999 5006
f 5000 5006 5007
f 5030 5039 5040
f 5033 5040 5023
f 5033 5023 5022
f 5031 5033 5022
f 5031 5022 5021
f 5032 5031 5021
f 5032 5021 5020
f 5034 5035 5026
f 4767 4977 4766
f 4632 4975 4767
f 4862 5007 5008
f 4983 4984 4985
f 5007 5006 5009
f 5007 5009 5008
f 5006 5005 5009
f 5005 5004 5009
f 4985 4989 4987
f 9240 4845 4990
f 9240 4990 9241
f 9240 9241 4983
f 5010 5013 4980
f 9241 4990 9238
f 9241 9238 4984
f 9241 4984 4983
f 4980 4982 4978
f 4978 4982 4768
f 4978 4768 4977
f 4977 4768 4766
f 5018 9242 9243
f 5018 9243 5019
f 9242 5024 9243
f 9237 5019 9243
f 9237 9243 5024
f 9237 5024 4992
f 5014 5015 5016
f 9239 5016 9235
f 9239 9235 4991
f 9239 4991 4984
f 5015 5018 5019
f 5015 5019 5016
f 4983 4987 4988
f 4985 4986 4989
f 5025 5026 5027
f 5025 5027 5028
f 5020 5021 5015
f 5026 5030 5027
f 5021 5022 5018
f 5021 5018 5015
f 9244 5022 5023
f 9244 5023 9245
f 9244 9245 5024
f 5022 9244 9242
f 5022 9242 5018
f 9244 5024 9242
f 4968 4864 4863
f 4969 4968 4863
f 9206 4844 9246
f 9206 9246 4988
f 9206 4988 4837
f 4971 4969 4861
f 4995 4997 4998
f 4998 4997 4999
f 4998 4999 5000
f 4997 5001 4999
f 4972 4851 4973
f 4965 4852 4972
f 4988 4987 4996
f 4973 4631 4762
f 4850 4967 4966
f 4849 4852 4962
f 4849 4962 4967
f 4968 4961 4864
f 5011 5012 4979
f 5010 4980 5012
f 5001 5003 5004
f 4862 5008 4971
f 4999 5001 5005
f 4999 5005 5006
f 4970 4969 4971
f 4972 4852 4851
f 5009 5004 5013
f 5009 5013 5010
f 4859 4998 5000
f 4980 5013 4981
f 4859 4995 4998
f 5008 5009 5010
f 5008 5010 5011
f 5011 5010 5012
f 4918 4917 4920
f 4953 4855 4954
f 4974 4901 4904
f 4954 4854 4955
f 9247 4904 9248
f 4909 9247 9248
f 4909 9248 4908
f 4975 4976 4977
f 4976 4978 4977
f 4975 4977 4767
f 4955 4864 4957
f 9203 4834 4956
f 9203 4956 9249
f 4976 4980 4978
f 4840 9250 9251
f 4840 9251 4959
f 9250 4958 9251
f 4941 4945 4939
f 4927 4947 4943
f 4605 4939 4951
f 4951 4952 4913
f 4986 4994 4989
f 9246 4844 9252
f 9246 9252 4983
f 9246 4983 4988
f 4853 4975 4632
f 4995 4996 4997
f 4984 4986 4985
f 4983 4985 4987
f 4953 4857 4855
f 4955 4854 4864
f 4837 4988 4995
f 4837 4995 4859
f 4845 9240 9252
f 4845 9252 4844
f 9240 4983 9252
f 4988 4996 4995
f 4984 4991 4986
f 4991 4992 4993
f 4991 4993 4986
f 4986 4993 4994
f 4926 4936 4937
f 4926 4937 4924
f 4957 4961 4960
f 4939 4940 4941
f 4964 4852 4965
f 4966 4967 4968
f 4966 4968 4969
f 4967 4962 4961
f 4942 4927 4943
f 4945 4946 4932
f 4853 4966 4970
f 4946 4933 4932
f 4921 4938 4935
f 4921 4935 4934
f 4924 4937 4938
f 4924 4938 4921
f 9253 4913 4974
f 9253 4974 9254
f 9253 9254 4909
f 4951 4948 4952
f 4969 4863 4861
f 9247 9254 4974
f 9247 4974 4904
f 9247 4909 9254
f 4971 4861 4862
f 4970 4966 4969
f 4605 4940 4939
f 4942 4944 4927
f 4853 4979 4975
f 4979 4976 4975
f 4973 4851 4631
f 4980 4981 4982
f 4974 4952 4901
f 4952 4948 4902
f 4952 4902 4901
f 4913 4952 4974
f 4924 4925 4926
f 4927 4922 4921
f 4949 4925 4923
f 4926 4928 4929
f 4928 4925 4949
f 4922 4927 4944
f 4950 4922 4944
f 4947 4946 4941
f 4912 4911 4915
f 4930 4916 4918
f 4945 4948 4951
f 4899 4932 4875
f 4917 4919 4920
f 4921 4922 4923
f 4921 4923 4924
f 4924 4923 4925
f 4963 4962 4964
f 4957 4864 4961
f 4954 4855 4854
f 4964 4962 4852
f 4956 4834 4857
f 4956 4857 4953
f 4606 4912 4915
f 4606 4915 4931
f 4967 4961 4968
f 4853 4850 4966
f 9249 4956 4958
f 9249 4958 9250
f 4850 4849 4967
f 4840 4959 4841
f 4841 4959 4847
f 4960 4961 4962
f 4960 4962 4963
f 4894 4869 4865
f 4894 4865 4895
f 4874 4899 4875
f 4848 4896 4897
f 4936 4891 4937
f 4937 4891 4892
f 4937 4892 4938
f 4929 4936 4926
f 4900 4903 4901
f 4903 4904 4901
f 4938 4892 4894
f 4897 4900 4902
f 4893 4876 4890
f 4892 4882 4869
f 4892 4869 4894
f 4895 4865 4875
f 4902 4945 4899
f 4949 4923 4950
f 4921 4934 4927
f 4950 4923 4922
f 4940 4942 4943
f 4940 4943 4941
f 4848 4897 4846
f 4900 4901 4902
f 4947 4941 4943
f 4946 4945 4941
f 4946 4947 4933
f 4945 4951 4939
f 4948 4945 4902
f 4947 4927 4934
f 4947 4934 4933
f 4945 4932 4899
f 4875 4867 4874
f 4865 4867 4875
f 9255 9256 4913
f 9255 4907 4912
f 9255 4912 9256
f 4877 4879 4880
f 4909 4905 4907
f 4911 4910 4914
f 4911 4914 4915
f 4915 4914 4916
f 4884 4877 4876
f 4884 4885 4879
f 4709 4919 4708
f 4885 4886 4887
f 4868 4873 4845
f 4868 4845 4843
f 4867 4842 4836
f 4874 4867 4836
f 4895 4933 4935
f 4895 4935 4894
f 4926 4925 4928
f 4936 4890 4891
f 4930 4931 4916
f 4931 4915 4916
f 4877 4880 4883
f 4877 4883 4881
f 4929 4893 4936
f 4893 4890 4936
f 4606 4931 4930
f 4938 4894 4935
f 4875 4932 4933
f 4875 4933 4895
f 4846 4899 4874
f 4933 4934 4935
f 4629 4631 4851
f 4632 4626 4850
f 4883 4872 4871
f 4854 4855 4856
f 4881 4871 4870
f 4882 4881 4870
f 4882 4870 4869
f 4890 4876 4891
f 4857 4834 4839
f 4838 4837 4859
f 4891 4882 4892
f 4858 4859 4860
f 4626 4629 4849
f 4626 4849 4850
f 4629 4851 4852
f 4629 4852 4849
f 4906 4911 4907
f 4907 4911 4912
f 4874 4836 4846
f 9253 9255 4913
f 9253 4909 4907
f 9253 4907 9255
f 4896 4898 4897
f 4846 4897 4899
f 4856 4839 4838
f 4856 4838 4858
f 4916 4914 4917
f 4916 4917 4918
f 4897 4902 4899
f 4920 4919 4709
f 4898 4900 4897
f 4905 4906 4907
f 4908 4905 4909
f 4906 4910 4911
f 4869 4866 4865
f 4870 4871 4868
f 4870 4868 4866
f 4858 4838 4859
f 4871 4873 4868
f 4861 4858 4860
f 4861 4860 4862
f 4863 4856 4858
f 9257 9202 4832
f 9257 4831 4834
f 9257 4834 9202
f 4833 4832 4835
f 4871 4872 4873
f 4837 4838 4830
f 4865 4866 4867
f 4866 4868 4843
f 4866 4843 4842
f 4869 4870 4866
f 4880 4889 4883
f 4883 4889 4872
f 4876 4877 4878
f 4881 4883 4871
f 4878 4877 4881
f 4878 4881 4882
f 9258 9257 4832
f 9258 4830 4831
f 9258 4831 9257
f 9205 9258 4832
f 9205 4832 4833
f 9205 4830 9258
f 4876 4878 4891
f 4891 4878 4882
f 4884 4879 4877
f 4893 4884 4876
f 4885 4887 4879
f 4879 4887 4888
f 4879 4888 4880
f 4880 4888 4889
f 4633 4635 4627
f 4627 4635 4636
f 4627 4636 4628
f 4666 4669 4670
f 4628 4637 4630
f 4615 4610 4622
f 4623 4624 4625
f 4613 4623 4620
f 4639 4642 4615
f 4639 4615 4622
f 4643 4644 4639
f 4629 4628 4630
f 4644 4645 4642
f 4632 4633 4627
f 4632 4627 4626
f 4633 4634 4635
f 4642 4647 4648
f 4642 4648 4615
f 4615 4648 4614
f 4628 4636 4637
f 4649 4650 4651
f 4638 4639 4640
f 4640 4639 4622
f 4640 4622 4641
f 9212 4608 9210
f 4614 9212 9210
f 4614 9210 4607
f 4616 4618 4608
f 4641 4622 4612
f 9209 4609 9211
f 4607 9209 9211
f 4607 9211 4610
f 4643 4639 4638
f 4644 4642 4639
f 4645 4646 4647
f 4645 4647 4642
f 5318 5319 5320
f 5319 5315 5320
f 9259 9260 5321
f 9259 5320 5311
f 9259 5311 9260
f 5320 5315 5311
f 5322 9261 9262
f 5322 9262 5323
f 9263 5322 9264
f 9263 9264 5324
f 9263 5324 5319
f 5305 5309 5302
f 5324 5316 5319
f 9265 9266 5283
f 9265 5283 5284
f 9265 5284 9267
f 5306 5312 5304
f 9268 9267 5284
f 9268 5284 5289
f 9268 5289 9269
f 5105 5297 5298
f 5283 5291 5284
f 5102 5305 5300
f 5300 5301 5297
f 5300 5302 5301
f 5297 5301 5303
f 5301 5304 5303
f 9261 5322 9263
f 9261 9263 5319
f 9261 5319 5318
f 5098 5298 5299
f 5098 5299 5106
f 5102 5300 5103
f 5311 5315 5310
f 5298 5303 5308
f 9270 9271 5339
f 9270 5339 5336
f 5297 5303 5298
f 5103 5300 5297
f 5309 5310 5306
f 5309 5311 5310
f 5306 5310 5312
f 5310 5313 5312
f 5305 5314 5309
f 5342 5343 5340
f 5314 5311 5309
f 5303 5304 5308
f 5310 5315 5313
f 5313 5316 5317
f 5312 5313 5317
f 5312 5317 5307
f 5304 5312 5307
f 5298 5308 5299
f 5302 5309 5306
f 5348 5167 5353
f 5348 5353 5349
f 5344 5352 5347
f 5291 5283 5292
f 5293 5294 5292
f 5292 5294 5295
f 5292 5295 5291
f 5289 5284 5291
f 5289 5291 5296
f 5103 5297 5105
f 5105 5298 5098
f 9272 9273 5340
f 9272 5340 5339
f 5339 5340 5341
f 9274 9275 5337
f 9276 9274 5337
f 9276 5337 5334
f 5333 5292 5283
f 5342 5344 5343
f 5305 5302 5300
f 5302 5306 5301
f 5301 5306 5304
f 5304 5307 5308
f 5099 5107 5108
f 9277 9278 5083
f 9277 5083 5084
f 5354 5355 5356
f 5382 5373 5380
f 5377 5372 5341
f 5377 5341 5346
f 5399 5396 5398
f 5376 5350 5349
f 5198 5380 5381
f 5198 5381 5195
f 5195 5381 5353
f 5195 5353 5167
f 5197 5382 5198
f 5378 5379 5374
f 5374 5372 5377
f 5370 5410 5407
f 5369 5413 5410
f 5410 5413 5414
f 5410 5414 5408
f 5408 5414 5415
f 5408 5415 5411
f 5406 5407 5408
f 5411 5307 5317
f 5384 5386 5385
f 5385 5386 5387
f 5373 5374 5375
f 5356 5359 5332
f 5368 5362 5334
f 9279 5360 9280
f 5395 9279 9280
f 5395 9280 5358
f 5396 5395 5358
f 5396 5358 5355
f 5398 5396 5355
f 5398 5355 5354
f 5399 5392 5396
f 5316 5324 5390
f 5397 5389 5392
f 5385 5387 5388
f 5373 5375 5376
f 5374 5377 5375
f 5376 5375 5351
f 5376 5351 5350
f 5375 5377 5351
f 5394 5329 5360
f 5378 5374 5373
f 5379 5369 5363
f 5379 5363 5374
f 5374 5363 5372
f 5389 5391 5392
f 5418 5378 5419
f 5423 5378 5382
f 5413 5379 5418
f 5422 5420 5242
f 5316 5389 5397
f 5241 5382 5197
f 5409 5408 5411
f 5382 5380 5198
f 5241 5193 5236
f 5394 5383 5329
f 5360 5329 5328
f 5330 5385 5388
f 5330 5388 5295
f 5389 5390 5391
f 5371 5407 5406
f 9281 9282 5393
f 9281 5393 5394
f 9281 5390 9282
f 5390 9281 9283
f 5390 9283 5391
f 5392 5391 5395
f 5392 5395 5396
f 9284 9283 5394
f 9284 5394 5360
f 9284 5391 9283
f 9284 5360 9279
f 5391 9284 9279
f 5391 9279 5395
f 5367 5357 5362
f 5411 5415 5307
f 5316 5390 5389
f 9285 9264 5322
f 9285 5322 5393
f 9285 5324 9264
f 5324 9285 9282
f 5324 9282 5390
f 5322 5384 5393
f 5393 5384 5383
f 5393 5383 5394
f 5372 5366 5339
f 9286 5334 5331
f 9286 5331 9287
f 9276 5334 9286
f 9275 9270 5336
f 9275 5336 5337
f 9271 9272 5339
f 9288 5323 9262
f 9288 5318 5320
f 5368 5334 5337
f 5365 5368 5337
f 5365 5337 5336
f 5366 5365 5336
f 5366 5336 5339
f 9289 5332 9290
f 5364 5368 5365
f 5363 5366 5372
f 5340 5343 5345
f 5340 5345 5346
f 9291 9292 5342
f 9291 5342 9293
f 9294 9295 5344
f 9292 9294 5344
f 9292 5344 5342
f 5367 5362 5368
f 5343 5347 5348
f 5352 5164 5163
f 5354 5356 5357
f 5355 5358 5359
f 9273 9293 5342
f 9273 5342 5340
f 9280 5360 9296
f 5358 9280 9296
f 5358 9296 5361
f 5316 5313 5319
f 5319 5313 5315
f 5311 5314 5325
f 9297 5321 9260
f 9297 9260 5311
f 9297 5311 5325
f 5321 9297 9298
f 5321 9298 5326
f 9297 5325 9298
f 5327 9299 9259
f 5327 9259 5321
f 9299 5320 9259
f 5343 5348 5345
f 5323 9288 9299
f 5323 9299 5327
f 9288 5320 9299
f 5293 5328 5294
f 5328 5329 5330
f 5328 5330 5294
f 5294 5330 5295
f 9287 5331 5332
f 9287 5332 9289
f 5333 5293 5292
f 5355 5359 5356
f 9300 9301 5333
f 9300 5333 5283
f 9302 9303 5332
f 9302 5332 9301
f 9300 5283 9266
f 9290 5332 9303
f 5357 5356 5362
f 5384 5322 5386
f 5358 5361 5359
f 9296 5360 5328
f 9296 5328 9304
f 9296 9304 5361
f 9305 9304 5328
f 9305 5328 5293
f 9305 5361 9304
f 9306 9305 5293
f 9306 5293 5333
f 9306 5361 9305
f 9307 9306 5333
f 9307 5359 5361
f 9307 5361 9306
f 9307 5333 9301
f 5359 9307 9301
f 5359 9301 5332
f 5382 5378 5373
f 5356 5332 5331
f 5362 5356 5331
f 5362 5331 5334
f 5351 5377 5346
f 5363 5364 5365
f 5363 5365 5366
f 5364 5367 5368
f 5383 5385 5330
f 5369 5370 5364
f 5369 5364 5363
f 5370 5371 5367
f 5370 5367 5364
f 5371 5354 5357
f 5371 5357 5367
f 9295 9308 5352
f 9295 5352 5344
f 5345 5348 5349
f 5345 5349 5350
f 5345 5350 5351
f 5346 5345 5351
f 5340 5346 5341
f 5372 5339 5341
f 5352 5163 5347
f 5347 5163 5165
f 5347 5165 5348
f 9309 9310 5164
f 9309 5164 5352
f 5344 5347 5343
f 5348 5165 5167
f 5380 5373 5376
f 5380 5376 5381
f 5381 5376 5349
f 5381 5349 5353
f 5329 5383 5330
f 5383 5384 5385
f 5200 5139 5201
f 5218 5133 5219
f 5168 5216 5223
f 5168 5223 5184
f 5216 5215 5224
f 5216 5224 5223
f 5218 5134 5133
f 5215 5227 5224
f 5219 5133 5205
f 5219 5205 5204
f 5197 5194 5199
f 5140 5139 5200
f 5217 5218 5219
f 5200 5201 5202
f 5223 5225 5226
f 5139 5203 5201
f 5224 5228 5225
f 5226 5225 5229
f 5202 5201 5205
f 5202 5205 5132
f 5206 5207 5208
f 5206 5208 5209
f 5215 5214 5227
f 5207 5211 5208
f 5135 5134 5218
f 5213 5200 5202
f 5132 5213 5202
f 9311 5137 5209
f 9311 5209 9312
f 9313 9311 5213
f 9313 5213 5132
f 9313 5137 9311
f 5115 5237 5233
f 5126 5209 5137
f 5233 5238 5234
f 5234 5238 5236
f 5220 5135 5218
f 5220 5218 5217
f 5135 5131 5134
f 5199 5194 5187
f 5239 5240 5238
f 5133 5132 5205
f 5212 5140 5200
f 5213 5212 5200
f 5221 5219 5204
f 5222 5217 5219
f 5222 5219 5221
f 5223 5224 5225
f 5126 5206 5209
f 5224 5227 5228
f 5192 5190 5177
f 5215 5210 5207
f 5216 5168 5171
f 5188 5157 5189
f 5190 5189 5191
f 5189 5157 5191
f 5188 5159 5158
f 5175 5138 5140
f 5191 5154 5150
f 5182 5172 5169
f 5184 5182 5169
f 5190 5183 5177
f 5187 5188 5189
f 5192 5177 5186
f 5193 5187 5190
f 5186 5180 5185
f 5194 5195 5196
f 5187 5189 5190
f 5188 5158 5157
f 5197 5198 5194
f 5198 5195 5194
f 5196 5166 5159
f 5210 5176 5211
f 5199 5187 5193
f 9314 9315 5175
f 9314 5208 5211
f 9314 5211 9315
f 9316 9314 5175
f 9316 5175 5212
f 9316 5208 9314
f 5126 5214 5206
f 5214 5215 5207
f 5139 5093 5203
f 5215 5216 5210
f 5201 5203 5204
f 5201 5204 5205
f 5216 5171 5210
f 5210 5171 5176
f 5231 5235 5232
f 9315 9317 5175
f 9315 5211 5176
f 9315 5176 9317
f 5207 5210 5211
f 5212 5175 5140
f 9318 5209 5208
f 9318 5208 9316
f 9312 9318 5212
f 9312 5212 5213
f 9312 5209 9318
f 5184 5169 5168
f 5185 5180 5182
f 5185 5182 5184
f 5186 5177 5180
f 5214 5207 5206
f 5397 5317 5316
f 5409 5411 5412
f 5354 5371 5406
f 5354 5406 5398
f 5371 5370 5407
f 5401 5387 5386
f 5370 5369 5410
f 5241 5423 5382
f 5242 5423 5241
f 5239 5422 5242
f 5397 5412 5317
f 5399 5409 5412
f 5399 5412 5397
f 5398 5406 5409
f 5414 5413 5418
f 5414 5418 5416
f 5416 5418 5419
f 5307 5415 5308
f 5413 5369 5379
f 5415 5414 5416
f 5418 5379 5378
f 5308 5415 5417
f 5242 5420 5423
f 5106 5422 5239
f 5106 5299 5421
f 5106 5421 5422
f 5420 5419 5423
f 5397 5392 5399
f 5400 5401 5402
f 5402 5401 5323
f 5403 5404 5401
f 5403 5401 5400
f 5404 5387 5401
f 5412 5411 5317
f 5401 5386 5323
f 5323 5386 5322
f 5402 5323 5327
f 5326 5402 5327
f 5326 5327 5321
f 5405 5400 5402
f 5405 5402 5326
f 5423 5419 5378
f 5406 5408 5409
f 5407 5410 5408
f 5225 5230 5231
f 5239 5242 5240
f 5242 5241 5240
f 5241 5197 5199
f 5241 5199 5193
f 5238 5241 5236
f 5240 5241 5238
f 5106 5239 5107
f 5234 5236 5235
f 5116 5115 5230
f 5115 5233 5230
f 5115 5108 5237
f 5214 5125 5227
f 5233 5237 5238
f 5229 5231 5232
f 5186 5229 5232
f 5235 5236 5193
f 5235 5193 5192
f 5232 5235 5192
f 5232 5192 5186
f 5230 5233 5234
f 5239 5238 5237
f 5231 5234 5235
f 5227 5125 5228
f 5416 5419 5420
f 5417 5416 5420
f 5417 5420 5421
f 5308 5417 5421
f 5308 5421 5299
f 5398 5409 5399
f 5422 5421 5420
f 5415 5416 5417
f 5107 5239 5237
f 5107 5237 5108
f 5196 5159 5188
f 5228 5125 5116
f 5228 5116 5230
f 5225 5228 5230
f 5229 5225 5231
f 5185 5226 5229
f 5185 5229 5186
f 5184 5223 5226
f 5184 5226 5185
f 5230 5234 5231
f 5214 5126 5125
f 5118 5113 5119
f 5144 5084 5092
f 5112 5115 5114
f 5114 5115 5116
f 5111 5114 5117
f 5113 5111 5117
f 5104 5110 5118
f 5101 5099 5109
f 5100 5101 5110
f 5119 5120 5122
f 5120 5121 5123
f 9319 9320 5084
f 9319 5084 5144
f 9321 9319 5142
f 9321 5142 9322
f 5118 5119 5124
f 5110 5111 5113
f 5117 5114 5121
f 5109 5108 5115
f 5109 5115 5112
f 5121 5125 5123
f 5123 5125 5126
f 5120 5123 5127
f 5122 5120 5127
f 5118 5110 5113
f 9323 5148 9324
f 5138 5139 5140
f 5141 9325 9326
f 5141 9326 5142
f 9327 5143 9328
f 5143 9327 9325
f 5143 9325 5141
f 9329 5134 5131
f 9329 5131 9330
f 9329 9330 5129
f 9320 9277 5084
f 9322 5142 9331
f 9332 5131 9333
f 9332 9333 5136
f 9332 5136 5122
f 5122 5136 5124
f 5144 5092 5095
f 9334 9335 5146
f 9334 5146 5147
f 9323 9334 5147
f 9323 5147 5148
f 5128 5129 5130
f 9313 5132 9336
f 9313 9336 5130
f 9313 5130 5137
f 9337 9328 5143
f 9337 5143 5146
f 5094 5093 5139
f 5138 5094 5139
f 5104 5100 5110
f 5110 5101 5111
f 5101 5109 5112
f 5101 5112 5111
f 9326 9331 5142
f 5111 5112 5114
f 5095 5092 5094
f 9278 9338 5083
f 5102 5103 5100
f 5103 5097 5100
f 5105 5098 5097
f 5098 5106 5107
f 5098 5107 5099
f 5084 5083 5091
f 5099 5108 5109
f 5092 5093 5094
f 5100 5097 5101
f 5097 5099 5101
f 5102 5100 5104
f 5103 5105 5097
f 5119 5117 5120
f 5117 5121 5120
f 5113 5117 5119
f 5114 5116 5121
f 5121 5116 5125
f 5194 5188 5187
f 9339 9340 5090
f 9338 9339 5090
f 9338 5090 5083
f 5091 5092 5084
f 5124 5119 5122
f 5092 5091 5093
f 5090 5091 5083
f 5090 5096 5091
f 5097 5098 5099
f 5171 5173 5176
f 5172 5141 5170
f 5183 5150 5148
f 5170 5142 5173
f 9341 9319 5144
f 9341 5173 5142
f 9341 5142 9319
f 5178 5147 5179
f 5179 5147 5146
f 5179 5146 5181
f 5181 5146 5143
f 5176 5173 5174
f 5182 5181 5172
f 5171 5170 5173
f 5180 5181 5182
f 9342 9324 5148
f 9342 5148 5151
f 5152 5151 5153
f 5177 5183 5178
f 5151 5155 5153
f 5183 5148 5178
f 5178 5148 5147
f 9343 5152 9344
f 9345 9342 5151
f 9345 5151 5152
f 9341 5144 9346
f 5173 9341 9346
f 5173 9346 5174
f 5157 5154 5191
f 5191 5150 5183
f 5190 5191 5183
f 5168 5169 5170
f 5168 5170 5171
f 5169 5172 5170
f 5172 5143 5141
f 5193 5190 5192
f 5170 5141 5142
f 5195 5167 5166
f 5195 5166 5196
f 5151 5150 5154
f 9347 9346 5144
f 9347 5144 5095
f 9347 5174 9346
f 9348 9347 5095
f 9348 5095 5138
f 9348 5174 9347
f 5175 9349 9348
f 5175 9348 5138
f 9349 5174 9348
f 5194 5196 5188
f 9317 9349 5175
f 9317 5176 5174
f 9317 5174 9349
f 9350 5162 5164
f 5177 5178 5179
f 5177 5179 5180
f 5180 5179 5181
f 5161 5165 5163
f 5160 5167 5165
f 5155 5159 5160
f 5129 5122 5127
f 9351 5132 5133
f 9351 5133 9352
f 9353 5133 5134
f 9353 5134 9329
f 9353 9329 5129
f 9352 5133 9353
f 9352 9353 5129
f 9352 5129 5128
f 5162 5161 5163
f 9333 5131 5135
f 9333 5135 9354
f 9333 9354 5136
f 5161 5160 5165
f 5153 5155 5160
f 5130 5127 5123
f 5126 5130 5123
f 5137 5130 5126
f 9336 5132 9351
f 9336 9351 5128
f 9336 5128 5130
f 5160 5166 5167
f 5095 5094 5138
f 9330 5131 9332
f 5129 9330 9332
f 5129 9332 5122
f 5130 5129 5127
f 9355 9344 5152
f 9355 5152 5156
f 5154 5157 5155
f 5181 5143 5172
f 5155 5158 5159
f 9337 5146 9335
f 5148 5150 5151
f 5153 5160 5161
f 5156 5153 5161
f 5155 5157 5158
f 9355 5156 9356
f 5151 5154 5155
f 5162 5163 5164
f 5152 5153 5156
f 9343 9345 5152
f 9357 9356 5156
f 5156 5161 5162
f 5160 5159 5166
f 5426 5431 5428
f 5430 5426 5428
f 5424 5425 5426
f 5429 5424 5430
f 5425 5431 5429
f 5425 5431 5426
f 5430 5424 5427
f 5424 5426 5427
f 5428 5429 5430
f 5431 5429 5428
f 5424 5425 5429
f 5430 5427 5426
o Niva_body_rebuilt_110
usemtl body
f 5432 5433 5434
f 5435 5436 5437
f 5435 5437 5438
f 5433 5432 5439
f 5436 5435 5440
f 5438 5432 5434
f 5438 5434 5435
f 5432 5438 5441
f 5432 5441 5439
f 5437 5441 5438
f 5440 5442 5443
f 5440 5443 5436
f 5434 5433 5443
f 5434 5443 5442
f 5439 5441 5437
f 5439 5437 5433
f 5435 5434 5442
f 5435 5442 5440
f 5433 5437 5436
f 5436 5443 5433
f 9358 5454 9359
f 5444 9358 9359
f 5444 9359 5445
f 5446 5445 5447
f 9360 5452 9361
f 5445 9360 9361
f 5445 9361 5448
f 9360 9359 5454
f 9360 5454 5452
f 9360 5445 9359
f 9362 9361 5452
f 9362 5451 5448
f 9362 5448 9361
f 5448 5450 5447
f 5449 5448 5451
f 9363 9364 5459
f 9363 5456 5458
f 9363 5458 9364
f 9365 9363 5459
f 9365 5459 5460
f 9365 5456 9363
f 9366 5461 5462
f 9366 5462 9367
f 9366 9367 5457
f 5454 9358 9368
f 5454 9368 5455
f 9358 5444 9368
f 9369 9362 5452
f 9369 5452 5453
f 9369 5451 9362
f 5449 5450 5448
f 5447 5445 5448
f 5463 5446 5447
f 5463 5447 5457
f 5449 5458 5456
f 5449 5456 5450
f 5456 5447 5450
f 9366 9370 5460
f 9366 5460 5461
f 9366 5457 9370
f 9370 9365 5460
f 9370 5457 5456
f 9370 5456 9365
f 9367 5462 9371
f 9367 9371 5463
f 9367 5463 5457
f 5447 5456 5457
f 5444 5445 5446
f 5478 5480 5481
f 5483 5484 5485
f 5469 5472 5470
f 5469 5470 5471
f 5466 5467 5468
f 5473 5474 5475
f 5479 5484 5487
f 5485 5484 5479
f 5474 5468 5477
f 5468 5475 5477
f 5483 5485 5486
f 5475 5474 5477
f 5478 5479 5480
f 5479 5487 5480
f 5482 5468 5474
f 5493 5494 5495
f 5465 5491 5492
f 5493 5495 5496
f 5488 5489 5490
f 5475 5467 5476
f 5475 5468 5467
f 5465 5464 5491
f 5481 5480 5476
f 5495 5473 5487
f 5495 5487 5484
f 5495 5484 5496
f 5489 5474 5490
f 5467 5481 5476
f 5473 5475 5476
f 5476 5487 5473
f 5465 5467 5466
f 5499 5493 5496
f 5482 5474 5489
f 5499 5500 5493
f 5495 5490 5473
f 5498 5495 5494
f 5481 5465 5470
f 5476 5480 5487
f 5482 5489 5497
f 5470 5478 5481
f 5486 5479 5478
f 5486 5485 5479
f 5501 5489 5488
f 5501 5497 5489
f 5470 5492 5471
f 5470 5465 5492
f 5499 5484 5483
f 5499 5496 5484
f 5490 5474 5473
f 5488 5490 5498
f 5478 5472 5486
f 5470 5472 5478
f 5498 5490 5495
f 5481 5467 5465
f 5464 5466 5468
f 5464 5465 5466
f 5524 5529 5516
f 5531 5509 5523
f 5520 5525 5527
f 5510 5506 5530
f 5534 5535 5531
f 5520 5512 5534
f 5510 5525 5511
f 5510 5530 5524
f 5523 5520 5534
f 5531 5521 5509
f 5506 5503 5502
f 5528 5524 5530
f 5504 5519 5505
f 5505 5523 5522
f 5503 5511 5504
f 5512 5513 5514
f 5512 5514 5515
f 5516 5517 5518
f 5519 5504 5511
f 5519 5511 5520
f 5507 5509 5521
f 5522 5523 5509
f 5524 5516 5518
f 5524 5518 5525
f 5517 5513 5526
f 5526 5512 5527
f 5522 5502 5505
f 5528 5529 5524
f 5506 5509 5507
f 5503 5510 5511
f 5526 5518 5517
f 5529 5528 5533
f 5532 5513 5529
f 5532 5529 5533
f 5518 5526 5527
f 5506 5502 5509
f 5514 5513 5532
f 5518 5527 5525
f 5520 5523 5519
f 5526 5513 5512
f 5505 5519 5523
f 5517 5516 5529
f 5517 5529 5513
f 5527 5512 5520
f 5509 5502 5522
f 5506 5510 5503
f 5506 5507 5508
f 5502 5503 5504
f 5510 5524 5525
f 5502 5504 5505
f 5520 5511 5525
f 5534 5531 5523
f 5540 5541 5538
f 5543 5538 5541
f 5536 5539 5542
f 5540 5541 5542
f 5536 5537 5538
f 5541 5544 5542
f 5541 5543 5544
f 5539 5544 5542
f 5537 5539 5544
f 5543 5537 5544
f 5536 5539 5537
f 5537 5538 5543
f 5538 5542 5536
f 5538 5540 5542
f 5547 5546 5548
f 5545 5546 5547
f 5545 5546 5552
f 5546 5551 5552
f 5548 5547 5550
f 5547 5549 5550
f 5552 5547 5549
f 5552 5545 5547
f 5546 5550 5548
f 5551 5550 5546
f 5549 5550 5551
f 5549 5551 5552
f 5553 5554 5555
f 5553 5555 5556
f 5557 5564 5554
f 5557 5561 5564
f 5561 5555 5564
f 5554 5564 5555
f 5560 5563 5562
f 5560 5556 5563
f 5557 5558 5559
f 5556 5560 5553
f 5561 5559 5555
f 5559 5562 5563
f 5559 5561 5557
f 5558 5557 5554
f 5553 5562 5558
f 5559 5558 5562
f 5558 5554 5553
f 5553 5560 5562
f 5556 5555 5559
f 5559 5563 5556
f 5596 5588 5574
f 5590 5574 5577
f 5572 5571 5593
f 5583 5586 5595
f 5602 5591 5598
f 5602 5589 5591
f 5584 5579 5582
f 5572 5593 5567
f 5596 5586 5588
f 5568 5575 5580
f 5580 5575 5581
f 5595 5600 5583
f 5596 5595 5586
f 5596 5574 5590
f 5584 5582 5585
f 5582 5588 5586
f 5579 5581 5582
f 5583 5584 5585
f 5583 5585 5586
f 5569 5578 5576
f 5577 5578 5569
f 5577 5569 5587
f 5576 5578 5577
f 5575 5588 5581
f 5574 5588 5575
f 5580 5567 5568
f 5580 5572 5567
f 5599 5597 5590
f 5597 5596 5590
f 5579 5580 5581
f 5567 5566 5568
f 5565 5566 5567
f 5594 5595 5596
f 5594 5596 5597
f 5589 5599 5590
f 5587 5591 5577
f 5579 5584 5573
f 5572 5579 5573
f 5572 5580 5579
f 5587 5598 5591
f 5585 5582 5586
f 5582 5581 5588
f 5567 5593 5592
f 5567 5592 5565
f 5589 5590 5591
f 5576 5568 5569
f 5576 5575 5568
f 5591 5590 5577
f 5600 5595 5594
f 5600 5594 5601
f 5574 5576 5577
f 5574 5575 5576
f 5570 5572 5573
f 5570 5571 5572
f 5565 5569 5566
f 5566 5569 5568
f 5627 5614 5617
f 5622 5621 5611
f 5629 5630 5625
f 5627 5620 5619
f 5620 5631 5618
f 5633 5634 5631
f 5625 5634 5629
f 5604 5611 5621
f 5633 5631 5617
f 5616 5633 5617
f 5607 5606 5613
f 5622 5626 5612
f 5635 5632 5636
f 5611 5635 5622
f 5613 5625 5630
f 5635 5611 5632
f 5613 5612 5626
f 5614 5615 5616
f 5618 5619 5620
f 5614 5616 5617
f 5621 5612 5605
f 5609 5623 5611
f 5624 5610 5611
f 5621 5622 5612
f 5604 5624 5611
f 5620 5627 5617
f 5627 5628 5614
f 5624 5604 5603
f 5611 5623 5632
f 5618 5631 5625
f 5605 5604 5621
f 5625 5626 5619
f 5625 5619 5618
f 5603 5604 5605
f 5603 5605 5606
f 5607 5608 5609
f 5607 5609 5610
f 5610 5609 5611
f 5606 5605 5612
f 5606 5612 5613
f 5622 5628 5626
f 5613 5626 5625
f 5619 5626 5628
f 5622 5635 5614
f 5619 5628 5627
f 5613 5630 5607
f 5620 5617 5631
f 5625 5631 5634
f 5607 5610 5603
f 5628 5622 5614
f 5610 5624 5603
f 5607 5603 5606
f 5637 5645 5643
f 5638 5640 5639
f 5637 5641 5638
f 5640 5642 5638
f 5644 5639 5640
f 5644 5643 5639
f 5642 5643 5644
f 5642 5645 5643
f 5639 5637 5643
f 5644 5642 5640
f 5641 5638 5642
f 5637 5638 5639
f 5637 5645 5642
f 5641 5637 5642
f 5646 5651 5647
f 5650 5647 5651
f 5648 5646 5651
f 5648 5651 5653
f 5647 5649 5650
f 5649 5652 5650
f 5651 5653 5652
f 5650 5651 5652
f 5646 5647 5648
f 5647 5649 5648
f 5648 5649 5652
f 5648 5652 5653
f 5857 5856 5841
f 9372 5806 5805
f 9372 5805 9373
f 9372 9373 5831
f 5838 5840 5811
f 5811 5840 5810
f 5838 5811 5841
f 5830 5840 5838
f 5828 5838 5839
f 9374 5815 9375
f 5816 9374 9375
f 5816 9375 5854
f 5809 5806 5829
f 5767 5770 5859
f 5856 5838 5841
f 5856 5858 5838
f 5857 5841 5811
f 5856 5826 5827
f 5827 5858 5856
f 5851 5850 5802
f 5852 5842 5787
f 5856 5857 5826
f 9376 9377 5809
f 9376 5809 5829
f 9376 5854 9377
f 9378 5829 9379
f 5855 9378 9379
f 5855 9379 5828
f 9378 9376 5829
f 9378 5855 5854
f 9378 5854 9376
f 9375 5815 5809
f 9375 5809 9377
f 9375 9377 5854
f 5816 5854 5855
f 9380 5813 5815
f 9380 5815 9374
f 5813 5814 5815
f 5828 9379 9381
f 5828 9381 5830
f 5821 5863 5822
f 5776 9382 9383
f 5776 9383 5853
f 9382 5860 9383
f 5857 5868 5836
f 5867 5783 5782
f 5867 5850 5783
f 5804 5866 5803
f 5804 5867 5866
f 5802 5867 5804
f 5835 5861 5864
f 5863 5833 5822
f 5786 5789 5863
f 5866 5782 5784
f 5866 5867 5782
f 5818 5827 5817
f 5821 5865 5863
f 5787 5865 5852
f 5830 5838 5828
f 5837 5820 5774
f 5781 5780 5843
f 9384 5766 9385
f 9384 9385 5772
f 9384 5772 5769
f 5843 5707 5737
f 5843 5780 5707
f 5842 5801 5785
f 5842 5802 5801
f 5827 5818 5858
f 5778 5836 5784
f 5844 5791 5807
f 5807 5814 5845
f 5845 5813 5846
f 5772 5666 5660
f 5772 5660 5773
f 5795 5788 5785
f 5792 5794 5788
f 5792 5793 5794
f 5790 5775 5791
f 5785 5788 5786
f 5786 5788 5789
f 5778 5826 5836
f 5791 5847 5765
f 5782 5783 5778
f 5778 5780 5781
f 5778 5779 5780
f 5775 5776 5777
f 5663 5773 5660
f 5663 5774 5773
f 5769 5832 5833
f 9381 5829 9386
f 9381 9386 5831
f 9381 5831 5830
f 5783 5837 5774
f 5779 5778 5774
f 5774 5778 5783
f 5845 5814 5813
f 5826 5778 5781
f 5823 5824 5825
f 5821 5822 5774
f 5820 5821 5774
f 5769 5772 5832
f 5660 5662 5663
f 5816 5818 5817
f 5706 5780 5779
f 5706 5707 5780
f 9387 5813 9380
f 9387 9380 5816
f 9387 5816 5817
f 5814 5809 5815
f 5814 5807 5809
f 5787 5786 5865
f 5844 5807 5845
f 9388 5813 9387
f 9388 9387 5817
f 9388 5817 5823
f 5813 9389 9390
f 5813 9390 5846
f 9389 5825 9390
f 9385 5766 5848
f 9385 5848 9391
f 9385 9391 5772
f 5843 5737 5824
f 5663 5744 5849
f 5663 5849 5774
f 5787 5842 5785
f 5806 9372 9386
f 5806 9386 5829
f 9372 5831 9386
f 5847 5848 5766
f 5791 5765 5790
f 5718 5671 5717
f 5736 5734 5676
f 5719 5720 5721
f 5708 5705 5718
f 5728 5662 5729
f 5724 5723 5713
f 5724 5662 5661
f 5724 5713 5662
f 5670 5727 5717
f 5670 5675 5727
f 5706 5709 5710
f 5702 5705 5708
f 5678 5677 5725
f 5736 5676 5678
f 5718 5705 5671
f 5659 5723 5724
f 5659 5664 5723
f 5673 5706 5710
f 5803 5866 5868
f 5857 5836 5826
f 5851 5820 5837
f 5851 5852 5820
f 5869 5818 5816
f 5869 5858 5818
f 5839 5855 5828
f 5839 5869 5855
f 5710 5849 5743
f 5660 5661 5662
f 9392 5657 9393
f 9392 9393 5658
f 9392 5658 5659
f 9393 5657 9394
f 9393 9394 5656
f 9393 5656 5658
f 5654 9395 9394
f 5654 9394 5657
f 9395 5656 9394
f 9395 5654 5655
f 9395 5655 9396
f 5676 5677 5678
f 5674 5670 5662
f 5674 5675 5670
f 5670 5672 5673
f 5670 5671 5672
f 5667 5668 5669
f 5739 5740 5704
f 5816 5855 5869
f 5710 5819 5849
f 5787 5872 5871
f 5787 5842 5872
f 5871 5795 5785
f 5659 5658 5664
f 5682 5678 5726
f 5678 5725 5726
f 5871 5785 5786
f 5734 5736 5692
f 5870 5678 5681
f 5870 5736 5678
f 5777 5796 5806
f 5838 5869 5839
f 5838 5858 5869
f 5798 5797 5794
f 5774 5849 5819
f 5774 5819 5779
f 5853 9397 9398
f 5853 9398 5796
f 9397 5797 9398
f 9397 5853 9383
f 9397 9383 5860
f 9397 5860 5797
f 9399 5768 9400
f 9399 9400 5767
f 9399 5767 5860
f 5817 5781 5843
f 9389 5813 9388
f 9389 9388 5823
f 9389 5823 5825
f 5808 5777 5806
f 5809 5808 5806
f 5790 5765 5768
f 5777 5853 5796
f 5777 5776 5853
f 5851 5802 5842
f 5802 5850 5867
f 5786 5863 5865
f 5852 5851 5842
f 5837 5850 5851
f 5837 5783 5850
f 5843 5824 5823
f 5773 5832 5772
f 5817 5843 5823
f 5835 5864 5834
f 5868 5784 5836
f 5868 5866 5784
f 5812 5857 5811
f 5812 5868 5857
f 5803 5868 5812
f 5770 5771 5861
f 5767 5859 5860
f 9382 5776 5768
f 9382 5768 9399
f 9382 9399 5860
f 5864 5771 5833
f 5864 5861 5771
f 5834 5863 5789
f 5834 5864 5863
f 5847 5766 5765
f 5862 5835 5797
f 5797 5835 5794
f 5863 5864 5833
f 5859 5835 5862
f 5859 5861 5835
f 5860 5862 5797
f 5860 5859 5862
f 5770 5861 5859
f 5852 5821 5820
f 5852 5865 5821
f 5790 5768 5776
f 5752 5733 5751
f 5732 5733 5731
f 5730 5732 5731
f 5720 5730 5731
f 5720 5719 5730
f 5703 9401 9402
f 5703 9402 5696
f 9401 5750 9402
f 9403 9401 5703
f 9403 5702 5750
f 9403 5750 9401
f 5658 5755 5756
f 5656 5755 5658
f 5656 5754 5755
f 5751 5732 5753
f 5751 5733 5732
f 5733 5699 5731
f 5668 5693 5748
f 5745 5692 5746
f 5718 5751 5753
f 5751 5717 5752
f 5751 5718 5717
f 9402 9404 5722
f 9402 5722 5696
f 9402 5750 9404
f 9405 5722 9404
f 5749 9405 9404
f 5749 9404 5750
f 9405 9406 5722
f 9405 5749 5719
f 9405 5719 9406
f 9406 9407 5722
f 9406 5719 5721
f 9406 5721 9407
f 9408 5684 5693
f 9408 5693 9409
f 9408 9409 5685
f 9409 5693 5694
f 9409 5694 9410
f 9409 9410 5685
f 5712 5758 5760
f 5752 5717 5727
f 5762 5728 5746
f 5762 5674 5728
f 5690 5761 5762
f 5725 5677 5758
f 5726 5759 5756
f 5692 5690 5762
f 5676 5758 5677
f 5676 5760 5758
f 5761 5674 5762
f 5761 5675 5674
f 5681 5678 5682
f 5673 5662 5670
f 5729 5662 5711
f 5724 5661 5665
f 9392 9411 5657
f 9392 5659 5665
f 9392 5665 9411
f 5716 5707 5672
f 5716 5737 5707
f 5692 5736 5691
f 5734 5692 5735
f 5752 5699 5733
f 5718 5753 5708
f 5731 5699 5698
f 9412 5701 9413
f 9412 9413 5715
f 9412 5715 5714
f 5741 5657 5742
f 5741 5654 5657
f 5706 5672 5707
f 9414 5701 9415
f 9414 9415 5705
f 9414 5705 5702
f 5704 5696 5695
f 5704 5703 5696
f 5701 5703 5704
f 5701 9414 9403
f 5701 9403 5703
f 5738 5739 5704
f 5671 5716 5672
f 9415 5701 9412
f 9415 9412 5714
f 9415 5714 5705
f 5681 5682 5683
f 9413 5701 5740
f 9413 5740 9416
f 9413 9416 5715
f 5663 5662 5744
f 5662 5743 5744
f 5659 5724 5665
f 5693 5722 5694
f 5722 9407 9417
f 5722 9417 5694
f 9407 5721 9417
f 5679 5654 5741
f 5680 5679 5741
f 5680 5738 5695
f 5738 5704 5695
f 5704 5740 5701
f 5688 5689 5690
f 5679 5680 5667
f 5698 5689 5688
f 5698 5699 5689
f 5680 5695 5667
f 5695 5697 5667
f 5695 5696 5697
f 5667 5669 5679
f 5665 5660 5666
f 5665 5661 5660
f 5691 5690 5692
f 5688 5690 5691
f 5832 5774 5822
f 9418 5684 9419
f 9418 9419 5686
f 9418 5686 5687
f 9419 5684 9408
f 9419 9408 5685
f 9419 5685 5686
f 5871 5786 5787
f 5667 5697 5668
f 5699 5700 5689
f 5717 5671 5670
f 5672 5706 5673
f 5714 5715 5716
f 5712 5662 5713
f 5711 5662 5712
f 5796 9420 9421
f 5796 9421 5805
f 9420 5799 9421
f 5700 5752 5763
f 9422 5796 9398
f 9422 9398 5797
f 9422 5797 5798
f 5795 5792 5788
f 5775 5777 5808
f 5811 5803 5812
f 5810 5803 5811
f 5810 5800 5803
f 5791 5775 5807
f 5807 5808 5809
f 5785 5786 5787
f 5782 5778 5784
f 5796 5805 5806
f 5763 5727 5675
f 5803 5802 5804
f 5800 5802 5803
f 5800 5801 5802
f 9420 5796 9422
f 9420 9422 5798
f 9420 5798 5799
f 5754 5687 5757
f 5658 5756 5664
f 5734 5747 5760
f 5669 9423 9424
f 5669 9424 5655
f 9423 5754 9424
f 9423 5669 5748
f 9423 5748 9425
f 9423 9425 5754
f 5759 5664 5756
f 5759 5723 5664
f 5725 5758 5759
f 5747 5712 5760
f 5832 5822 5833
f 5832 5773 5774
f 5819 5709 5706
f 5779 5819 5706
f 5794 5835 5788
f 5788 5835 5834
f 5788 5834 5789
f 5827 5781 5817
f 5827 5826 5781
f 5769 5833 5771
f 5700 5699 5752
f 5689 5763 5761
f 5689 5700 5763
f 5747 5711 5712
f 5745 5711 5747
f 5745 5729 5711
f 5764 5708 5753
f 5764 5702 5708
f 5807 5775 5808
f 5775 5790 5776
f 5732 5764 5753
f 5732 5730 5764
f 5702 5764 5749
f 5763 5675 5761
f 5748 5693 5684
f 9426 5766 9384
f 9426 9384 5769
f 9426 5769 5770
f 9427 5766 9426
f 9427 9426 5770
f 9427 5770 5767
f 5769 5771 5770
f 9396 5655 9424
f 9396 9424 5754
f 9396 5754 5656
f 9425 5748 5684
f 9425 5684 9428
f 9425 9428 5754
f 5754 5757 5755
f 5755 5757 5726
f 5755 5726 5756
f 5765 9429 9400
f 5765 9400 5768
f 5668 5748 5669
f 5690 5689 5761
f 5692 5762 5746
f 5745 5735 5692
f 5747 5735 5745
f 5747 5734 5735
f 5729 5746 5728
f 5729 5745 5746
f 5662 5710 5743
f 5696 5693 5697
f 5697 5693 5668
f 5696 5722 5693
f 5702 5749 5750
f 5705 5714 5716
f 5705 5716 5671
f 9428 5684 9418
f 5754 9428 9418
f 5754 9418 5687
f 5662 5673 5710
f 5752 5727 5763
f 5687 5686 5757
f 5757 5686 5682
f 5757 5682 5726
f 5730 5719 5749
f 5730 5749 5764
f 5679 5655 5654
f 9429 5765 5766
f 9429 5766 9427
f 9429 9427 5767
f 5734 5760 5676
f 5758 5723 5759
f 5726 5725 5759
f 5662 5728 5674
f 5679 5669 5655
f 5758 5713 5723
f 5657 9411 9430
f 5657 9430 5742
f 9411 5665 9430
f 5712 5713 5758
f 5849 5744 5743
f 5819 5710 5709
f 5882 5883 5880
f 5874 5880 5879
f 5874 5873 5880
f 5877 5879 5880
f 5877 5878 5879
f 5873 5874 5875
f 5873 5875 5876
f 5882 5880 5873
f 5877 5880 5883
f 5873 5876 5881
f 5873 5881 5882
f 5877 5883 5884
f 5895 5893 5888
f 5889 5888 5887
f 5885 5886 5887
f 5889 5890 5888
f 5890 5892 5896
f 5890 5896 5895
f 5890 5889 5891
f 5890 5891 5892
f 5885 5887 5888
f 5895 5888 5890
f 5885 5888 5893
f 5885 5893 5894
f 5906 5904 5897
f 5901 5904 5907
f 5901 5907 5908
f 5906 5907 5904
f 5897 5905 5906
f 5897 5900 5905
f 5898 5904 5903
f 5898 5897 5904
f 5901 5903 5904
f 5897 5898 5899
f 5901 5902 5903
f 5897 5899 5900
f 5913 5914 5915
f 5918 5916 5909
f 5909 5917 5918
f 5909 5912 5917
f 5913 5915 5916
f 5913 5919 5920
f 5909 5911 5912
f 5909 5910 5911
f 5913 5916 5919
f 5918 5919 5916
f 5910 5916 5915
f 5910 5909 5916
f 5922 5928 5927
f 5921 5923 5924
f 5922 5921 5928
f 5925 5927 5928
f 5921 5924 5929
f 5925 5926 5927
f 5921 5929 5930
f 5925 5931 5932
f 5925 5928 5931
f 5921 5922 5923
f 5930 5931 5928
f 5930 5928 5921
o Niva_body_rebuilt_11
usemtl body
f 5933 5934 5935
f 5933 5935 5936
f 5937 5938 5939
f 5937 5939 5940
f 5936 5935 5941
f 5936 5941 5942
f 5943 5944 5945
f 9431 9432 5947
f 9431 5947 5948
f 9431 5946 9432
f 9431 5948 9433
f 5946 9431 9433
f 5946 9433 5949
f 5950 5946 5949
f 5950 5949 5951
f 9434 9433 5948
f 9434 5948 5972
f 9434 5949 9433
f 9434 5972 9435
f 5949 9434 9435
f 5949 9435 5973
f 5964 5959 5974
f 5964 5974 5968
f 9436 5962 9437
f 9436 9437 5961
f 9436 5961 5969
f 5962 9436 9438
f 5962 9438 5975
f 9436 5969 9438
f 5951 5949 5973
f 5951 5973 5976
f 5939 5944 5943
f 5945 5951 5976
f 5945 5976 5977
f 5939 5938 5950
f 5942 5938 5937
f 5939 5950 5944
f 5944 5951 5945
f 5942 5941 5938
f 5944 5950 5951
f 5968 5974 5985
f 9439 5984 9440
f 5973 9439 9440
f 5973 9440 5980
f 9439 9435 5972
f 9439 5972 5984
f 9439 5973 9435
f 5968 5985 5986
f 5979 5959 5971
f 5952 5940 5939
f 5952 5939 5953
f 9441 5954 9442
f 9441 9442 5955
f 9441 5955 5956
f 5954 9441 9443
f 5954 9443 5957
f 9441 5956 9443
f 5958 5952 5953
f 5955 5958 5953
f 5955 5953 5956
f 5943 5945 5959
f 9444 9437 5962
f 9444 5960 5961
f 9444 5961 9437
f 9445 9444 5962
f 9445 5962 5963
f 9445 5960 9444
f 5943 5959 5964
f 5943 5964 5965
f 5965 5964 5961
f 5965 5961 5960
f 9446 9447 5966
f 9446 5966 5947
f 9446 5934 9447
f 9446 5947 9432
f 5934 9446 9432
f 5934 9432 5946
f 5953 5965 5960
f 5953 5960 5956
f 5953 5943 5965
f 5976 5980 5981
f 5977 5976 5981
f 5977 5981 5982
f 5978 5977 5982
f 5978 5982 5983
f 9448 5975 9438
f 9448 9438 5969
f 9448 5969 5988
f 5976 5973 5980
f 5979 5974 5959
f 5969 5986 5988
f 5975 9448 9449
f 5975 9449 5989
f 9448 5988 9449
f 5977 5970 5945
f 5977 5978 5970
f 5974 5987 5985
f 5974 5979 5987
f 5969 5968 5986
f 9450 9445 5963
f 9450 5956 5960
f 9450 5960 9445
f 5941 5935 5946
f 9443 9450 5963
f 9443 5963 5957
f 9443 5956 9450
f 5939 5943 5953
f 5941 5946 5950
f 9451 5967 9452
f 9451 9452 5934
f 9451 5934 5933
f 5961 5964 5968
f 5961 5968 5969
f 5945 5970 5971
f 5959 5945 5971
f 5938 5941 5950
f 5935 5934 5946
f 9452 5967 5966
f 9452 5966 9447
f 9452 9447 5934
f 6004 5991 6005
f 6005 5991 5990
f 6004 5992 5991
f 6006 6002 6005
f 6002 6004 6005
f 6008 6006 6007
f 6006 6005 6007
f 5994 5996 5990
f 5990 5991 5992
f 5990 5992 5994
f 5996 5997 5990
f 5994 5995 5996
f 5992 5993 5994
f 6002 6003 6004
f 5998 6000 6001
f 5998 5999 6000
f 6008 6017 6018
f 6008 6014 6017
f 6015 6001 6016
f 6015 5998 6001
f 5999 6021 6000
f 5999 6003 6021
f 6003 6020 6021
f 6003 6002 6020
f 6006 6018 6019
f 6006 6008 6018
f 6014 6016 6017
f 6014 6015 6016
f 6003 6013 6004
f 5998 6015 6010
f 6002 6019 6020
f 6002 6006 6019
f 5999 6012 6013
f 6003 5999 6013
f 5999 5998 6012
f 6008 6007 6009
f 5998 6010 6011
f 5998 6011 6012
f 6013 5993 5992
f 6005 5990 6007
f 6013 5992 6004
f 6009 5996 6010
f 6010 5996 5995
f 6010 5995 6011
f 6011 5995 5994
f 6011 5994 6012
f 6012 5994 5993
f 6012 5993 6013
f 6017 6021 6016
f 6016 6021 6001
f 6000 6001 6021
f 6015 6009 6010
f 6015 6014 6009
f 6018 6019 6017
f 6019 6020 6017
f 6009 5997 5996
f 6007 5997 6009
f 6007 5990 5997
f 6014 6008 6009
f 6020 6021 6017
f 6023 6026 6028
f 6024 6025 6029
f 6024 6029 6027
f 6022 6023 6028
f 6022 6024 6025
f 6026 6028 6029
f 6023 6027 6024
f 6023 6026 6027
f 6022 6025 6029
f 6022 6023 6024
f 6028 6022 6029
f 6026 6029 6027
f 6038 6030 6041
f 6033 6036 6040
f 6034 6030 6032
f 6030 6039 6031
f 6030 6038 6039
f 6038 6041 6042
f 6036 6042 6040
f 6036 6038 6042
f 6042 6044 6043
f 6036 6035 6037
f 6038 6037 6039
f 6038 6036 6037
f 6030 6031 6032
f 6033 6034 6032
f 6033 6032 6035
f 6036 6033 6035
f 6030 6034 6041
f 6042 6041 6044
f 6033 6043 6044
f 6033 6040 6043
f 6034 6033 6044
f 6041 6034 6044
f 6040 6042 6043
f 6037 6039 6035
f 6039 6031 6035
f 6031 6032 6035
f 6050 6046 6049
f 6046 6047 6049
f 6054 6049 6047
f 6057 6059 6058
f 6053 6045 6047
f 6045 6051 6046
f 6051 6050 6046
f 6053 6047 6054
f 6057 6056 6059
f 6045 6046 6047
f 6048 6049 6050
f 6051 6052 6050
f 6051 6045 6055
f 6056 6052 6059
f 6052 6051 6059
f 6055 6057 6058
f 6048 6054 6049
f 6048 6053 6054
f 6052 6048 6050
f 6051 6055 6058
f 6045 6057 6055
f 6045 6053 6057
f 6053 6056 6057
f 6053 6048 6056
f 6048 6052 6056
f 6051 6058 6059
f 6070 6072 6073
f 6067 6069 6065
f 6069 6061 6065
f 6061 6062 6065
f 6068 6071 6072
f 6064 6063 6074
f 6063 6070 6073
f 6060 6064 6071
f 6066 6072 6070
f 6063 6073 6074
f 6060 6068 6069
f 6063 6062 6065
f 6060 6061 6062
f 6068 6060 6071
f 6066 6068 6072
f 6071 6064 6074
f 6060 6069 6061
f 6066 6063 6065
f 6066 6065 6067
f 6068 6066 6067
f 6068 6067 6069
f 6063 6066 6070
f 6064 6060 6062
f 6072 6074 6073
f 6072 6071 6074
f 6063 6064 6062
f 6084 6083 6082
f 6084 6082 6075
f 6078 6081 6080
f 6075 6076 6077
f 6077 6076 6078
f 6082 6081 6075
f 6077 6078 6079
f 6079 6083 6084
f 6079 6078 6080
f 6075 6081 6076
f 6078 6076 6081
f 6079 6080 6083
f 6080 6082 6083
f 6080 6081 6082
f 6075 6077 6079
f 6079 6084 6075
f 6085 6086 6087
f 6093 6087 6090
f 6096 6090 6086
f 6088 6091 6094
f 6092 6094 6095
f 6088 6094 6089
f 6088 6085 6091
f 6090 6089 6092
f 6090 6087 6086
f 6090 6092 6093
f 6093 6095 6087
f 6088 6089 6090
f 6096 6086 6085
f 6096 6085 6088
f 6085 6087 6091
f 6091 6087 6095
f 6091 6095 6094
f 6096 6088 6090
f 6092 6095 6093
f 6092 6089 6094
f 6103 6097 6100
f 6101 6106 6107
f 6098 6101 6108
f 6097 6099 6100
f 6098 6104 6105
f 6097 6104 6098
f 6101 6107 6102
f 6109 6099 6098
f 6100 6099 6109
f 6104 6106 6105
f 6097 6098 6099
f 6105 6106 6101
f 6109 6098 6108
f 6097 6107 6104
f 6104 6107 6106
f 6101 6103 6109
f 6103 6102 6097
f 6101 6109 6108
f 6097 6102 6107
f 6103 6100 6109
f 6098 6105 6101
f 6101 6102 6103
f 6120 6121 6115
f 6116 6115 6117
f 6122 6110 6113
f 6122 6113 6118
f 6114 6115 6116
f 6124 6120 6119
f 6110 6111 6112
f 6110 6112 6113
f 6125 6123 6121
f 6125 6121 6120
f 6123 6117 6121
f 6124 6125 6120
f 6117 6115 6121
f 6118 6115 6114
f 6118 6120 6115
f 6113 6119 6118
f 6112 6111 6119
f 6114 6116 6117
f 6113 6112 6119
f 6118 6119 6120
f 6122 6125 6110
f 6123 6114 6117
f 6111 6124 6119
f 6110 6124 6111
f 6110 6125 6124
f 6122 6123 6125
f 6122 6118 6114
f 6114 6123 6122
f 6132 6134 6137
f 6126 6127 6128
f 6135 6136 6127
f 6127 6130 6129
f 6135 6127 6126
f 6126 6128 6132
f 6132 6128 6134
f 6129 6130 6128
f 6127 6129 6128
f 6139 6132 6137
f 6135 6126 6131
f 6137 6134 6138
f 6138 6134 6133
f 6135 6131 6130
f 6130 6138 6133
f 6141 6138 6130
f 6135 6130 6136
f 6130 6133 6140
f 6136 6130 6127
f 6140 6133 6128
f 6132 6139 6138
f 6131 6132 6141
f 6130 6140 6128
f 6139 6137 6138
f 6131 6126 6132
f 6128 6133 6134
f 6131 6141 6130
f 6132 6138 6141
f 6143 6146 6144
f 6147 6144 6146
f 6142 6147 6148
f 6142 6148 6149
f 6143 6145 6146
f 6145 6148 6146
f 6142 6143 6144
f 6147 6146 6148
f 6142 6144 6147
f 6145 6151 6149
f 6151 6142 6149
f 6151 6150 6142
f 6150 6143 6142
f 6145 6149 6148
f 6145 6143 6150
f 6150 6151 6145
f 6152 6154 6155
f 6156 6157 6158
f 6152 6153 6154
f 6162 6163 6152
f 6158 6162 6152
f 6159 6158 6152
f 6159 6152 6156
f 6160 6157 6155
f 6160 6155 6154
f 6156 6158 6159
f 6157 6156 6155
f 6160 6154 6161
f 6157 6162 6158
f 6157 6160 6162
f 6153 6161 6154
f 6152 6163 6153
f 6155 6156 6152
f 6162 6160 6161
f 6162 6161 6163
f 6163 6161 6153
f 6167 6166 6171
f 6174 6166 6165
f 6173 6175 6172
f 6164 6170 6176
f 6164 6176 6173
f 6164 6165 6166
f 6167 6168 6169
f 6168 6170 6169
f 6167 6164 6166
f 6172 6171 6174
f 6171 6166 6174
f 6169 6170 6167
f 6172 6175 6168
f 6173 6177 6174
f 6173 6172 6177
f 6170 6164 6167
f 6176 6170 6168
f 6173 6176 6168
f 6173 6168 6175
f 6172 6174 6177
f 6168 6171 6172
f 6168 6167 6171
f 6164 6173 6174
f 6164 6174 6165
f 9453 9454 6189
f 9453 6189 6190
f 9453 6187 9454
f 9455 9456 6178
f 9455 6187 6179
f 9455 6179 9456
f 9455 6178 9457
f 6187 9455 9457
f 6187 9457 6188
f 9453 6190 9458
f 6187 9453 9458
f 6187 9458 6179
f 9459 9460 6184
f 9461 6183 6186
f 9461 6186 9462
f 9459 9461 9462
f 9459 9462 9460
f 9459 6184 9463
f 9464 6183 9461
f 9465 9466 6181
f 9465 9464 9461
f 9465 9461 9459
f 9465 9459 9463
f 9465 9463 9466
f 9464 9467 6182
f 9464 6182 6183
f 9468 9465 6181
f 9468 6181 9467
f 9468 9464 9465
f 9469 6178 9456
f 9469 9456 6179
f 9469 6179 6180
f 9470 9471 6178
f 9470 6178 6200
f 9470 6199 9471
f 9471 9457 6178
f 9471 6199 6188
f 9471 6188 9457
f 6185 6194 6193
f 6178 9469 9472
f 6178 9472 6191
f 9469 6180 9472
f 6179 6185 6180
f 6198 6181 6196
f 9473 9474 6184
f 9473 6184 6197
f 9475 9473 6196
f 9475 6196 9476
f 9475 9476 9474
f 6193 6195 6198
f 6198 6195 6181
f 6193 6194 6195
f 6184 9460 9477
f 6184 9477 6192
f 9462 6186 9478
f 9460 9462 9478
f 9460 9478 9477
f 6180 6185 6193
f 9474 9463 6184
f 9476 6196 6181
f 9476 6181 9466
f 9474 9476 9466
f 9474 9466 9463
f 6268 6269 6270
f 9479 6255 9480
f 9479 9480 6273
f 9479 6273 6272
f 6268 6266 6269
f 6276 6282 6264
f 6276 6281 6282
f 6260 6259 6258
f 6278 6266 6265
f 9481 6252 6253
f 9481 6253 9482
f 9481 9482 6254
f 6252 9481 9483
f 6252 9483 6255
f 9481 6254 9483
f 6256 6257 6258
f 6256 6258 6259
f 6265 6266 6267
f 6262 6263 6264
f 6261 9484 9485
f 6261 9485 6262
f 9484 6260 9485
f 9486 9484 6261
f 9486 6259 6260
f 9486 6260 9484
f 6270 6271 6253
f 6270 6253 6252
f 6272 6273 6257
f 6270 6269 6271
f 6264 6274 6275
f 6264 6275 6262
f 6267 6266 6268
f 6276 6277 6278
f 9480 6255 9483
f 9480 9483 6254
f 9480 6254 6273
f 6283 6285 6286
f 6282 6267 6264
f 6274 6264 6267
f 6281 6265 6282
f 6282 6265 6267
f 6276 6287 6280
f 6281 6278 6265
f 6287 6285 6284
f 6268 6275 6274
f 6264 6263 6276
f 6276 6278 6281
f 6274 6267 6268
f 6268 6270 6275
f 6283 6284 6285
f 6276 6280 6277
f 6270 6279 6275
f 6272 6257 6256
f 6279 6262 6275
f 6279 6261 6262
f 6287 6284 6280
f 6316 6310 6298
f 6299 6312 6300
f 6304 6311 6310
f 9487 6288 6289
f 9487 6289 9488
f 9487 9488 6290
f 6308 6295 6309
f 6288 9487 9489
f 6288 9489 6291
f 9487 6290 9489
f 9490 6296 6298
f 9490 6298 9491
f 9490 9491 6297
f 9492 6296 9490
f 6293 9492 9490
f 6293 9490 6297
f 6301 6302 6303
f 6305 6291 6307
f 6304 6306 6303
f 6305 6288 6291
f 6292 6294 6295
f 6298 6299 6300
f 6299 6310 6311
f 6299 6298 6310
f 6304 6305 6306
f 6305 6307 6306
f 6292 6293 6294
f 6312 6314 6317
f 6316 6298 6296
f 6318 6315 6319
f 6312 6322 6313
f 6312 6321 6322
f 6312 6299 6321
f 6311 6302 6299
f 6305 6310 6316
f 9493 6289 9494
f 9493 9494 6308
f 9493 6308 6309
f 6312 6313 6314
f 6322 6301 6313
f 6313 6301 6303
f 6312 6317 6323
f 6322 6321 6301
f 6321 6302 6301
f 6308 6292 6295
f 6297 6294 6293
f 6318 6319 6320
f 6323 6320 6319
f 6321 6299 6302
f 6311 6304 6302
f 6323 6317 6320
f 6304 6310 6305
f 9488 6289 9493
f 9488 9493 6309
f 9488 6309 6290
f 6302 6304 6303
f 9495 9496 6536
f 9495 6536 6496
f 6560 6516 6515
f 9497 6528 9498
f 6559 9497 9498
f 6559 9498 6527
f 9499 6530 9500
f 6462 6557 6558
f 6326 6556 6324
f 6502 6506 6510
f 6551 6429 6552
f 6551 6425 6429
f 6483 6561 6504
f 6540 6478 6477
f 6519 6525 6532
f 6561 6507 6504
f 6561 6562 6507
f 6560 6521 6519
f 9501 6536 9496
f 9502 9500 6530
f 9503 6534 9504
f 9504 6534 6492
f 9504 6492 9505
f 6548 6540 6541
f 6470 9506 9507
f 6470 9507 6474
f 9506 6473 9507
f 6469 6471 6472
f 6469 6470 6471
f 6493 6494 6495
f 6488 6487 6464
f 6480 9508 9505
f 6480 9505 6492
f 9508 6480 9509
f 6475 6549 6530
f 6468 6539 6466
f 6552 6428 6553
f 9510 6441 9511
f 9511 6441 6534
f 9511 6534 9503
f 6564 6557 6465
f 6500 6563 6498
f 6463 6563 6500
f 6463 6555 6563
f 6493 6556 6494
f 6462 6555 6463
f 6500 6498 6497
f 6425 6485 6440
f 6485 6492 6534
f 6485 6484 6492
f 6479 6493 6477
f 6468 6538 6539
f 9497 9512 6461
f 9497 6461 6528
f 9497 6559 9512
f 6519 6513 6516
f 6517 6515 6514
f 6517 6518 6515
f 9513 9498 6528
f 9513 6528 6526
f 9513 6527 9498
f 9514 6526 9515
f 6524 9514 9515
f 6524 9515 6525
f 6524 6519 6521
f 6524 6525 6519
f 6519 6532 6523
f 6545 6478 6540
f 6495 6548 6493
f 6499 6500 6554
f 6560 6519 6516
f 6522 6513 6519
f 6463 6499 6469
f 6465 6464 6487
f 6447 6451 6453
f 6409 6365 6430
f 6409 6363 6365
f 6375 6355 6376
f 6375 6456 6355
f 6415 6337 6419
f 6506 6507 6508
f 6506 6504 6507
f 9513 6526 9514
f 6527 9513 9514
f 6527 9514 6524
f 6526 6528 6529
f 9499 9509 6480
f 9499 6480 6530
f 6368 6455 6456
f 6508 6512 6509
f 6513 6507 6516
f 6400 6454 6422
f 6447 6453 6446
f 9516 6488 9517
f 6486 9516 9517
f 6486 9517 6489
f 6475 6480 6481
f 6477 6478 6479
f 9507 6473 6476
f 9507 6476 9518
f 6473 6475 6476
f 6470 6474 6471
f 6529 6461 6460
f 6529 6528 6461
f 6434 6433 6447
f 6522 6519 6523
f 9495 6496 9519
f 6539 6496 6498
f 6542 6478 6545
f 6477 6493 6541
f 6541 6493 6548
f 6518 6388 6387
f 6548 6546 6540
f 6547 6546 6548
f 6544 6546 6547
f 9520 9521 6538
f 9520 6538 6468
f 6480 6501 6481
f 6545 6467 6466
f 6475 6530 6480
f 6560 6520 6521
f 6497 6496 6536
f 6484 6504 6501
f 6484 6483 6504
f 6513 6508 6507
f 6520 6390 6521
f 6520 6387 6390
f 6518 6387 6520
f 6469 6505 6463
f 6367 6346 6368
f 6367 6347 6346
f 6457 6419 6339
f 6368 6456 6375
f 6536 6500 6497
f 6573 6572 6571
f 6572 6570 6571
f 6542 6545 6466
f 6577 6545 6544
f 6553 6517 6514
f 6502 6504 6506
f 6502 6510 6503
f 6483 6482 6551
f 6561 6553 6562
f 6561 6552 6553
f 6565 6567 6566
f 6503 6576 6476
f 6509 6512 6486
f 6543 6568 6569
f 6536 6554 6500
f 6510 6489 6575
f 6510 6509 6489
f 6539 6538 6496
f 6498 6563 6539
f 9501 9522 6554
f 9501 6554 6536
f 9502 6530 9523
f 6557 6566 6567
f 9524 6496 6538
f 9524 6538 9521
f 6563 6568 6543
f 6555 6568 6563
f 6563 6543 6539
f 6570 6568 6571
f 6570 6569 6568
f 6334 6357 6335
f 6330 6331 6332
f 6327 6328 6329
f 9525 9526 6356
f 9525 6356 6357
f 9525 6354 9526
f 9526 9527 6356
f 9526 6354 6355
f 9526 6355 9527
f 6351 6352 6353
f 6324 6325 6326
f 6345 9528 9529
f 6345 9529 6346
f 9530 6343 6344
f 9530 6344 9528
f 9530 9528 6345
f 6343 6342 6344
f 6366 6368 6369
f 6366 6367 6368
f 6336 6364 6365
f 6336 6340 6364
f 6509 6486 6489
f 6391 6392 6385
f 6373 6376 6379
f 6338 6411 6412
f 6338 6337 6411
f 6361 6362 6363
f 6358 6359 6360
f 6356 6335 6357
f 6358 6360 6432
f 9531 6401 9532
f 9532 6401 6408
f 9532 6408 9533
f 6564 6566 6557
f 6564 6565 6566
f 6557 6462 6465
f 6526 6529 6531
f 6481 6476 6475
f 6481 6503 6476
f 6440 6534 6441
f 6440 6485 6534
f 6503 6510 6575
f 6530 6549 6574
f 6567 6573 6571
f 6428 6439 6517
f 6522 6511 6513
f 6562 6516 6507
f 6515 6518 6520
f 9534 6531 9535
f 6525 9534 9535
f 6525 9535 6532
f 9534 9515 6526
f 9534 6526 6531
f 9534 6525 9515
f 9522 9536 6554
f 9537 9523 6530
f 9537 6530 6574
f 9537 6574 9536
f 6544 6545 6546
f 6542 6539 6543
f 6542 6466 6539
f 6540 6477 6541
f 6558 6555 6462
f 6483 6552 6561
f 6483 6551 6552
f 6428 6517 6553
f 6425 6482 6485
f 6439 6518 6517
f 6439 6388 6518
f 6515 6520 6560
f 6552 6429 6428
f 6577 6467 6545
f 9520 6468 9538
f 6557 6567 6558
f 6567 6555 6558
f 6567 6568 6555
f 9519 6496 9524
f 6324 6479 6570
f 6325 6570 6572
f 6482 6425 6551
f 6501 6492 6484
f 6501 6480 6492
f 6545 6540 6546
f 6556 6479 6324
f 6556 6493 6479
f 6395 6398 6397
f 6503 6575 6576
f 6463 6505 6488
f 6463 6488 6464
f 6478 6542 6569
f 6567 6565 6573
f 6479 6569 6570
f 6479 6478 6569
f 6562 6514 6516
f 6553 6514 6562
f 6325 6324 6570
f 6568 6567 6571
f 6543 6569 6542
f 9539 9540 6361
f 9539 6361 6409
f 6382 6386 6384
f 6382 6436 6386
f 6436 6389 6386
f 6369 6372 6370
f 6369 6375 6372
f 6415 6411 6337
f 6377 6378 6373
f 6372 6376 6373
f 6372 6375 6376
f 6372 6374 6370
f 6372 6373 6374
f 6439 6383 6384
f 9540 9541 6361
f 6370 6366 6369
f 6386 6389 6390
f 6384 6387 6388
f 6384 6386 6387
f 6385 6381 6378
f 6383 6382 6384
f 6417 6420 6418
f 6417 6418 6419
f 6400 6367 6401
f 9542 9543 6402
f 9542 6402 6395
f 9542 6394 9543
f 6331 6450 6332
f 6331 6452 6450
f 6444 6434 6445
f 6434 6334 6333
f 6419 6418 6413
f 9531 9544 6400
f 9531 6400 6401
f 6364 6430 6365
f 6352 6405 6408
f 6405 9545 9533
f 6405 9533 6408
f 9545 6405 9546
f 9547 6400 9544
f 6432 6349 6358
f 9543 9548 6402
f 9543 6394 6403
f 9543 6403 9548
f 6330 6332 6432
f 6369 6368 6375
f 6437 6427 6426
f 6437 6438 6427
f 6440 6405 6352
f 6440 6441 6405
f 6353 6426 6424
f 6428 6427 6383
f 6439 6384 6388
f 6333 6334 6335
f 6386 6390 6387
f 6398 6328 6397
f 6398 6329 6328
f 6383 6380 6382
f 9549 9550 6395
f 9549 6396 6393
f 9549 6393 9550
f 9550 9542 6395
f 9550 6393 6394
f 9550 6394 9542
f 6378 6374 6373
f 6340 6342 6343
f 6340 6341 6342
f 6337 6338 6339
f 6333 6335 6336
f 6378 6381 6374
f 6395 6402 6398
f 6415 6416 6411
f 6413 6348 6350
f 6413 6414 6348
f 9539 6409 9551
f 9552 6400 9547
f 6348 6414 6358
f 6414 6421 6358
f 6421 6413 6418
f 6421 6414 6413
f 6420 6421 6418
f 6333 6433 6434
f 6432 6332 6349
f 6333 6336 6431
f 6419 6413 6350
f 6359 6358 6421
f 6340 6371 6341
f 6340 6336 6371
f 6349 6348 6358
f 6436 6381 6385
f 6436 6382 6381
f 9553 9554 6397
f 9553 6397 6328
f 9553 6435 9554
f 9554 9555 6397
f 9554 6435 6396
f 9554 6396 9555
f 6336 6443 6431
f 9556 9557 6338
f 9556 6338 6412
f 6401 6367 6366
f 6380 6381 6382
f 6377 6373 6379
f 6393 6385 6394
f 6393 6389 6385
f 6391 6385 6378
f 6348 6349 6350
f 6345 6346 6347
f 9555 9549 6395
f 9555 6395 6397
f 9555 6396 9549
f 6350 6449 6415
f 6511 6512 6508
f 6506 6509 6510
f 6506 6508 6509
f 9516 9558 6487
f 9516 6487 6488
f 9516 6486 9558
f 6482 6484 6485
f 6416 6415 6449
f 6424 6429 6425
f 6424 6426 6429
f 6353 6370 6437
f 6385 6403 6394
f 6385 6392 6403
f 6336 6335 6356
f 6511 6508 6513
f 6436 6385 6389
f 6391 6378 6377
f 6438 6381 6380
f 6438 6374 6381
f 6427 6380 6383
f 6427 6438 6380
f 6448 6451 6447
f 6416 6449 6448
f 9559 9551 6409
f 9559 6409 6430
f 9560 6400 9552
f 6361 9561 9556
f 6361 9556 6412
f 6443 6416 6448
f 6444 6445 6446
f 6365 6362 6443
f 6336 6365 6443
f 6433 6333 6431
f 6365 6363 6362
f 6368 6346 6455
f 6376 6354 6379
f 6425 6440 6352
f 6447 6433 6431
f 9561 6361 9541
f 6411 6361 6412
f 6362 6411 6443
f 6349 6450 6449
f 9557 9562 6338
f 6434 6447 6445
f 6482 6483 6484
f 6469 6472 6505
f 6504 6502 6501
f 6501 6503 6481
f 6501 6502 6503
f 6463 6500 6499
f 6425 6352 6351
f 6496 6497 6498
f 6514 6515 6516
f 6411 6362 6361
f 6415 6419 6350
f 6332 6450 6349
f 6426 6428 6429
f 6426 6427 6428
f 6351 6424 6425
f 6366 6408 6401
f 6366 6352 6408
f 6349 6449 6350
f 6447 6431 6448
f 6443 6411 6416
f 6352 6366 6370
f 6441 9563 9546
f 6441 9546 6405
f 9563 6441 9510
f 6444 6334 6434
f 6453 6451 6452
f 6452 6451 6450
f 6450 6448 6449
f 6450 6451 6448
f 6336 6356 6371
f 6462 6463 6464
f 6376 6355 6354
f 6437 6370 6374
f 6437 6374 6438
f 6466 6467 6468
f 6446 6445 6447
f 6462 6464 6465
f 6459 6460 6461
f 6431 6443 6448
f 6457 6417 6419
f 6353 6424 6351
f 6353 6437 6426
f 6428 6383 6439
f 6352 6370 6353
f 6363 6409 6361
f 6347 6367 6400
f 6347 6400 6422
f 6419 6337 6339
f 9559 6430 9564
f 6400 9560 9565
f 6400 9565 9564
f 6400 9564 6454
f 6598 6591 6592
f 9566 6613 6614
f 9566 6614 9567
f 9566 9567 6611
f 9568 9569 6616
f 9568 6612 6618
f 9568 6618 9569
f 6616 6615 6613
f 9570 6599 9571
f 6598 6599 6591
f 6601 6617 6620
f 6601 6602 6617
f 6618 6612 6610
f 9572 9573 6602
f 9572 6602 6597
f 9573 9574 6602
f 9575 9576 6593
f 9575 6593 6595
f 9575 6592 9576
f 9577 9578 6596
f 9577 6596 6586
f 9579 9580 9578
f 9581 9572 6597
f 9571 6599 6598
f 9571 6598 9582
f 9578 9583 6595
f 9578 6595 6596
f 9578 9580 9584
f 9578 9584 9583
f 9575 6595 9585
f 6592 9575 9585
f 6592 9585 6598
f 6591 6599 6600
f 6591 6600 6589
f 6589 6600 6601
f 9585 6595 9583
f 9582 6598 9585
f 9582 9585 9583
f 9582 9583 9584
f 6601 6600 6597
f 6601 6597 6602
f 6595 6593 6596
f 6588 6590 6591
f 6594 6596 6593
f 6593 9586 9587
f 6593 9587 6594
f 9586 6590 9587
f 9586 6593 9576
f 9586 9576 6592
f 9586 6592 6590
f 6590 6592 6591
f 6588 6591 6589
f 6587 6588 6589
f 9577 6586 9588
f 9589 6602 9574
f 9590 9591 6615
f 9590 6615 6616
f 9590 9592 9593
f 9590 9593 9591
f 9591 9594 6608
f 9591 6608 6615
f 9595 9591 9593
f 9596 6613 9566
f 9596 9566 6611
f 9596 6611 6612
f 6611 6610 6612
f 6587 6610 6611
f 6587 6609 6610
f 6587 6589 6609
f 6620 9597 9598
f 6620 9598 6619
f 9597 6620 6617
f 9597 6617 9599
f 6619 9600 9601
f 6619 9601 6618
f 9569 9590 6616
f 9569 6618 9601
f 9569 9601 9592
f 9569 9592 9590
f 9602 6608 9594
f 9589 9603 6617
f 9589 6617 6602
f 9599 6617 9603
f 6600 9604 9581
f 6600 9581 6597
f 9596 9568 6616
f 9596 6616 6613
f 9596 6612 9568
f 6614 6613 6615
f 9600 6619 9598
f 6618 6610 6619
f 6610 6609 6620
f 6610 6620 6619
f 6589 6601 6620
f 6589 6620 6609
f 9604 6600 6599
f 9604 6599 9570
f 6626 6627 6628
f 6626 6629 6624
f 6624 6631 6625
f 6624 6630 6631
f 6626 6624 6623
f 6625 6631 6639
f 6626 6623 6627
f 6625 6632 6622
f 6622 6623 6624
f 6629 6630 6624
f 6622 6624 6625
f 6621 6628 6627
f 6641 6642 6643
f 6635 6636 6637
f 6633 6640 6638
f 6633 6632 6640
f 6632 6639 6640
f 6635 6638 6636
f 6635 6633 6638
f 6634 6643 6645
f 6634 6641 6643
f 6644 6635 6637
f 6632 6625 6639
f 6642 6637 6643
f 6642 6644 6637
f 6633 6622 6632
f 6648 6662 6660
f 6658 6666 6667
f 6656 6648 6660
f 6648 6657 6662
f 6657 6658 6661
f 6658 6667 6661
f 6663 6664 6665
f 6657 6661 6662
f 6669 6663 6665
f 6666 6668 6667
f 6664 6659 6670
f 6669 6665 6668
f 6666 6669 6668
f 6664 6670 6665
f 6646 6653 6652
f 6651 6653 6650
f 6651 6650 6649
f 6651 6649 6654
f 6649 6648 6656
f 6648 6647 6657
f 6649 6656 6655
f 6647 6648 6649
f 6647 6649 6650
f 6654 6649 6655
f 6658 6657 6647
f 6651 6652 6653
f 6718 6713 6684
f 6709 6714 6715
f 6717 6686 6688
f 6710 6709 6712
f 6709 6715 6712
f 6722 6717 6688
f 6721 6690 6692
f 6733 6705 6706
f 6705 6707 6706
f 6705 6704 6707
f 6714 6716 6715
f 6714 6713 6716
f 6732 6734 6701
f 6703 6710 6711
f 6733 6700 6702
f 6718 6684 6686
f 6716 6719 6685
f 6716 6685 6683
f 6719 6720 6687
f 6719 6687 6685
f 6721 6722 6690
f 6714 6680 6682
f 6712 6715 6681
f 6712 6681 6679
f 6715 6716 6683
f 6715 6683 6681
f 6717 6718 6686
f 6725 6694 6696
f 6726 6721 6692
f 6703 6711 6708
f 6704 6703 6708
f 6704 6708 6707
f 6713 6682 6684
f 6714 6709 6680
f 6682 6683 6684
f 6686 6685 6687
f 6686 6687 6688
f 6688 6687 6689
f 6688 6689 6690
f 6690 6689 6691
f 6674 6675 6676
f 6729 6698 6700
f 6730 6725 6696
f 6678 6677 6679
f 6678 6679 6680
f 6680 6679 6681
f 6680 6681 6682
f 6682 6681 6683
f 6671 6672 6673
f 6684 6683 6685
f 6684 6685 6686
f 6710 6676 6678
f 6708 6711 6677
f 6708 6677 6675
f 6711 6712 6679
f 6711 6679 6677
f 6713 6714 6682
f 6676 6675 6677
f 6676 6677 6678
f 6704 6671 6674
f 6706 6707 6673
f 6706 6673 6672
f 6707 6708 6675
f 6707 6675 6673
f 6709 6710 6678
f 6671 6673 6674
f 6674 6673 6675
f 6698 6699 6700
f 6700 6699 6701
f 6700 6701 6702
f 6702 6701 6672
f 6702 6672 6671
f 6703 6704 6674
f 6690 6691 6692
f 6692 6691 6693
f 6692 6693 6694
f 6694 6693 6695
f 6694 6695 6696
f 6696 6695 6697
f 6709 6678 6680
f 6710 6703 6676
f 6726 6692 6694
f 6724 6727 6693
f 6724 6693 6691
f 6727 6728 6695
f 6727 6695 6693
f 6729 6730 6698
f 6703 6674 6676
f 6704 6705 6671
f 6722 6688 6690
f 6720 6723 6689
f 6720 6689 6687
f 6723 6724 6691
f 6723 6691 6689
f 6725 6726 6694
f 6696 6697 6698
f 6698 6697 6699
f 6722 6724 6723
f 6717 6722 6723
f 6717 6723 6720
f 6729 6734 6732
f 6730 6729 6732
f 6730 6732 6731
f 6726 6725 6728
f 6726 6728 6727
f 6721 6726 6727
f 6710 6712 6711
f 6722 6721 6724
f 6725 6730 6731
f 6725 6731 6728
f 6732 6701 6699
f 6734 6706 6672
f 6734 6672 6701
f 6718 6717 6720
f 6718 6720 6719
f 6713 6718 6719
f 6730 6696 6698
f 6728 6731 6697
f 6728 6697 6695
f 6731 6732 6699
f 6731 6699 6697
f 6705 6733 6702
f 6705 6702 6671
f 6733 6729 6700
f 6713 6719 6716
f 6729 6733 6734
f 6721 6727 6724
f 6733 6706 6734
o Niva_trim_rebuilt_19
usemtl trim
f 6769 6770 6767
f 6768 6771 6769
f 6762 6763 6760
f 6761 6764 6762
f 6763 6764 6761
f 6762 6765 6763
f 6764 6765 6762
f 6763 6766 6764
f 6739 6742 6736
f 6741 6743 6739
f 6766 6767 6764
f 6765 6768 6766
f 6767 6768 6765
f 6766 6769 6767
f 6766 6768 6769
f 6767 6770 6768
f 6745 6746 6743
f 6744 6747 6745
f 6737 6740 6738
f 6736 6740 6737
f 6738 6740 6739
f 6740 6741 6739
f 6736 6742 6740
f 6739 6743 6742
f 6749 6750 6747
f 6748 6751 6749
f 6740 6744 6741
f 6742 6744 6740
f 6741 6745 6743
f 6744 6745 6741
f 6742 6746 6744
f 6743 6746 6742
f 6798 6802 6800
f 6802 6803 6800
f 6792 6795 6794
f 6794 6796 6793
f 6794 6797 6796
f 6795 6797 6794
f 6793 6796 6795
f 6796 6798 6795
f 6773 6774 6771
f 6772 6775 6773
f 6798 6800 6797
f 6796 6801 6798
f 6799 6801 6796
f 6797 6800 6799
f 6801 6802 6798
f 6799 6800 6801
f 6775 6777 6778
f 6776 6779 6777
f 6770 6771 6768
f 6769 6772 6770
f 6769 6771 6772
f 6770 6773 6771
f 6772 6773 6770
f 6771 6774 6772
f 6779 6782 6781
f 6780 6783 6782
f 6772 6774 6775
f 6773 6776 6774
f 6775 6776 6773
f 6774 6777 6775
f 6776 6777 6774
f 6775 6778 6776
f 6816 6817 6814
f 6818 6819 6816
f 6811 6812 6808
f 6808 6812 6810
f 6810 6811 6809
f 6812 6813 6810
f 6811 6814 6812
f 6810 6813 6811
f 6788 6791 6790
f 6789 6791 6788
f 6813 6814 6811
f 6815 6816 6813
f 6814 6817 6815
f 6813 6816 6814
f 6817 6818 6815
f 6815 6818 6816
f 6790 6793 6792
f 6793 6795 6792
f 6784 6788 6783
f 6786 6788 6784
f 6785 6787 6786
f 6787 6789 6786
f 6786 6789 6788
f 6788 6790 6787
f 6795 6798 6797
f 6797 6799 6796
f 6787 6790 6789
f 6790 6792 6789
f 6789 6792 6791
f 6791 6793 6790
f 6791 6794 6793
f 6792 6794 6791
f 6831 6835 6833
f 6834 6835 6831
f 6827 6828 6824
f 6824 6828 6826
f 6827 6829 6828
f 6825 6830 6827
f 6826 6830 6825
f 6828 6830 6826
f 6804 6807 6805
f 6803 6807 6804
f 6827 6832 6829
f 6830 6832 6827
f 6831 6833 6830
f 6829 6834 6831
f 6832 6834 6829
f 6830 6833 6832
f 6809 6811 6807
f 6806 6810 6809
f 6801 6804 6802
f 6800 6804 6801
f 6804 6805 6802
f 6800 6803 6804
f 6802 6805 6803
f 6805 6806 6803
f 6814 6815 6812
f 6812 6815 6813
f 6807 6808 6805
f 6803 6806 6807
f 6805 6808 6806
f 6806 6809 6807
f 6808 6810 6806
f 6807 6811 6808
f 6848 6850 6846
f 6849 6850 6848
f 6841 6844 6842
f 6843 6844 6841
f 6842 6843 6840
f 6842 6845 6843
f 6844 6845 6842
f 6843 6846 6844
f 6821 6822 6819
f 6820 6823 6821
f 6843 6848 6846
f 6845 6848 6843
f 6847 6848 6845
f 6846 6849 6847
f 6847 6849 6848
f 6846 6850 6849
f 6825 6827 6823
f 6822 6826 6825
f 6817 6820 6818
f 6816 6819 6817
f 6820 6821 6818
f 6818 6821 6819
f 6819 6820 6817
f 6819 6822 6820
f 6828 6831 6830
f 6829 6831 6828
f 6823 6824 6821
f 6821 6824 6822
f 6820 6825 6823
f 6822 6825 6820
f 6824 6826 6822
f 6823 6827 6824
f 6735 6739 6736
f 6738 6739 6735
f 6836 6837 6834
f 6838 6839 6836
f 6735 6736 6737
f 6737 6738 6735
f 6840 6843 6841
f 6839 6842 6840
f 6833 6834 6832
f 6835 6836 6833
f 6834 6837 6835
f 6833 6836 6834
f 6835 6838 6836
f 6837 6838 6835
f 6844 6847 6845
f 6844 6846 6847
f 6837 6840 6838
f 6836 6839 6837
f 6838 6841 6839
f 6840 6841 6838
f 6839 6840 6837
f 6841 6842 6839
f 6783 6787 6785
f 6783 6788 6787
f 6778 6779 6776
f 6777 6780 6778
f 6779 6781 6777
f 6778 6782 6779
f 6780 6782 6778
f 6777 6781 6780
f 6757 6758 6755
f 6756 6759 6757
f 6781 6783 6780
f 6782 6784 6781
f 6783 6785 6782
f 6781 6784 6783
f 6782 6786 6784
f 6785 6786 6782
f 6761 6762 6759
f 6760 6763 6761
f 6754 6755 6752
f 6753 6756 6754
f 6755 6756 6753
f 6754 6757 6755
f 6756 6757 6754
f 6755 6758 6756
f 6765 6766 6763
f 6764 6767 6765
f 6758 6759 6756
f 6757 6760 6758
f 6759 6760 6757
f 6758 6761 6759
f 6760 6761 6758
f 6759 6762 6760
f 6747 6750 6748
f 6748 6749 6746
f 6746 6749 6747
f 6747 6748 6745
f 6745 6748 6746
f 6746 6747 6744
f 6752 6755 6753
f 6753 6754 6751
f 6751 6754 6752
f 6752 6753 6750
f 6750 6753 6751
f 6751 6752 6749
f 6749 6752 6750
f 6750 6751 6748
f 6949 6950 6952
f 6944 6942 6946
f 6854 6855 6856
f 6954 6952 6955
f 6943 6945 6948
f 6946 6943 6948
f 6947 6946 6949
f 6945 6947 6950
f 6948 6945 6950
f 6946 6948 6949
f 6925 6923 6927
f 6922 6925 6926
f 6949 6948 6950
f 6951 6949 6952
f 6950 6951 6953
f 6942 6941 6946
f 6951 6952 6954
f 6953 6951 6954
f 6960 6961 6963
f 6960 6963 6962
f 6953 6954 6956
f 6952 6953 6955
f 6954 6955 6957
f 6956 6954 6957
f 6955 6953 6956
f 6957 6955 6958
f 6964 6962 6966
f 6965 6964 6966
f 6957 6958 6960
f 6944 6946 6947
f 6931 6929 6932
f 6930 6931 6933
f 6929 6930 6932
f 6933 6931 6934
f 6931 6932 6934
f 6906 6908 6909
f 6909 6908 6911
f 6933 6934 6936
f 6932 6933 6935
f 6936 6934 6937
f 6934 6935 6937
f 6935 6933 6936
f 6935 6936 6938
f 6959 6957 6960
f 6945 6944 6947
f 6939 6937 6940
f 6937 6938 6940
f 6936 6939 6941
f 6938 6936 6941
f 6940 6938 6942
f 6939 6940 6943
f 6947 6949 6951
f 6950 6947 6951
f 6943 6940 6944
f 6940 6942 6944
f 6943 6944 6945
f 6941 6943 6946
f 6897 6896 6899
f 6891 6889 6892
f 6890 6891 6893
f 6892 6890 6893
f 6891 6892 6894
f 6899 6901 6903
f 6899 6903 6904
f 6894 6892 6895
f 6893 6894 6896
f 6895 6893 6897
f 6894 6895 6898
f 6896 6894 6898
f 6893 6896 6897
f 6904 6906 6907
f 6905 6904 6907
f 6889 6890 6892
f 6898 6897 6900
f 6899 6898 6901
f 6897 6899 6900
f 6898 6900 6902
f 6901 6898 6902
f 6877 6875 6878
f 6876 6877 6879
f 6900 6899 6904
f 6902 6900 6904
f 6901 6902 6903
f 6903 6902 6905
f 6902 6904 6905
f 6904 6903 6906
f 6955 6956 6958
f 6958 6956 6959
f 6958 6959 6961
f 6960 6958 6961
f 6959 6960 6962
f 6959 6962 6964
f 6961 6959 6964
f 6963 6961 6964
f 6962 6963 6965
f 6963 6964 6965
f 6962 6965 6966
f 6941 6939 6943
f 6938 6941 6942
f 6956 6957 6959
f 6952 6950 6953
f 6867 6865 6868
f 6866 6867 6869
f 6868 6866 6869
f 6867 6868 6870
f 6869 6867 6870
f 6868 6869 6871
f 6862 6860 6863
f 6861 6862 6864
f 6866 6864 6867
f 6865 6866 6868
f 6895 6897 6898
f 6896 6898 6899
f 6888 6891 6890
f 6877 6878 6880
f 6864 6865 6867
f 6856 6857 6860
f 6858 6856 6860
f 6881 6879 6882
f 6880 6881 6883
f 6874 6872 6875
f 6873 6874 6876
f 6875 6873 6876
f 6874 6875 6877
f 6876 6874 6877
f 6875 6876 6878
f 6885 6883 6886
f 6884 6885 6887
f 6878 6876 6879
f 6865 6863 6866
f 6879 6877 6880
f 6878 6879 6881
f 6880 6878 6881
f 6879 6880 6882
f 6873 6871 6874
f 6872 6873 6875
f 6882 6880 6883
f 6881 6882 6884
f 6883 6881 6884
f 6882 6883 6885
f 6882 6885 6884
f 6883 6884 6886
f 6854 6851 6855
f 6852 6854 6856
f 6856 6855 6857
f 6853 6856 6858
f 6855 6853 6858
f 6855 6858 6859
f 6857 6855 6859
f 6851 6852 6853
f 6852 6851 6854
f 6885 6888 6887
f 6886 6887 6889
f 6888 6886 6889
f 6887 6888 6890
f 6889 6887 6890
f 6888 6889 6891
f 6936 6937 6939
f 6853 6852 6856
f 6857 6859 6861
f 6860 6857 6861
f 6858 6860 6862
f 6859 6858 6862
f 6861 6859 6862
f 6860 6861 6863
f 6886 6884 6887
f 6885 6886 6888
f 6863 6861 6864
f 6862 6863 6865
f 6864 6862 6865
f 6863 6864 6866
f 6920 6921 6923
f 6916 6917 6920
f 6917 6918 6920
f 6892 6893 6895
f 6891 6894 6893
f 6915 6917 6916
f 6917 6914 6918
f 6913 6915 6916
f 6915 6912 6917
f 6912 6914 6917
f 6914 6913 6916
f 6919 6920 6923
f 6920 6918 6921
f 6912 6911 6914
f 6909 6911 6912
f 6851 6853 6855
f 6910 6912 6913
f 6910 6909 6912
f 6908 6910 6911
f 6918 6916 6919
f 6914 6916 6918
f 6908 6907 6910
f 6907 6909 6910
f 6923 6924 6927
f 6929 6927 6930
f 6937 6935 6938
f 6926 6927 6929
f 6927 6928 6930
f 6928 6926 6929
f 6926 6925 6927
f 6924 6926 6928
f 6927 6924 6928
f 6934 6932 6935
f 6932 6930 6933
f 6911 6910 6913
f 6924 6922 6926
f 6922 6923 6925
f 6921 6922 6924
f 6919 6923 6922
f 6923 6921 6924
f 6928 6929 6931
f 6930 6928 6931
f 6921 6919 6922
f 6918 6919 6921
f 6916 6920 6919
f 6870 6868 6871
f 6907 6906 6909
f 6905 6907 6908
f 6906 6905 6908
f 6903 6905 6906
f 6913 6912 6915
f 6911 6913 6914
f 6871 6872 6874
f 6872 6870 6873
f 6870 6871 6873
f 6871 6869 6872
f 6869 6870 6872
f 7004 7006 7007
f 7008 7009 7005
f 7008 7005 7004
f 7003 7002 7010
f 7003 7010 7011
f 7012 7013 7001
f 7011 7010 7009
f 7011 7009 7008
f 7011 7008 7004
f 7004 7007 7012
f 7000 7003 7011
f 7011 7004 7012
f 7000 7002 7003
f 7004 7005 7006
f 7010 7002 7001
f 7013 7006 7005
f 7005 7010 7001
f 7001 7013 7005
f 7015 7016 7017
f 7015 7017 7018
f 7012 7001 7000
f 7013 7014 7015
f 6971 6977 6967
f 6967 6979 6971
f 6978 6976 6974
f 6974 6973 6980
f 6970 6969 6978
f 6978 6974 6980
f 6980 6970 6978
f 6981 6983 6984
f 6981 6984 6985
f 6981 6985 6986
f 6973 6972 6983
f 6973 6983 6981
f 6979 6980 6982
f 6979 6982 6987
f 6980 6973 6981
f 6972 6979 6987
f 6972 6987 6983
f 6984 6988 6989
f 6984 6989 6990
f 6991 6990 6989
f 6991 6989 6992
f 6983 6987 6993
f 6983 6993 6984
f 6982 6981 6986
f 6987 6982 6986
f 6987 6986 6994
f 6987 6994 6993
f 6995 6996 6997
f 6995 6997 6998
f 6993 6996 6988
f 6993 6988 6984
f 6986 6985 6992
f 6967 6968 6969
f 6967 6969 6970
f 6971 6972 6973
f 6971 6973 6974
f 6975 6971 6974
f 6975 6974 6976
f 6968 6977 6978
f 6968 6978 6969
f 6986 6999 6997
f 6986 6992 6999
f 6986 6997 6994
f 6979 6972 6971
f 6994 6997 6996
f 7006 7018 7007
f 7012 7014 7013
f 7013 7015 7006
f 7005 7009 7010
f 7012 7000 7011
f 7007 7020 7012
f 7007 7018 7020
f 7016 7022 7021
f 7016 7021 7017
f 6992 7022 7016
f 6985 6990 6991
f 6985 6984 6990
f 6992 6985 6991
f 7022 6989 7021
f 7021 6989 6988
f 7021 6988 7017
f 7022 6992 6989
f 7018 6995 7020
f 7006 7015 7018
f 7012 7020 7014
f 7015 7019 7016
f 6971 6975 6977
f 6977 6976 6978
f 6977 6975 6976
f 6980 6981 6982
f 6979 6970 6980
f 6979 6967 6970
f 7020 7019 7014
f 7020 6998 7019
f 6994 6996 6993
f 7020 6995 6998
f 7019 6999 6992
f 7017 6996 6995
f 7019 6992 7016
f 7018 7017 6995
f 7014 7019 7015
f 6977 6968 6967
f 7017 6988 6996
f 6998 6997 6999
f 7000 7001 7002
f 6998 6999 7019
f 7042 7046 7043
f 7048 7050 7046
f 7046 7050 7049
f 7046 7049 7047
f 7037 7040 7036
f 7045 7048 7044
f 7044 7048 7046
f 7046 7047 7043
f 7043 7047 7045
f 7044 7046 7042
f 7049 7051 7048
f 7174 7173 7176
f 7170 7173 7174
f 7172 7171 7169
f 7055 7057 7056
f 7055 7056 7052
f 7174 7176 7172
f 7172 7175 7171
f 7172 7176 7175
f 7171 7175 7173
f 7054 7055 7053
f 7056 7060 7058
f 7058 7059 7057
f 7057 7059 7056
f 7056 7058 7054
f 7054 7058 7057
f 7054 7057 7055
f 7047 7049 7048
f 7047 7048 7045
f 7052 7056 7054
f 7170 7174 7172
f 7053 7055 7052
f 7052 7054 7050
f 7050 7054 7053
f 7050 7053 7051
f 7043 7045 7041
f 7041 7044 7040
f 7048 7052 7050
f 7050 7051 7049
f 7155 7159 7157
f 7161 7165 7162
f 7162 7164 7160
f 7160 7163 7159
f 7159 7163 7161
f 7161 7162 7158
f 7158 7162 7160
f 7157 7161 7158
f 7158 7160 7156
f 7156 7159 7155
f 7155 7157 7153
f 7157 7158 7154
f 7154 7158 7156
f 7145 7150 7149
f 7143 7149 7148
f 7153 7157 7154
f 7154 7156 7152
f 7152 7155 7151
f 7151 7155 7153
f 7156 7160 7159
f 7171 7173 7170
f 7160 7164 7163
f 7163 7165 7161
f 7170 7172 7168
f 7168 7172 7167
f 7167 7172 7169
f 7169 7171 7166
f 7166 7171 7170
f 7166 7170 7168
f 7051 7052 7048
f 7159 7161 7157
f 7102 7106 7103
f 7164 7168 7167
f 7164 7167 7163
f 7163 7167 7165
f 7165 7166 7162
f 7162 7166 7164
f 7152 7156 7155
f 7089 7093 7088
f 7095 7097 7093
f 7093 7097 7096
f 7101 7104 7100
f 7100 7104 7102
f 7099 7103 7101
f 7102 7103 7099
f 7100 7102 7098
f 7098 7102 7099
f 7091 7093 7089
f 7074 7078 7076
f 7097 7100 7096
f 7096 7100 7098
f 7095 7099 7097
f 7098 7099 7095
f 7096 7098 7094
f 7094 7098 7095
f 7118 7122 7119
f 7119 7121 7117
f 7069 7073 7071
f 7082 7087 7085
f 7025 7029 7026
f 7071 7075 7074
f 7072 7074 7076
f 7072 7076 7073
f 7073 7075 7071
f 7071 7074 7070
f 7070 7074 7072
f 7072 7073 7069
f 7093 7096 7092
f 7081 7084 7079
f 7099 7101 7097
f 7097 7101 7100
f 7105 7108 7104
f 7104 7108 7106
f 7103 7107 7105
f 7106 7107 7103
f 7104 7106 7102
f 7029 7034 7031
f 7034 7038 7035
f 7035 7037 7033
f 7024 7029 7025
f 7033 7037 7036
f 7032 7036 7034
f 7034 7035 7031
f 7031 7035 7033
f 7032 7034 7030
f 7030 7034 7029
f 7036 7038 7034
f 7028 7032 7027
f 7028 7033 7032
f 7027 7032 7030
f 7024 7030 7029
f 7029 7031 7028
f 7027 7030 7024
f 7026 7029 7028
f 7051 7053 7052
f 7039 7043 7041
f 7092 7096 7094
f 7091 7095 7093
f 7094 7095 7091
f 7092 7094 7090
f 7078 7083 7082
f 7033 7036 7032
f 7041 7045 7044
f 7040 7044 7042
f 7042 7043 7039
f 7166 7168 7164
f 7040 7042 7038
f 7038 7042 7039
f 7039 7041 7037
f 7031 7033 7028
f 7037 7041 7040
f 7036 7040 7038
f 7038 7039 7035
f 7035 7039 7037
f 7026 7028 7023
f 7108 7109 7110
f 7110 7111 7107
f 7105 7109 7108
f 7108 7110 7106
f 7068 7069 7064
f 7064 7069 7067
f 7023 7024 7025
f 7025 7026 7023
f 7023 7027 7024
f 7023 7028 7027
f 7107 7111 7109
f 7079 7083 7078
f 7063 7065 7064
f 7063 7064 7060
f 7067 7071 7070
f 7068 7070 7072
f 7068 7072 7069
f 7069 7071 7067
f 7067 7070 7066
f 7066 7070 7068
f 7076 7077 7073
f 7106 7110 7107
f 7117 7121 7120
f 7120 7122 7118
f 7110 7114 7111
f 7111 7113 7109
f 7117 7120 7118
f 7115 7119 7117
f 7116 7117 7118
f 7118 7119 7115
f 7113 7117 7116
f 7116 7118 7114
f 7073 7077 7075
f 7107 7109 7105
f 7113 7116 7114
f 7111 7115 7113
f 7112 7113 7114
f 7114 7115 7111
f 7109 7113 7112
f 7153 7154 7150
f 7135 7138 7133
f 7133 7137 7136
f 7109 7112 7110
f 7088 7092 7087
f 7085 7090 7086
f 7060 7064 7062
f 7062 7063 7061
f 7061 7063 7060
f 7060 7062 7058
f 7058 7062 7061
f 7085 7086 7081
f 7081 7086 7084
f 7079 7084 7083
f 7088 7093 7092
f 7087 7090 7085
f 7087 7092 7090
f 7090 7091 7086
f 7086 7091 7089
f 7078 7082 7080
f 7080 7081 7077
f 7077 7081 7079
f 7086 7089 7084
f 7084 7088 7083
f 7083 7088 7087
f 7083 7087 7082
f 7076 7080 7077
f 7082 7085 7080
f 7080 7085 7081
f 7065 7068 7064
f 7064 7067 7062
f 7062 7066 7065
f 7062 7065 7063
f 7103 7105 7101
f 7101 7105 7104
f 7075 7079 7078
f 7076 7078 7080
f 7112 7114 7110
f 7077 7079 7075
f 7075 7078 7074
f 7058 7061 7059
f 7059 7061 7060
f 7059 7060 7056
f 7062 7067 7066
f 7065 7066 7068
f 7090 7094 7091
f 7084 7089 7088
f 7136 7139 7134
f 7141 7144 7139
f 7139 7144 7140
f 7140 7143 7138
f 7138 7142 7137
f 7130 7134 7131
f 7131 7133 7129
f 7136 7141 7139
f 7135 7140 7138
f 7139 7140 7135
f 7133 7138 7137
f 7138 7143 7142
f 7134 7139 7135
f 7126 7130 7127
f 7127 7129 7125
f 7133 7136 7132
f 7132 7136 7134
f 7131 7135 7133
f 7134 7135 7131
f 7129 7133 7132
f 7132 7134 7130
f 7122 7126 7123
f 7137 7141 7136
f 7150 7154 7152
f 7141 7146 7144
f 7140 7145 7143
f 7147 7153 7150
f 7150 7152 7149
f 7149 7151 7148
f 7148 7151 7146
f 7146 7151 7147
f 7147 7150 7145
f 7137 7142 7141
f 7119 7123 7121
f 7146 7147 7144
f 7145 7149 7143
f 7143 7148 7142
f 7142 7148 7146
f 7144 7147 7145
f 7142 7146 7141
f 7167 7169 7165
f 7165 7169 7166
f 7144 7145 7140
f 7123 7127 7125
f 7123 7125 7121
f 7127 7131 7129
f 7130 7131 7127
f 7125 7129 7128
f 7128 7130 7126
f 7149 7152 7151
f 7151 7153 7147
f 7125 7128 7124
f 7124 7128 7126
f 7128 7132 7130
f 7126 7127 7123
f 7121 7125 7124
f 7124 7126 7122
f 7114 7118 7115
f 7115 7117 7113
f 7121 7124 7120
f 7120 7124 7122
f 7122 7123 7119
f 7129 7132 7128
f 7173 7175 7176
f 7306 7303 7307
f 7304 7306 7308
f 7305 7304 7308
f 7307 7305 7309
f 7299 7297 7300
f 7296 7301 7302
f 7299 7300 7304
f 7301 7299 7304
f 7302 7301 7304
f 7303 7302 7305
f 7297 7293 7298
f 7293 7296 7298
f 7302 7304 7305
f 7303 7305 7307
f 7297 7298 7300
f 7295 7299 7301
f 7296 7295 7301
f 7298 7296 7302
f 7323 7321 7325
f 7325 7322 7324
f 7298 7302 7303
f 7300 7298 7303
f 7323 7325 7326
f 7324 7327 7328
f 7325 7324 7328
f 7325 7328 7329
f 7319 7317 7321
f 7318 7319 7322
f 7294 7297 7299
f 7295 7294 7299
f 7320 7322 7325
f 7321 7320 7325
f 7314 7315 7318
f 7316 7314 7318
f 7317 7316 7320
f 7317 7320 7321
f 7310 7311 7314
f 7312 7310 7314
f 7320 7318 7322
f 7319 7321 7323
f 7319 7323 7324
f 7322 7319 7324
f 7315 7313 7317
f 7326 7325 7329
f 7326 7329 7327
f 7313 7316 7317
f 7315 7317 7319
f 7318 7315 7319
f 7316 7318 7320
f 7195 7194 7198
f 7195 7198 7199
f 7180 7177 7182
f 7178 7180 7183
f 7179 7178 7183
f 7180 7182 7183
f 7181 7179 7184
f 7183 7182 7185
f 7177 7178 7179
f 7178 7177 7180
f 7177 7179 7181
f 7210 7212 7214
f 7213 7210 7214
f 7179 7183 7184
f 7196 7193 7197
f 7194 7196 7198
f 7197 7195 7199
f 7196 7197 7200
f 7198 7196 7200
f 7197 7199 7201
f 7192 7189 7193
f 7190 7192 7194
f 7193 7191 7195
f 7192 7193 7196
f 7194 7192 7196
f 7193 7195 7197
f 7188 7185 7189
f 7186 7188 7190
f 7225 7228 7229
f 7227 7229 7231
f 7189 7187 7191
f 7188 7189 7192
f 7190 7188 7192
f 7189 7191 7193
f 7181 7184 7186
f 7182 7181 7186
f 7191 7190 7194
f 7191 7194 7195
f 7183 7185 7188
f 7184 7183 7188
f 7186 7184 7188
f 7185 7187 7189
f 7211 7210 7213
f 7212 7211 7213
f 7187 7186 7190
f 7187 7190 7191
f 7213 7214 7215
f 7212 7213 7215
f 7212 7215 7216
f 7214 7212 7216
f 7207 7206 7209
f 7208 7207 7209
f 7182 7186 7187
f 7185 7182 7187
f 7209 7210 7211
f 7208 7209 7211
f 7208 7211 7212
f 7210 7208 7212
f 7203 7202 7205
f 7204 7203 7205
f 7244 7242 7246
f 7243 7244 7247
f 7205 7206 7207
f 7204 7205 7207
f 7204 7207 7208
f 7206 7204 7208
f 7200 7197 7201
f 7198 7200 7202
f 7206 7208 7210
f 7209 7206 7210
f 7201 7202 7203
f 7200 7201 7203
f 7200 7203 7204
f 7202 7200 7204
f 7226 7227 7230
f 7226 7230 7228
f 7202 7204 7206
f 7205 7202 7206
f 7230 7227 7231
f 7228 7230 7232
f 7229 7228 7232
f 7231 7229 7233
f 7222 7223 7226
f 7222 7226 7224
f 7199 7198 7202
f 7201 7199 7202
f 7226 7223 7227
f 7224 7226 7228
f 7225 7224 7228
f 7227 7225 7229
f 7219 7218 7222
f 7219 7222 7220
f 7259 7260 7263
f 7261 7259 7263
f 7222 7218 7223
f 7220 7222 7224
f 7221 7220 7224
f 7223 7221 7225
f 7215 7214 7217
f 7216 7215 7217
f 7221 7224 7225
f 7223 7225 7227
f 7217 7218 7219
f 7216 7217 7219
f 7216 7219 7220
f 7218 7216 7221
f 7241 7245 7246
f 7242 7241 7246
f 7216 7220 7221
f 7218 7221 7223
f 7245 7243 7247
f 7247 7244 7248
f 7244 7246 7248
f 7245 7247 7249
f 7238 7237 7241
f 7239 7238 7242
f 7214 7216 7218
f 7217 7214 7218
f 7239 7242 7244
f 7243 7239 7244
f 7240 7243 7245
f 7241 7240 7245
f 7235 7233 7238
f 7234 7235 7239
f 7275 7276 7279
f 7277 7275 7279
f 7235 7238 7239
f 7236 7239 7240
f 7237 7236 7240
f 7237 7240 7241
f 7230 7231 7234
f 7230 7234 7232
f 7240 7239 7243
f 7238 7241 7242
f 7234 7231 7235
f 7232 7234 7236
f 7232 7236 7237
f 7233 7232 7237
f 7258 7257 7261
f 7260 7258 7262
f 7236 7234 7239
f 7233 7237 7238
f 7258 7261 7262
f 7263 7260 7264
f 7261 7263 7262
f 7260 7262 7264
f 7254 7253 7257
f 7254 7257 7258
f 7229 7232 7233
f 7231 7233 7235
f 7257 7255 7259
f 7259 7256 7260
f 7256 7258 7260
f 7257 7259 7261
f 7250 7249 7253
f 7250 7253 7254
f 7290 7294 7295
f 7291 7290 7295
f 7253 7251 7255
f 7255 7252 7256
f 7252 7254 7256
f 7253 7255 7257
f 7246 7245 7249
f 7246 7249 7250
f 7256 7254 7258
f 7255 7256 7259
f 7249 7247 7251
f 7251 7248 7252
f 7248 7250 7252
f 7249 7251 7253
f 7274 7273 7277
f 7276 7274 7278
f 7252 7250 7254
f 7251 7252 7255
f 7274 7277 7278
f 7279 7276 7280
f 7276 7278 7280
f 7277 7279 7281
f 7270 7271 7273
f 7272 7270 7274
f 7248 7246 7250
f 7247 7248 7251
f 7270 7273 7274
f 7275 7272 7276
f 7272 7274 7276
f 7273 7275 7277
f 7266 7267 7269
f 7268 7266 7270
f 7305 7308 7309
f 7307 7309 7311
f 7266 7269 7270
f 7271 7268 7272
f 7269 7271 7270
f 7268 7270 7272
f 7262 7263 7265
f 7264 7262 7266
f 7271 7272 7275
f 7273 7271 7275
f 7262 7265 7266
f 7267 7264 7268
f 7265 7267 7266
f 7264 7266 7268
f 7289 7292 7294
f 7290 7289 7294
f 7267 7268 7271
f 7269 7267 7271
f 7293 7291 7296
f 7292 7293 7297
f 7294 7292 7297
f 7291 7295 7296
f 7286 7285 7289
f 7286 7289 7290
f 7263 7264 7267
f 7265 7263 7267
f 7289 7287 7292
f 7286 7290 7291
f 7292 7288 7293
f 7288 7291 7293
f 7282 7281 7285
f 7284 7282 7286
f 7323 7326 7327
f 7324 7323 7327
f 7282 7285 7286
f 7287 7284 7288
f 7284 7286 7288
f 7285 7287 7289
f 7278 7277 7281
f 7280 7278 7282
f 7288 7286 7291
f 7287 7288 7292
f 7278 7281 7282
f 7283 7280 7284
f 7280 7282 7284
f 7281 7283 7285
f 7306 7307 7310
f 7308 7306 7310
f 7283 7284 7287
f 7285 7283 7287
f 7310 7307 7311
f 7308 7310 7312
f 7309 7308 7312
f 7311 7309 7313
f 7300 7303 7306
f 7304 7300 7306
f 7279 7280 7283
f 7281 7279 7283
f 7177 7181 7182
f 7313 7312 7316
f 7312 7314 7316
f 7314 7311 7315
f 7311 7313 7315
f 7309 7312 7313
f 7329 7328 7327
f 7352 7354 7355
f 7350 7353 7351
f 7350 7352 7353
f 7348 7351 7349
f 7340 7347 7343
f 7338 7340 7344
f 7338 7344 7346
f 7331 7338 7346
f 7356 7358 7359
f 7354 7366 7365
f 7333 7358 7367
f 7358 7368 7367
f 7350 7348 7362
f 7356 7359 7360
f 7356 7360 7357
f 7358 7333 7336
f 7358 7336 7359
f 7356 7365 7368
f 7334 7333 7361
f 7333 7367 7361
f 7332 7345 7347
f 7334 7361 7363
f 7369 7357 7360
f 7341 7360 7359
f 7341 7359 7342
f 7348 7363 7362
f 7354 7352 7366
f 7352 7364 7366
f 7358 7356 7368
f 7333 7335 7336
f 7337 7338 7331
f 7330 7337 7331
f 7339 7340 7338
f 7347 7335 7349
f 7347 7349 7343
f 7345 7336 7335
f 7345 7335 7347
f 7371 7372 7373
f 7374 7375 7376
f 7384 7383 7372
f 7381 7378 7373
f 7383 7381 7372
f 7378 7371 7373
f 7371 7384 7372
f 7381 7373 7372
f 7391 7390 7374
f 7390 7375 7374
f 7390 7389 7375
f 7364 7362 7361
f 7364 7367 7365
f 7389 7388 7375
f 7391 7374 7376
f 7404 7384 7388
f 7404 7400 7384
f 7389 7404 7388
f 7388 7384 7375
f 7346 7357 7369
f 7344 7370 7346
f 7339 7404 7389
f 7339 7400 7404
f 7339 7398 7400
f 7395 7403 7398
f 7376 7384 7371
f 7364 7361 7367
f 7395 7397 7379
f 7395 7379 7381
f 7397 7396 7379
f 7379 7396 7380
f 7391 7401 7393
f 7337 7330 7392
f 7392 7402 7396
f 7339 7337 7395
f 7393 7401 7371
f 7339 7389 7390
f 7343 7351 7344
f 7343 7349 7351
f 7370 7355 7346
f 7370 7353 7355
f 7377 7371 7378
f 7379 7380 7381
f 7344 7351 7353
f 7344 7353 7370
f 7339 7390 7391
f 7330 7391 7392
f 7348 7334 7363
f 7365 7367 7368
f 7364 7365 7366
f 7361 7362 7363
f 7387 7381 7383
f 7386 7378 7380
f 7385 7376 7371
f 7382 7383 7384
f 7330 7339 7391
f 7398 7399 7400
f 7339 7395 7398
f 7395 7396 7397
f 7392 7394 7378
f 7394 7393 7371
f 7394 7371 7377
f 7378 7394 7377
f 7392 7391 7393
f 7392 7393 7394
f 7337 7392 7395
f 7395 7392 7396
f 7401 7376 7385
f 7401 7391 7376
f 7371 7401 7385
f 7356 7354 7365
f 7350 7362 7364
f 7352 7350 7364
f 7380 7378 7381
f 7376 7375 7384
f 7396 7386 7380
f 7396 7402 7386
f 7402 7378 7386
f 7402 7392 7378
f 7346 7355 7357
f 7346 7369 7341
f 7342 7336 7345
f 7342 7359 7336
f 7400 7382 7384
f 7400 7399 7382
f 7399 7383 7382
f 7399 7398 7383
f 7398 7387 7383
f 7403 7381 7387
f 7403 7395 7381
f 7398 7403 7387
f 7337 7339 7338
f 7339 7330 7340
f 7340 7330 7332
f 7331 7341 7342
f 7352 7355 7353
f 7354 7356 7357
f 7354 7357 7355
f 7332 7342 7345
f 7332 7331 7342
f 7331 7346 7341
f 7330 7331 7332
f 7333 7334 7335
f 7340 7332 7347
f 7334 7348 7349
f 7334 7349 7335
f 7348 7350 7351
f 7340 7343 7344
f 7369 7360 7341
f 7465 7446 7464
f 7463 7456 7473
f 7480 7464 7459
f 7465 7464 7480
f 7466 7450 7467
f 7478 7462 7453
f 7454 7461 7477
f 7467 7450 7446
f 7472 7457 7462
f 7453 7451 7454
f 7460 7459 7456
f 7478 7453 7470
f 7414 7473 7471
f 7457 7449 7451
f 7474 7475 7476
f 7416 7474 7414
f 7438 7442 7444
f 7453 7457 7451
f 7467 7446 7465
f 7414 7472 7412
f 7438 7440 7442
f 7406 7420 7407
f 7407 7421 7422
f 7407 7422 7413
f 7412 7407 7413
f 7479 7463 7473
f 7474 7463 7479
f 7474 7460 7463
f 7472 7462 7478
f 7457 7448 7449
f 7451 7449 7446
f 7456 7448 7457
f 7417 7418 7419
f 7415 7424 7425
f 7406 7426 7420
f 7405 7406 7407
f 7408 7410 7419
f 7405 7407 7412
f 7412 7413 7414
f 7414 7415 7416
f 7408 7409 7410
f 7408 7411 7409
f 7413 7424 7415
f 7414 7413 7415
f 7415 7427 7406
f 7438 7439 7440
f 7437 7436 7411
f 7413 7423 7424
f 7415 7425 7427
f 7428 7438 7408
f 7428 7439 7438
f 7444 7445 7438
f 7408 7438 7445
f 7435 7444 7443
f 7420 7411 7436
f 7425 7417 7419
f 7433 7442 7430
f 7428 7440 7439
f 7429 7440 7428
f 7437 7445 7444
f 7413 7422 7423
f 7407 7420 7421
f 7416 7406 7405
f 7416 7415 7406
f 7430 7418 7431
f 7433 7432 7434
f 7458 7459 7460
f 7461 7454 7451
f 7462 7457 7453
f 7463 7460 7456
f 7414 7479 7473
f 7414 7474 7479
f 7465 7466 7467
f 7412 7466 7405
f 7422 7434 7432
f 7417 7424 7418
f 7424 7423 7418
f 7446 7447 7448
f 7430 7431 7432
f 7430 7441 7429
f 7433 7443 7442
f 7408 7445 7437
f 7433 7434 7435
f 7435 7436 7437
f 7435 7434 7436
f 7437 7411 7408
f 7430 7442 7441
f 7437 7444 7435
f 7440 7441 7442
f 7442 7443 7444
f 7408 7419 7428
f 7428 7419 7429
f 7429 7418 7430
f 7429 7419 7418
f 7429 7441 7440
f 7435 7443 7433
f 7452 7453 7454
f 7455 7456 7457
f 7423 7431 7418
f 7431 7422 7432
f 7423 7422 7431
f 7425 7424 7417
f 7464 7446 7459
f 7405 7465 7416
f 7420 7426 7411
f 7422 7421 7434
f 7406 7427 7426
f 7427 7425 7419
f 7427 7419 7410
f 7426 7409 7411
f 7449 7447 7446
f 7430 7432 7433
f 7450 7451 7446
f 7409 7427 7410
f 7470 7453 7452
f 7468 7452 7454
f 7468 7454 7469
f 7465 7475 7474
f 7477 7461 7451
f 7477 7451 7466
f 7466 7451 7450
f 7480 7459 7475
f 7476 7458 7460
f 7476 7460 7474
f 7475 7459 7476
f 7473 7455 7471
f 7421 7420 7436
f 7421 7436 7434
f 7446 7448 7459
f 7459 7448 7456
f 7405 7466 7465
f 7466 7469 7477
f 7412 7478 7470
f 7412 7472 7478
f 7459 7458 7476
f 7469 7454 7477
f 7416 7465 7474
f 7465 7480 7475
f 7412 7468 7469
f 7412 7469 7466
f 7412 7470 7468
f 7414 7471 7472
f 7470 7452 7468
f 7426 7427 7409
f 7471 7457 7472
f 7473 7456 7455
f 7471 7455 7457
f 7449 7448 7447
f 7491 7492 7482
f 7506 7509 7507
f 7512 7513 7510
f 7508 7511 7509
f 7501 7497 7500
f 7492 7496 7500
f 7492 7493 7496
f 7493 7483 7498
f 7517 7518 7519
f 7495 7502 7496
f 7498 7503 7495
f 7504 7505 7484
f 7493 7481 7483
f 7491 7494 7493
f 7493 7495 7496
f 7483 7482 7497
f 7510 7511 7508
f 7538 7530 7534
f 7534 7530 7535
f 7491 7543 7537
f 7532 7530 7529
f 7548 7547 7554
f 7494 7528 7526
f 7529 7530 7527
f 7528 7529 7527
f 7537 7543 7542
f 7537 7542 7551
f 7548 7554 7553
f 7494 7491 7537
f 7481 7482 7483
f 7484 7486 7487
f 7484 7485 7486
f 7506 7504 7515
f 7504 7516 7515
f 7510 7508 7519
f 7494 7481 7493
f 7491 7493 7492
f 7481 7491 7482
f 7493 7498 7495
f 7488 7489 7490
f 7500 7509 7501
f 7500 7507 7509
f 7485 7502 7495
f 7501 7511 7497
f 7510 7519 7518
f 7512 7510 7518
f 7506 7515 7517
f 7508 7506 7517
f 7510 7513 7511
f 7488 7490 7512
f 7512 7490 7513
f 7508 7517 7519
f 7497 7513 7499
f 7488 7521 7520
f 7486 7489 7488
f 7486 7488 7487
f 7508 7509 7506
f 7484 7505 7485
f 7506 7507 7504
f 7487 7520 7514
f 7484 7487 7514
f 7518 7520 7521
f 7487 7488 7520
f 7514 7515 7516
f 7537 7534 7533
f 7505 7507 7496
f 7505 7496 7502
f 7496 7507 7500
f 7495 7486 7485
f 7498 7490 7489
f 7498 7489 7503
f 7497 7511 7513
f 7504 7507 7505
f 7549 7550 7532
f 7549 7532 7531
f 7536 7535 7550
f 7531 7529 7528
f 7533 7534 7535
f 7533 7535 7536
f 7537 7538 7534
f 7542 7552 7551
f 7539 7540 7541
f 7539 7541 7542
f 7543 7544 7540
f 7522 7523 7524
f 7522 7524 7525
f 7526 7527 7523
f 7526 7523 7522
f 7525 7546 7545
f 7499 7498 7497
f 7482 7492 7500
f 7482 7500 7497
f 7502 7485 7505
f 7513 7490 7498
f 7513 7498 7499
f 7509 7511 7501
f 7552 7530 7538
f 7543 7539 7542
f 7537 7533 7536
f 7494 7536 7531
f 7494 7522 7525
f 7481 7525 7543
f 7543 7525 7548
f 7543 7548 7553
f 7483 7497 7498
f 7514 7518 7517
f 7514 7520 7518
f 7523 7530 7524
f 7494 7537 7536
f 7536 7549 7531
f 7481 7494 7525
f 7525 7545 7548
f 7514 7517 7515
f 7512 7518 7521
f 7504 7484 7516
f 7484 7514 7516
f 7536 7550 7549
f 7551 7552 7538
f 7551 7538 7537
f 7542 7541 7552
f 7525 7524 7546
f 7545 7547 7548
f 7545 7546 7547
f 7543 7540 7539
f 7494 7526 7522
f 7553 7544 7543
f 7553 7554 7544
f 7491 7481 7543
f 7554 7555 7544
f 7541 7555 7552
f 7552 7555 7530
f 7528 7527 7526
f 7494 7531 7528
f 7524 7530 7546
f 7550 7530 7532
f 7535 7530 7550
f 7488 7512 7521
f 7527 7530 7523
f 7531 7532 7529
f 7547 7555 7554
f 7546 7555 7547
f 7544 7555 7540
f 7540 7555 7541
f 7546 7530 7555
f 7503 7486 7495
f 7503 7489 7486
f 7624 7608 7614
f 7624 7605 7608
f 7622 7607 7623
f 7615 7610 7616
f 7619 7609 7601
f 7619 7601 7620
f 7615 7606 7610
f 7601 7602 7625
f 7568 7627 7622
f 7618 7621 7626
f 7568 7622 7621
f 7568 7613 7627
f 7575 7576 7560
f 7575 7560 7564
f 7570 7569 7585
f 7611 7595 7594
f 7567 7557 7556
f 7565 7615 7556
f 7604 7598 7595
f 7586 7591 7593
f 7586 7589 7591
f 7586 7588 7589
f 7616 7604 7617
f 7616 7610 7604
f 7613 7596 7627
f 7608 7611 7612
f 7627 7600 7622
f 7627 7596 7600
f 7597 7626 7621
f 7597 7599 7626
f 7602 7598 7606
f 7604 7595 7605
f 7610 7598 7604
f 7568 7612 7613
f 7568 7614 7612
f 7556 7615 7614
f 7582 7590 7589
f 7608 7612 7614
f 7578 7587 7562
f 7562 7587 7586
f 7621 7622 7623
f 7618 7620 7615
f 7568 7621 7618
f 7568 7618 7565
f 7556 7557 7558
f 7614 7617 7624
f 7558 7571 7566
f 7615 7620 7625
f 7580 7579 7581
f 7565 7558 7566
f 7567 7574 7576
f 7566 7573 7567
f 7566 7572 7573
f 7586 7587 7588
f 7558 7570 7571
f 7557 7569 7558
f 7557 7575 7569
f 7578 7579 7580
f 7568 7567 7556
f 7565 7566 7567
f 7556 7558 7565
f 7563 7564 7559
f 7559 7561 7562
f 7559 7560 7561
f 7580 7589 7588
f 7563 7591 7584
f 7584 7591 7590
f 7571 7583 7581
f 7559 7592 7563
f 7557 7576 7575
f 7576 7574 7561
f 7559 7586 7593
f 7572 7571 7581
f 7572 7581 7579
f 7574 7573 7577
f 7582 7589 7580
f 7569 7575 7564
f 7569 7564 7585
f 7571 7570 7583
f 7607 7598 7597
f 7580 7581 7582
f 7582 7581 7583
f 7567 7573 7574
f 7584 7583 7585
f 7584 7585 7563
f 7563 7585 7564
f 7559 7593 7592
f 7589 7590 7591
f 7591 7592 7593
f 7562 7586 7559
f 7567 7576 7557
f 7580 7588 7578
f 7578 7588 7587
f 7584 7590 7582
f 7570 7585 7583
f 7582 7583 7584
f 7573 7572 7579
f 7573 7579 7577
f 7559 7564 7560
f 7576 7561 7560
f 7597 7598 7599
f 7596 7595 7600
f 7601 7598 7602
f 7615 7616 7617
f 7565 7567 7568
f 7558 7569 7570
f 7566 7571 7572
f 7574 7577 7561
f 7605 7595 7608
f 7603 7598 7609
f 7607 7595 7598
f 7556 7614 7568
f 7623 7607 7597
f 7618 7609 7619
f 7618 7603 7609
f 7626 7603 7618
f 7626 7599 7603
f 7600 7595 7607
f 7618 7619 7620
f 7565 7618 7615
f 7615 7617 7614
f 7578 7577 7579
f 7562 7577 7578
f 7562 7561 7577
f 7594 7595 7596
f 7608 7595 7611
f 7609 7598 7601
f 7606 7598 7610
f 7623 7597 7621
f 7613 7594 7596
f 7612 7611 7594
f 7612 7594 7613
f 7604 7605 7624
f 7604 7624 7617
f 7625 7602 7606
f 7625 7606 7615
f 7599 7598 7603
f 7601 7625 7620
f 7622 7600 7607
f 7563 7592 7591
o Niva_cabin_shadow
usemtl cabin_shadow
f 7628 7629 7630
f 7628 7630 7631
f 7632 7635 7634
f 7632 7634 7633
f 7628 7632 7633
f 7628 7633 7629
f 7629 7633 7634
f 7629 7634 7630
f 7630 7634 7635
f 7630 7635 7631
f 7631 7635 7632
f 7631 7632 7628
o Niva_reverse_lamps
usemtl reverse_lamps
f 7637 7639 7636
f 7640 7637 7636
f 7636 7639 7638
f 7638 7640 7636
f 7637 7643 7639
f 7641 7637 7640
f 7641 7643 7637
f 7639 7643 7638
f 7642 7640 7638
f 7638 7643 7642
f 7642 7641 7640
f 7643 7641 7642
f 7645 7647 7644
f 7648 7645 7644
f 7644 7647 7646
f 7646 7648 7644
f 7645 7651 7647
f 7649 7645 7648
f 7649 7651 7645
f 7647 7651 7646
f 7650 7648 7646
f 7646 7651 7650
f 7650 7649 7648
f 7651 7649 7650
o Niva_rear_turn_lamps
usemtl rear_turn_lamps
f 7653 7655 7652
f 7656 7653 7652
f 7652 7655 7654
f 7654 7656 7652
f 7653 7659 7655
f 7657 7653 7656
f 7657 7659 7653
f 7655 7659 7654
f 7658 7656 7654
f 7654 7659 7658
f 7658 7657 7656
f 7659 7657 7658
f 7661 7663 7660
f 7664 7661 7660
f 7660 7663 7662
f 7662 7664 7660
f 7661 7667 7663
f 7665 7661 7664
f 7665 7667 7661
f 7663 7667 7662
f 7666 7664 7662
f 7662 7667 7666
f 7666 7665 7664
f 7667 7665 7666
o Niva_rear_lamps
usemtl rear_lamps
f 7669 7671 7668
f 7672 7669 7668
f 7668 7671 7670
f 7670 7672 7668
f 7669 7675 7671
f 7673 7669 7672
f 7673 7675 7669
f 7671 7675 7670
f 7674 7672 7670
f 7670 7675 7674
f 7674 7673 7672
f 7675 7673 7674
f 7677 7679 7676
f 7680 7677 7676
f 7676 7679 7678
f 7678 7680 7676
f 7677 7683 7679
f 7681 7677 7680
f 7681 7683 7677
f 7679 7683 7678
f 7682 7680 7678
f 7678 7683 7682
f 7682 7681 7680
f 7683 7681 7682
o Niva_indicator_reflector
usemtl indicator_reflector
f 7685 7687 7684
f 7688 7685 7684
f 7684 7687 7686
f 7686 7688 7684
f 7685 7691 7687
f 7689 7685 7688
f 7689 7691 7685
f 7687 7691 7686
f 7690 7688 7686
f 7686 7691 7690
f 7690 7689 7688
f 7691 7689 7690
f 7693 7695 7692
f 7696 7693 7692
f 7692 7695 7694
f 7694 7696 7692
f 7693 7699 7695
f 7697 7693 7696
f 7697 7699 7693
f 7695 7699 7694
f 7698 7696 7694
f 7694 7699 7698
f 7698 7697 7696
f 7699 7697 7698
o Niva_indicator_lens
usemtl indicator_lens
f 7701 7703 7700
f 7704 7701 7700
f 7700 7703 7702
f 7702 7704 7700
f 7701 7707 7703
f 7705 7701 7704
f 7705 7707 7701
f 7703 7707 7702
f 7706 7704 7702
f 7702 7707 7706
f 7706 7705 7704
f 7707 7705 7706
f 7709 7711 7708
f 7712 7709 7708
f 7708 7711 7710
f 7710 7712 7708
f 7709 7715 7711
f 7713 7709 7712
f 7713 7715 7709
f 7711 7715 7710
f 7714 7712 7710
f 7710 7715 7714
f 7714 7713 7712
f 7715 7713 7714
o Niva_lens_glint
usemtl lens_glint
f 7717 7716 7720
f 7717 7720 7718
f 7718 7720 7721
f 7718 7721 7719
f 7720 7716 7722
f 7720 7722 7721
f 7721 7722 7723
f 7721 7723 7719
f 7722 7716 7724
f 7722 7724 7723
f 7723 7724 7725
f 7723 7725 7719
f 7724 7716 7726
f 7724 7726 7725
f 7725 7726 7727
f 7725 7727 7719
f 7726 7716 7728
f 7726 7728 7727
f 7727 7728 7729
f 7727 7729 7719
f 7728 7716 7730
f 7728 7730 7729
f 7729 7730 7731
f 7729 7731 7719
f 7730 7716 7732
f 7730 7732 7731
f 7731 7732 7733
f 7731 7733 7719
f 7732 7716 7734
f 7732 7734 7733
f 7733 7734 7735
f 7733 7735 7719
f 7734 7716 7736
f 7734 7736 7735
f 7735 7736 7737
f 7735 7737 7719
f 7736 7716 7738
f 7736 7738 7737
f 7737 7738 7739
f 7737 7739 7719
f 7738 7716 7740
f 7738 7740 7739
f 7739 7740 7741
f 7739 7741 7719
f 7740 7716 7717
f 7740 7717 7741
f 7741 7717 7718
f 7741 7718 7719
f 7743 7742 7746
f 7743 7746 7744
f 7744 7746 7747
f 7744 7747 7745
f 7746 7742 7748
f 7746 7748 7747
f 7747 7748 7749
f 7747 7749 7745
f 7748 7742 7750
f 7748 7750 7749
f 7749 7750 7751
f 7749 7751 7745
f 7750 7742 7752
f 7750 7752 7751
f 7751 7752 7753
f 7751 7753 7745
f 7752 7742 7754
f 7752 7754 7753
f 7753 7754 7755
f 7753 7755 7745
f 7754 7742 7756
f 7754 7756 7755
f 7755 7756 7757
f 7755 7757 7745
f 7756 7742 7758
f 7756 7758 7757
f 7757 7758 7759
f 7757 7759 7745
f 7758 7742 7760
f 7758 7760 7759
f 7759 7760 7761
f 7759 7761 7745
f 7760 7742 7762
f 7760 7762 7761
f 7761 7762 7763
f 7761 7763 7745
f 7762 7742 7764
f 7762 7764 7763
f 7763 7764 7765
f 7763 7765 7745
f 7764 7742 7766
f 7764 7766 7765
f 7765 7766 7767
f 7765 7767 7745
f 7766 7742 7743
f 7766 7743 7767
f 7767 7743 7744
f 7767 7744 7745
f 7769 7771 7768
f 7772 7769 7768
f 7768 7771 7770
f 7770 7772 7768
f 7769 7775 7771
f 7773 7769 7772
f 7773 7775 7769
f 7771 7775 7770
f 7774 7772 7770
f 7770 7775 7774
f 7774 7773 7772
f 7775 7773 7774
o Niva_headlights
usemtl headlights
f 7777 7776 7780
f 7777 7780 7778
f 7778 7780 7781
f 7778 7781 7779
f 7780 7776 7782
f 7780 7782 7781
f 7781 7782 7783
f 7781 7783 7779
f 7782 7776 7784
f 7782 7784 7783
f 7783 7784 7785
f 7783 7785 7779
f 7784 7776 7786
f 7784 7786 7785
f 7785 7786 7787
f 7785 7787 7779
f 7786 7776 7788
f 7786 7788 7787
f 7787 7788 7789
f 7787 7789 7779
f 7788 7776 7790
f 7788 7790 7789
f 7789 7790 7791
f 7789 7791 7779
f 7790 7776 7792
f 7790 7792 7791
f 7791 7792 7793
f 7791 7793 7779
f 7792 7776 7794
f 7792 7794 7793
f 7793 7794 7795
f 7793 7795 7779
f 7794 7776 7796
f 7794 7796 7795
f 7795 7796 7797
f 7795 7797 7779
f 7796 7776 7798
f 7796 7798 7797
f 7797 7798 7799
f 7797 7799 7779
f 7798 7776 7800
f 7798 7800 7799
f 7799 7800 7801
f 7799 7801 7779
f 7800 7776 7802
f 7800 7802 7801
f 7801 7802 7803
f 7801 7803 7779
f 7802 7776 7804
f 7802 7804 7803
f 7803 7804 7805
f 7803 7805 7779
f 7804 7776 7806
f 7804 7806 7805
f 7805 7806 7807
f 7805 7807 7779
f 7806 7776 7808
f 7806 7808 7807
f 7807 7808 7809
f 7807 7809 7779
f 7808 7776 7810
f 7808 7810 7809
f 7809 7810 7811
f 7809 7811 7779
f 7810 7776 7812
f 7810 7812 7811
f 7811 7812 7813
f 7811 7813 7779
f 7812 7776 7814
f 7812 7814 7813
f 7813 7814 7815
f 7813 7815 7779
f 7814 7776 7816
f 7814 7816 7815
f 7815 7816 7817
f 7815 7817 7779
f 7816 7776 7818
f 7816 7818 7817
f 7817 7818 7819
f 7817 7819 7779
f 7818 7776 7820
f 7818 7820 7819
f 7819 7820 7821
f 7819 7821 7779
f 7820 7776 7822
f 7820 7822 7821
f 7821 7822 7823
f 7821 7823 7779
f 7822 7776 7824
f 7822 7824 7823
f 7823 7824 7825
f 7823 7825 7779
f 7824 7776 7777
f 7824 7777 7825
f 7825 7777 7778
f 7825 7778 7779
f 7827 7826 7830
f 7827 7830 7828
f 7828 7830 7831
f 7828 7831 7829
f 7830 7826 7832
f 7830 7832 7831
f 7831 7832 7833
f 7831 7833 7829
f 7832 7826 7834
f 7832 7834 7833
f 7833 7834 7835
f 7833 7835 7829
f 7834 7826 7836
f 7834 7836 7835
f 7835 7836 7837
f 7835 7837 7829
f 7836 7826 7838
f 7836 7838 7837
f 7837 7838 7839
f 7837 7839 7829
f 7838 7826 7840
f 7838 7840 7839
f 7839 7840 7841
f 7839 7841 7829
f 7840 7826 7842
f 7840 7842 7841
f 7841 7842 7843
f 7841 7843 7829
f 7842 7826 7844
f 7842 7844 7843
f 7843 7844 7845
f 7843 7845 7829
f 7844 7826 7846
f 7844 7846 7845
f 7845 7846 7847
f 7845 7847 7829
f 7846 7826 7848
f 7846 7848 7847
f 7847 7848 7849
f 7847 7849 7829
f 7848 7826 7850
f 7848 7850 7849
f 7849 7850 7851
f 7849 7851 7829
f 7850 7826 7852
f 7850 7852 7851
f 7851 7852 7853
f 7851 7853 7829
f 7852 7826 7854
f 7852 7854 7853
f 7853 7854 7855
f 7853 7855 7829
f 7854 7826 7856
f 7854 7856 7855
f 7855 7856 7857
f 7855 7857 7829
f 7856 7826 7858
f 7856 7858 7857
f 7857 7858 7859
f 7857 7859 7829
f 7858 7826 7860
f 7858 7860 7859
f 7859 7860 7861
f 7859 7861 7829
f 7860 7826 7862
f 7860 7862 7861
f 7861 7862 7863
f 7861 7863 7829
f 7862 7826 7864
f 7862 7864 7863
f 7863 7864 7865
f 7863 7865 7829
f 7864 7826 7866
f 7864 7866 7865
f 7865 7866 7867
f 7865 7867 7829
f 7866 7826 7868
f 7866 7868 7867
f 7867 7868 7869
f 7867 7869 7829
f 7868 7826 7870
f 7868 7870 7869
f 7869 7870 7871
f 7869 7871 7829
f 7870 7826 7872
f 7870 7872 7871
f 7871 7872 7873
f 7871 7873 7829
f 7872 7826 7874
f 7872 7874 7873
f 7873 7874 7875
f 7873 7875 7829
f 7874 7826 7827
f 7874 7827 7875
f 7875 7827 7828
f 7875 7828 7829
o Niva_headlight_rims
usemtl headlight_rims
f 7924 7925 7949
f 7924 7949 7948
f 7876 7901 7877
f 7876 7900 7901
f 7876 7877 7925
f 7876 7925 7924
f 7900 7949 7901
f 7900 7948 7949
f 7925 7926 7950
f 7925 7950 7949
f 7877 7902 7878
f 7877 7901 7902
f 7877 7878 7926
f 7877 7926 7925
f 7901 7950 7902
f 7901 7949 7950
f 7926 7927 7951
f 7926 7951 7950
f 7878 7903 7879
f 7878 7902 7903
f 7878 7879 7927
f 7878 7927 7926
f 7902 7951 7903
f 7902 7950 7951
f 7927 7928 7952
f 7927 7952 7951
f 7879 7904 7880
f 7879 7903 7904
f 7879 7880 7928
f 7879 7928 7927
f 7903 7952 7904
f 7903 7951 7952
f 7928 7929 7953
f 7928 7953 7952
f 7880 7905 7881
f 7880 7904 7905
f 7880 7881 7929
f 7880 7929 7928
f 7904 7953 7905
f 7904 7952 7953
f 7929 7930 7954
f 7929 7954 7953
f 7881 7906 7882
f 7881 7905 7906
f 7881 7882 7930
f 7881 7930 7929
f 7905 7954 7906
f 7905 7953 7954
f 7930 7931 7955
f 7930 7955 7954
f 7882 7907 7883
f 7882 7906 7907
f 7882 7883 7931
f 7882 7931 7930
f 7906 7955 7907
f 7906 7954 7955
f 7931 7932 7956
f 7931 7956 7955
f 7883 7908 7884
f 7883 7907 7908
f 7883 7884 7932
f 7883 7932 7931
f 7907 7956 7908
f 7907 7955 7956
f 7932 7933 7957
f 7932 7957 7956
f 7884 7909 7885
f 7884 7908 7909
f 7884 7885 7933
f 7884 7933 7932
f 7908 7957 7909
f 7908 7956 7957
f 7933 7934 7958
f 7933 7958 7957
f 7885 7910 7886
f 7885 7909 7910
f 7885 7886 7934
f 7885 7934 7933
f 7909 7958 7910
f 7909 7957 7958
f 7934 7935 7959
f 7934 7959 7958
f 7886 7911 7887
f 7886 7910 7911
f 7886 7887 7935
f 7886 7935 7934
f 7910 7959 7911
f 7910 7958 7959
f 7935 7936 7960
f 7935 7960 7959
f 7887 7912 7888
f 7887 7911 7912
f 7887 7888 7936
f 7887 7936 7935
f 7911 7960 7912
f 7911 7959 7960
f 7936 7937 7961
f 7936 7961 7960
f 7888 7913 7889
f 7888 7912 7913
f 7888 7889 7937
f 7888 7937 7936
f 7912 7961 7913
f 7912 7960 7961
f 7937 7938 7962
f 7937 7962 7961
f 7889 7914 7890
f 7889 7913 7914
f 7889 7890 7938
f 7889 7938 7937
f 7913 7962 7914
f 7913 7961 7962
f 7938 7939 7963
f 7938 7963 7962
f 7890 7915 7891
f 7890 7914 7915
f 7890 7891 7939
f 7890 7939 7938
f 7914 7963 7915
f 7914 7962 7963
f 7939 7940 7964
f 7939 7964 7963
f 7891 7916 7892
f 7891 7915 7916
f 7891 7892 7940
f 7891 7940 7939
f 7915 7964 7916
f 7915 7963 7964
f 7940 7941 7965
f 7940 7965 7964
f 7892 7917 7893
f 7892 7916 7917
f 7892 7893 7941
f 7892 7941 7940
f 7916 7965 7917
f 7916 7964 7965
f 7941 7942 7966
f 7941 7966 7965
f 7893 7918 7894
f 7893 7917 7918
f 7893 7894 7942
f 7893 7942 7941
f 7917 7966 7918
f 7917 7965 7966
f 7942 7943 7967
f 7942 7967 7966
f 7894 7919 7895
f 7894 7918 7919
f 7894 7895 7943
f 7894 7943 7942
f 7918 7967 7919
f 7918 7966 7967
f 7943 7944 7968
f 7943 7968 7967
f 7895 7920 7896
f 7895 7919 7920
f 7895 7896 7944
f 7895 7944 7943
f 7919 7968 7920
f 7919 7967 7968
f 7944 7945 7969
f 7944 7969 7968
f 7896 7921 7897
f 7896 7920 7921
f 7896 7897 7945
f 7896 7945 7944
f 7920 7969 7921
f 7920 7968 7969
f 7945 7946 7970
f 7945 7970 7969
f 7897 7922 7898
f 7897 7921 7922
f 7897 7898 7946
f 7897 7946 7945
f 7921 7970 7922
f 7921 7969 7970
f 7946 7947 7971
f 7946 7971 7970
f 7898 7923 7899
f 7898 7922 7923
f 7898 7899 7947
f 7898 7947 7946
f 7922 7971 7923
f 7922 7970 7971
f 7947 7924 7948
f 7947 7948 7971
f 7899 7900 7876
f 7899 7923 7900
f 7899 7876 7924
f 7899 7924 7947
f 7923 7948 7900
f 7923 7971 7948
f 8020 8021 8045
f 8020 8045 8044
f 7972 7997 7973
f 7972 7996 7997
f 7972 7973 8021
f 7972 8021 8020
f 7996 8045 7997
f 7996 8044 8045
f 8021 8022 8046
f 8021 8046 8045
f 7973 7998 7974
f 7973 7997 7998
f 7973 7974 8022
f 7973 8022 8021
f 7997 8046 7998
f 7997 8045 8046
f 8022 8023 8047
f 8022 8047 8046
f 7974 7999 7975
f 7974 7998 7999
f 7974 7975 8023
f 7974 8023 8022
f 7998 8047 7999
f 7998 8046 8047
f 8023 8024 8048
f 8023 8048 8047
f 7975 8000 7976
f 7975 7999 8000
f 7975 7976 8024
f 7975 8024 8023
f 7999 8048 8000
f 7999 8047 8048
f 8024 8025 8049
f 8024 8049 8048
f 7976 8001 7977
f 7976 8000 8001
f 7976 7977 8025
f 7976 8025 8024
f 8000 8049 8001
f 8000 8048 8049
f 8025 8026 8050
f 8025 8050 8049
f 7977 8002 7978
f 7977 8001 8002
f 7977 7978 8026
f 7977 8026 8025
f 8001 8050 8002
f 8001 8049 8050
f 8026 8027 8051
f 8026 8051 8050
f 7978 8003 7979
f 7978 8002 8003
f 7978 7979 8027
f 7978 8027 8026
f 8002 8051 8003
f 8002 8050 8051
f 8027 8028 8052
f 8027 8052 8051
f 7979 8004 7980
f 7979 8003 8004
f 7979 7980 8028
f 7979 8028 8027
f 8003 8052 8004
f 8003 8051 8052
f 8028 8029 8053
f 8028 8053 8052
f 7980 8005 7981
f 7980 8004 8005
f 7980 7981 8029
f 7980 8029 8028
f 8004 8053 8005
f 8004 8052 8053
f 8029 8030 8054
f 8029 8054 8053
f 7981 8006 7982
f 7981 8005 8006
f 7981 7982 8030
f 7981 8030 8029
f 8005 8054 8006
f 8005 8053 8054
f 8030 8031 8055
f 8030 8055 8054
f 7982 8007 7983
f 7982 8006 8007
f 7982 7983 8031
f 7982 8031 8030
f 8006 8055 8007
f 8006 8054 8055
f 8031 8032 8056
f 8031 8056 8055
f 7983 8008 7984
f 7983 8007 8008
f 7983 7984 8032
f 7983 8032 8031
f 8007 8056 8008
f 8007 8055 8056
f 8032 8033 8057
f 8032 8057 8056
f 7984 8009 7985
f 7984 8008 8009
f 7984 7985 8033
f 7984 8033 8032
f 8008 8057 8009
f 8008 8056 8057
f 8033 8034 8058
f 8033 8058 8057
f 7985 8010 7986
f 7985 8009 8010
f 7985 7986 8034
f 7985 8034 8033
f 8009 8058 8010
f 8009 8057 8058
f 8034 8035 8059
f 8034 8059 8058
f 7986 8011 7987
f 7986 8010 8011
f 7986 7987 8035
f 7986 8035 8034
f 8010 8059 8011
f 8010 8058 8059
f 8035 8036 8060
f 8035 8060 8059
f 7987 8012 7988
f 7987 8011 8012
f 7987 7988 8036
f 7987 8036 8035
f 8011 8060 8012
f 8011 8059 8060
f 8036 8037 8061
f 8036 8061 8060
f 7988 8013 7989
f 7988 8012 8013
f 7988 7989 8037
f 7988 8037 8036
f 8012 8061 8013
f 8012 8060 8061
f 8037 8038 8062
f 8037 8062 8061
f 7989 8014 7990
f 7989 8013 8014
f 7989 7990 8038
f 7989 8038 8037
f 8013 8062 8014
f 8013 8061 8062
f 8038 8039 8063
f 8038 8063 8062
f 7990 8015 7991
f 7990 8014 8015
f 7990 7991 8039
f 7990 8039 8038
f 8014 8063 8015
f 8014 8062 8063
f 8039 8040 8064
f 8039 8064 8063
f 7991 8016 7992
f 7991 8015 8016
f 7991 7992 8040
f 7991 8040 8039
f 8015 8064 8016
f 8015 8063 8064
f 8040 8041 8065
f 8040 8065 8064
f 7992 8017 7993
f 7992 8016 8017
f 7992 7993 8041
f 7992 8041 8040
f 8016 8065 8017
f 8016 8064 8065
f 8041 8042 8066
f 8041 8066 8065
f 7993 8018 7994
f 7993 8017 8018
f 7993 7994 8042
f 7993 8042 8041
f 8017 8066 8018
f 8017 8065 8066
f 8042 8043 8067
f 8042 8067 8066
f 7994 8019 7995
f 7994 8018 8019
f 7994 7995 8043
f 7994 8043 8042
f 8018 8067 8019
f 8018 8066 8067
f 8043 8020 8044
f 8043 8044 8067
f 7995 7996 7972
f 7995 8019 7996
f 7995 7972 8020
f 7995 8020 8043
f 8019 8044 7996
f 8019 8067 8044
f 8069 8071 8068
f 8072 8069 8068
f 8068 8071 8070
f 8070 8072 8068
f 8069 8075 8071
f 8073 8069 8072
f 8073 8075 8069
f 8071 8075 8070
f 8074 8072 8070
f 8070 8075 8074
f 8074 8073 8072
f 8075 8073 8074
o Niva_lamp_socket
usemtl lamp_socket
f 8077 8076 8080
f 8077 8080 8078
f 8078 8080 8081
f 8078 8081 8079
f 8080 8076 8082
f 8080 8082 8081
f 8081 8082 8083
f 8081 8083 8079
f 8082 8076 8084
f 8082 8084 8083
f 8083 8084 8085
f 8083 8085 8079
f 8084 8076 8086
f 8084 8086 8085
f 8085 8086 8087
f 8085 8087 8079
f 8086 8076 8088
f 8086 8088 8087
f 8087 8088 8089
f 8087 8089 8079
f 8088 8076 8090
f 8088 8090 8089
f 8089 8090 8091
f 8089 8091 8079
f 8090 8076 8092
f 8090 8092 8091
f 8091 8092 8093
f 8091 8093 8079
f 8092 8076 8094
f 8092 8094 8093
f 8093 8094 8095
f 8093 8095 8079
f 8094 8076 8096
f 8094 8096 8095
f 8095 8096 8097
f 8095 8097 8079
f 8096 8076 8098
f 8096 8098 8097
f 8097 8098 8099
f 8097 8099 8079
f 8098 8076 8100
f 8098 8100 8099
f 8099 8100 8101
f 8099 8101 8079
f 8100 8076 8102
f 8100 8102 8101
f 8101 8102 8103
f 8101 8103 8079
f 8102 8076 8104
f 8102 8104 8103
f 8103 8104 8105
f 8103 8105 8079
f 8104 8076 8106
f 8104 8106 8105
f 8105 8106 8107
f 8105 8107 8079
f 8106 8076 8108
f 8106 8108 8107
f 8107 8108 8109
f 8107 8109 8079
f 8108 8076 8110
f 8108 8110 8109
f 8109 8110 8111
f 8109 8111 8079
f 8110 8076 8112
f 8110 8112 8111
f 8111 8112 8113
f 8111 8113 8079
f 8112 8076 8114
f 8112 8114 8113
f 8113 8114 8115
f 8113 8115 8079
f 8114 8076 8116
f 8114 8116 8115
f 8115 8116 8117
f 8115 8117 8079
f 8116 8076 8118
f 8116 8118 8117
f 8117 8118 8119
f 8117 8119 8079
f 8118 8076 8120
f 8118 8120 8119
f 8119 8120 8121
f 8119 8121 8079
f 8120 8076 8122
f 8120 8122 8121
f 8121 8122 8123
f 8121 8123 8079
f 8122 8076 8124
f 8122 8124 8123
f 8123 8124 8125
f 8123 8125 8079
f 8124 8076 8077
f 8124 8077 8125
f 8125 8077 8078
f 8125 8078 8079
f 8127 8126 8130
f 8127 8130 8128
f 8128 8130 8131
f 8128 8131 8129
f 8130 8126 8132
f 8130 8132 8131
f 8131 8132 8133
f 8131 8133 8129
f 8132 8126 8134
f 8132 8134 8133
f 8133 8134 8135
f 8133 8135 8129
f 8134 8126 8136
f 8134 8136 8135
f 8135 8136 8137
f 8135 8137 8129
f 8136 8126 8138
f 8136 8138 8137
f 8137 8138 8139
f 8137 8139 8129
f 8138 8126 8140
f 8138 8140 8139
f 8139 8140 8141
f 8139 8141 8129
f 8140 8126 8142
f 8140 8142 8141
f 8141 8142 8143
f 8141 8143 8129
f 8142 8126 8144
f 8142 8144 8143
f 8143 8144 8145
f 8143 8145 8129
f 8144 8126 8146
f 8144 8146 8145
f 8145 8146 8147
f 8145 8147 8129
f 8146 8126 8148
f 8146 8148 8147
f 8147 8148 8149
f 8147 8149 8129
f 8148 8126 8150
f 8148 8150 8149
f 8149 8150 8151
f 8149 8151 8129
f 8150 8126 8152
f 8150 8152 8151
f 8151 8152 8153
f 8151 8153 8129
f 8152 8126 8154
f 8152 8154 8153
f 8153 8154 8155
f 8153 8155 8129
f 8154 8126 8156
f 8154 8156 8155
f 8155 8156 8157
f 8155 8157 8129
f 8156 8126 8158
f 8156 8158 8157
f 8157 8158 8159
f 8157 8159 8129
f 8158 8126 8160
f 8158 8160 8159
f 8159 8160 8161
f 8159 8161 8129
f 8160 8126 8162
f 8160 8162 8161
f 8161 8162 8163
f 8161 8163 8129
f 8162 8126 8164
f 8162 8164 8163
f 8163 8164 8165
f 8163 8165 8129
f 8164 8126 8166
f 8164 8166 8165
f 8165 8166 8167
f 8165 8167 8129
f 8166 8126 8168
f 8166 8168 8167
f 8167 8168 8169
f 8167 8169 8129
f 8168 8126 8170
f 8168 8170 8169
f 8169 8170 8171
f 8169 8171 8129
f 8170 8126 8172
f 8170 8172 8171
f 8171 8172 8173
f 8171 8173 8129
f 8172 8126 8174
f 8172 8174 8173
f 8173 8174 8175
f 8173 8175 8129
f 8174 8126 8127
f 8174 8127 8175
f 8175 8127 8128
f 8175 8128 8129
f 8177 8179 8176
f 8180 8177 8176
f 8176 8179 8178
f 8178 8180 8176
f 8177 8183 8179
f 8181 8177 8180
f 8181 8183 8177
f 8179 8183 8178
f 8182 8180 8178
f 8178 8183 8182
f 8182 8181 8180
f 8183 8181 8182
f 8185 8187 8184
f 8188 8185 8184
f 8184 8187 8186
f 8186 8188 8184
f 8185 8191 8187
f 8189 8185 8188
f 8189 8191 8185
f 8187 8191 8186
f 8190 8188 8186
f 8186 8191 8190
f 8190 8189 8188
f 8191 8189 8190
f 8193 8195 8192
f 8196 8193 8192
f 8192 8195 8194
f 8194 8196 8192
f 8193 8199 8195
f 8197 8193 8196
f 8197 8199 8193
f 8195 8199 8194
f 8198 8196 8194
f 8194 8199 8198
f 8198 8197 8196
f 8199 8197 8198
o Niva_indicator_bezel
usemtl indicator_bezel
f 8201 8203 8200
f 8204 8201 8200
f 8200 8203 8202
f 8202 8204 8200
f 8201 8207 8203
f 8205 8201 8204
f 8205 8207 8201
f 8203 8207 8202
f 8206 8204 8202
f 8202 8207 8206
f 8206 8205 8204
f 8207 8205 8206
f 8209 8211 8208
f 8212 8209 8208
f 8208 8211 8210
f 8210 8212 8208
f 8209 8215 8211
f 8213 8209 8212
f 8213 8215 8209
f 8211 8215 8210
f 8214 8212 8210
f 8210 8215 8214
f 8214 8213 8212
f 8215 8213 8214
f 8217 8219 8216
f 8220 8217 8216
f 8216 8219 8218
f 8218 8220 8216
f 8217 8223 8219
f 8221 8217 8220
f 8221 8223 8217
f 8219 8223 8218
f 8222 8220 8218
f 8218 8223 8222
f 8222 8221 8220
f 8223 8221 8222
f 8225 8227 8224
f 8228 8225 8224
f 8224 8227 8226
f 8226 8228 8224
f 8225 8231 8227
f 8229 8225 8228
f 8229 8231 8225
f 8227 8231 8226
f 8230 8228 8226
f 8226 8231 8230
f 8230 8229 8228
f 8231 8229 8230
o Niva_grille_bar
usemtl grille_bar
f 8233 8235 8232
f 8236 8233 8232
f 8232 8235 8234
f 8234 8236 8232
f 8233 8239 8235
f 8237 8233 8236
f 8237 8239 8233
f 8235 8239 8234
f 8238 8236 8234
f 8234 8239 8238
f 8238 8237 8236
f 8239 8237 8238
f 8241 8243 8240
f 8244 8241 8240
f 8240 8243 8242
f 8242 8244 8240
f 8241 8247 8243
f 8245 8241 8244
f 8245 8247 8241
f 8243 8247 8242
f 8246 8244 8242
f 8242 8247 8246
f 8246 8245 8244
f 8247 8245 8246
f 8249 8251 8248
f 8252 8249 8248
f 8248 8251 8250
f 8250 8252 8248
f 8249 8255 8251
f 8253 8249 8252
f 8253 8255 8249
f 8251 8255 8250
f 8254 8252 8250
f 8250 8255 8254
f 8254 8253 8252
f 8255 8253 8254
f 8257 8259 8256
f 8260 8257 8256
f 8256 8259 8258
f 8258 8260 8256
f 8257 8263 8259
f 8261 8257 8260
f 8261 8263 8257
f 8259 8263 8258
f 8262 8260 8258
f 8258 8263 8262
f 8262 8261 8260
f 8263 8261 8262
f 8265 8267 8264
f 8268 8265 8264
f 8264 8267 8266
f 8266 8268 8264
f 8265 8271 8267
f 8269 8265 8268
f 8269 8271 8265
f 8267 8271 8266
f 8270 8268 8266
f 8266 8271 8270
f 8270 8269 8268
f 8271 8269 8270
f 8273 8275 8272
f 8276 8273 8272
f 8272 8275 8274
f 8274 8276 8272
f 8273 8279 8275
f 8277 8273 8276
f 8277 8279 8273
f 8275 8279 8274
f 8278 8276 8274
f 8274 8279 8278
f 8278 8277 8276
f 8279 8277 8278
o Niva_grille
usemtl grille
f 8281 8283 8280
f 8284 8281 8280
f 8280 8283 8282
f 8282 8284 8280
f 8281 8287 8283
f 8285 8281 8284
f 8285 8287 8281
f 8283 8287 8282
f 8286 8284 8282
f 8282 8287 8286
f 8286 8285 8284
f 8287 8285 8286
o Niva_closed_underbody
usemtl body
f 8601 8603 8600
f 8604 8601 8600
f 8600 8603 8602
f 8602 8604 8600
f 8601 8607 8603
f 8605 8601 8604
f 8605 8607 8601
f 8603 8607 8602
f 8606 8604 8602
f 8602 8607 8606
f 8606 8605 8604
f 8607 8605 8606
o Niva_axle_mount
usemtl trim
f 8609 8608 8612
f 8609 8612 8610
f 8610 8612 8613
f 8610 8613 8611
f 8612 8608 8614
f 8612 8614 8613
f 8613 8614 8615
f 8613 8615 8611
f 8614 8608 8616
f 8614 8616 8615
f 8615 8616 8617
f 8615 8617 8611
f 8616 8608 8618
f 8616 8618 8617
f 8617 8618 8619
f 8617 8619 8611
f 8618 8608 8620
f 8618 8620 8619
f 8619 8620 8621
f 8619 8621 8611
f 8620 8608 8622
f 8620 8622 8621
f 8621 8622 8623
f 8621 8623 8611
f 8622 8608 8624
f 8622 8624 8623
f 8623 8624 8625
f 8623 8625 8611
f 8624 8608 8626
f 8624 8626 8625
f 8625 8626 8627
f 8625 8627 8611
f 8626 8608 8628
f 8626 8628 8627
f 8627 8628 8629
f 8627 8629 8611
f 8628 8608 8609
f 8628 8609 8629
f 8629 8609 8610
f 8629 8610 8611
o Niva_axle_mount
usemtl trim
f 8631 8630 8634
f 8631 8634 8632
f 8632 8634 8635
f 8632 8635 8633
f 8634 8630 8636
f 8634 8636 8635
f 8635 8636 8637
f 8635 8637 8633
f 8636 8630 8638
f 8636 8638 8637
f 8637 8638 8639
f 8637 8639 8633
f 8638 8630 8640
f 8638 8640 8639
f 8639 8640 8641
f 8639 8641 8633
f 8640 8630 8642
f 8640 8642 8641
f 8641 8642 8643
f 8641 8643 8633
f 8642 8630 8644
f 8642 8644 8643
f 8643 8644 8645
f 8643 8645 8633
f 8644 8630 8646
f 8644 8646 8645
f 8645 8646 8647
f 8645 8647 8633
f 8646 8630 8648
f 8646 8648 8647
f 8647 8648 8649
f 8647 8649 8633
f 8648 8630 8650
f 8648 8650 8649
f 8649 8650 8651
f 8649 8651 8633
f 8650 8630 8631
f 8650 8631 8651
f 8651 8631 8632
f 8651 8632 8633
o Niva_axle_mount
usemtl trim
f 8653 8652 8656
f 8653 8656 8654
f 8654 8656 8657
f 8654 8657 8655
f 8656 8652 8658
f 8656 8658 8657
f 8657 8658 8659
f 8657 8659 8655
f 8658 8652 8660
f 8658 8660 8659
f 8659 8660 8661
f 8659 8661 8655
f 8660 8652 8662
f 8660 8662 8661
f 8661 8662 8663
f 8661 8663 8655
f 8662 8652 8664
f 8662 8664 8663
f 8663 8664 8665
f 8663 8665 8655
f 8664 8652 8666
f 8664 8666 8665
f 8665 8666 8667
f 8665 8667 8655
f 8666 8652 8668
f 8666 8668 8667
f 8667 8668 8669
f 8667 8669 8655
f 8668 8652 8670
f 8668 8670 8669
f 8669 8670 8671
f 8669 8671 8655
f 8670 8652 8672
f 8670 8672 8671
f 8671 8672 8673
f 8671 8673 8655
f 8672 8652 8653
f 8672 8653 8673
f 8673 8653 8654
f 8673 8654 8655
o Niva_axle_mount
usemtl trim
f 8675 8674 8678
f 8675 8678 8676
f 8676 8678 8679
f 8676 8679 8677
f 8678 8674 8680
f 8678 8680 8679
f 8679 8680 8681
f 8679 8681 8677
f 8680 8674 8682
f 8680 8682 8681
f 8681 8682 8683
f 8681 8683 8677
f 8682 8674 8684
f 8682 8684 8683
f 8683 8684 8685
f 8683 8685 8677
f 8684 8674 8686
f 8684 8686 8685
f 8685 8686 8687
f 8685 8687 8677
f 8686 8674 8688
f 8686 8688 8687
f 8687 8688 8689
f 8687 8689 8677
f 8688 8674 8690
f 8688 8690 8689
f 8689 8690 8691
f 8689 8691 8677
f 8690 8674 8692
f 8690 8692 8691
f 8691 8692 8693
f 8691 8693 8677
f 8692 8674 8694
f 8692 8694 8693
f 8693 8694 8695
f 8693 8695 8677
f 8694 8674 8675
f 8694 8675 8695
f 8695 8675 8676
f 8695 8676 8677
o Niva_headlight_mount
usemtl trim
f 8697 8699 8696
f 8700 8697 8696
f 8696 8699 8698
f 8698 8700 8696
f 8697 8703 8699
f 8701 8697 8700
f 8701 8703 8697
f 8699 8703 8698
f 8702 8700 8698
f 8698 8703 8702
f 8702 8701 8700
f 8703 8701 8702
o Niva_rear_lamp_mount
usemtl body
f 8705 8707 8704
f 8708 8705 8704
f 8704 8707 8706
f 8706 8708 8704
f 8705 8711 8707
f 8709 8705 8708
f 8709 8711 8705
f 8707 8711 8706
f 8710 8708 8706
f 8706 8711 8710
f 8710 8709 8708
f 8711 8709 8710
o Niva_headlight_mount
usemtl trim
f 8713 8715 8712
f 8716 8713 8712
f 8712 8715 8714
f 8714 8716 8712
f 8713 8719 8715
f 8717 8713 8716
f 8717 8719 8713
f 8715 8719 8714
f 8718 8716 8714
f 8714 8719 8718
f 8718 8717 8716
f 8719 8717 8718
o Niva_rear_lamp_mount
usemtl body
f 8721 8723 8720
f 8724 8721 8720
f 8720 8723 8722
f 8722 8724 8720
f 8721 8727 8723
f 8725 8721 8724
f 8725 8727 8721
f 8723 8727 8722
f 8726 8724 8722
f 8722 8727 8726
f 8726 8725 8724
f 8727 8725 8726
o Niva_bumper_bracket
usemtl trim
f 8729 8731 8728
f 8732 8729 8728
f 8728 8731 8730
f 8730 8732 8728
f 8729 8735 8731
f 8733 8729 8732
f 8733 8735 8729
f 8731 8735 8730
f 8734 8732 8730
f 8730 8735 8734
f 8734 8733 8732
f 8735 8733 8734
o Niva_bumper_bracket
usemtl trim
f 8737 8739 8736
f 8740 8737 8736
f 8736 8739 8738
f 8738 8740 8736
f 8737 8743 8739
f 8741 8737 8740
f 8741 8743 8737
f 8739 8743 8738
f 8742 8740 8738
f 8738 8743 8742
f 8742 8741 8740
f 8743 8741 8742
o Niva_solid_windscreen
usemtl opaque_glass_front
f 8744 8745 8746
f 8744 8746 8747
f 8750 8749 8748
f 8751 8750 8748
f 8744 8745 8749
f 8744 8749 8748
f 8745 8746 8750
f 8745 8750 8749
f 8746 8747 8751
f 8746 8751 8750
f 8747 8744 8748
f 8747 8748 8751
o Niva_solid_side_front_L
usemtl opaque_glass_side
f 8760 8761 8762
f 8760 8762 8763
f 8766 8765 8764
f 8767 8766 8764
f 8760 8761 8765
f 8760 8765 8764
f 8761 8762 8766
f 8761 8766 8765
f 8762 8763 8767
f 8762 8767 8766
f 8763 8760 8764
f 8763 8764 8767
o Niva_solid_side_rear_L
usemtl opaque_glass_rear
f 8768 8769 8770
f 8768 8770 8771
f 8774 8773 8772
f 8775 8774 8772
f 8768 8769 8773
f 8768 8773 8772
f 8769 8770 8774
f 8769 8774 8773
f 8770 8771 8775
f 8770 8775 8774
f 8771 8768 8772
f 8771 8772 8775
o Niva_solid_side_front_R
usemtl opaque_glass_side
f 8776 8777 8778
f 8776 8778 8779
f 8782 8781 8780
f 8783 8782 8780
f 8776 8777 8781
f 8776 8781 8780
f 8777 8778 8782
f 8777 8782 8781
f 8778 8779 8783
f 8778 8783 8782
f 8779 8776 8780
f 8779 8780 8783
o Niva_solid_side_rear_R
usemtl opaque_glass_rear
f 8784 8785 8786
f 8784 8786 8787
f 8790 8789 8788
f 8791 8790 8788
f 8784 8785 8789
f 8784 8789 8788
f 8785 8786 8790
f 8785 8790 8789
f 8786 8787 8791
f 8786 8791 8790
f 8787 8784 8788
f 8787 8788 8791
o Niva_windscreen_cowl
usemtl trim
f 8793 8795 8792
f 8796 8793 8792
f 8792 8795 8794
f 8794 8796 8792
f 8793 8799 8795
f 8797 8793 8796
f 8797 8799 8793
f 8795 8799 8794
f 8798 8796 8794
f 8794 8799 8798
f 8798 8797 8796
f 8799 8797 8798

