# Low-poly camping hatchback / body
mtllib camping_hatchback.mtl
o CampingHatchback_body
usemtl body
v 0.218884 0.487484 -2.071576
v 0.000000 0.486564 -2.074873
v -0.218884 0.487484 -2.071576
v 0.222668 0.513643 -2.078056
v -0.222668 0.513643 -2.078056
v 0.234176 0.597308 -2.085359
v -0.234176 0.597308 -2.085359
v 0.242835 0.663285 -2.077867
v 0.000000 0.663799 -2.080634
v -0.242835 0.663285 -2.077867
v 0.212393 0.429573 -2.043232
v 0.000000 0.429573 -2.045690
v -0.212393 0.429573 -2.043232
v 0.222618 0.473389 -2.055584
v 0.000000 0.473389 -2.058125
v -0.222617 0.473389 -2.055584
v 0.439220 0.486564 -2.044094
v 0.000000 0.486564 -2.044313
v -0.439220 0.486564 -2.044094
v 0.449600 0.523509 -2.052333
v -0.449600 0.523509 -2.052333
v 0.560139 0.598911 -2.041240
v 0.459214 0.598911 -2.060226
v -0.459214 0.598911 -2.060226
v -0.560138 0.598911 -2.041240
v 0.460728 0.663799 -2.049599
v -0.460727 0.663799 -2.049599
v 0.207760 0.391363 -2.025088
v 0.000000 0.391363 -2.027546
v -0.207759 0.391363 -2.025088
v 0.418110 0.429573 -2.016968
v -0.418110 0.429573 -2.016968
v 0.433738 0.473389 -2.029255
v -0.433738 0.473389 -2.029255
v 0.543762 0.486564 -2.024853
v 0.218256 0.485921 -2.037736
v -0.218256 0.485921 -2.037736
v -0.543762 0.486564 -2.024853
v 0.554361 0.523509 -2.032663
v -0.554361 0.523509 -2.032663
v 0.226197 0.545361 -2.030055
v 0.000000 0.545642 -2.034421
v -0.226197 0.545361 -2.030055
v 0.234138 0.604800 -2.022373
v 0.000000 0.604720 -2.024529
v -0.234138 0.604800 -2.022373
v 0.561984 0.663798 -2.030614
v 0.000000 0.663799 -2.025238
v -0.561984 0.663799 -2.030614
v 0.238225 0.707404 -2.017925
v 0.000000 0.707419 -2.020607
v -0.238225 0.707405 -2.017925
v 0.238875 0.717487 -2.029099
v 0.000000 0.717487 -2.031801
v -0.238875 0.717487 -2.029099
v 0.483497 0.393845 -2.010729
v 0.465915 0.381007 -2.010955
v 0.448332 0.393845 -2.010729
v 0.413477 0.391363 -1.998824
v 0.207008 0.397875 -2.011506
v 0.000000 0.397801 -2.013922
v -0.207008 0.397875 -2.011506
v -0.413477 0.391363 -1.998824
v 0.485579 0.417079 -2.007071
v 0.465915 0.422355 -2.011154
v 0.446959 0.417124 -2.010398
v 0.517500 0.429573 -1.995371
v 0.485771 0.429573 -2.002266
v 0.444133 0.430753 -2.001658
v -0.517500 0.429573 -1.995371
v 0.533440 0.473389 -2.007892
v -0.533440 0.473389 -2.007892
v 0.600647 0.521967 -1.991131
v -0.600646 0.521968 -1.991131
v 0.606424 0.597337 -1.996302
v -0.606424 0.597338 -1.996302
v 0.242079 0.664240 -2.014692
v -0.242079 0.664240 -2.014692
v 0.457764 0.707425 -1.989680
v -0.457763 0.707425 -1.989680
v 0.459243 0.717487 -2.000766
v -0.459243 0.717487 -2.000766
v 0.217357 0.881316 -1.995263
v 0.000000 0.881316 -1.998320
v -0.217357 0.881316 -1.995263
v 0.511004 0.393777 -1.972022
v 0.411781 0.397949 -1.985383
v -0.411561 0.397960 -1.985429
v -0.511526 0.393434 -1.972857
v 0.489484 0.431479 -1.985336
v 0.590048 0.477238 -1.985726
v 0.579726 0.464064 -1.968765
v -0.579725 0.464064 -1.968765
v -0.590048 0.477238 -1.985726
v 0.608270 0.662252 -1.988620
v -0.608270 0.662253 -1.988620
v 0.555532 0.708141 -1.970706
v -0.555531 0.708142 -1.970706
v 0.560173 0.717487 -1.981781
v -0.560173 0.717487 -1.981781
v 0.522261 0.881006 -1.964514
v 0.437725 0.881316 -1.972920
v -0.437725 0.881316 -1.972920
v -0.522261 0.881006 -1.964514
v 0.559152 0.372698 -1.948876
v -0.559152 0.372698 -1.948876
v 0.563785 0.395572 -1.954004
v 0.550895 0.377767 -1.937452
v -0.550895 0.377767 -1.937452
v -0.563785 0.395572 -1.954004
v 0.596998 0.709843 -1.945408
v -0.596998 0.709844 -1.945408
v 0.606459 0.716085 -1.955008
v -0.606459 0.716085 -1.955008
v 0.521218 0.877643 -1.955991
v -0.519334 0.877924 -1.955052
v 0.209935 0.952933 -1.956423
v 0.000000 0.952933 -1.959479
v -0.209935 0.952933 -1.956423
v 0.648425 0.519839 -1.911904
v -0.648425 0.519839 -1.911904
v 0.654203 0.595177 -1.913670
v -0.654202 0.595177 -1.913670
v 0.585888 0.879680 -1.925577
v 0.580056 0.873423 -1.918527
v -0.578112 0.871337 -1.916177
v -0.585888 0.879681 -1.925577
v 0.515043 0.948402 -1.914367
v 0.515017 0.952687 -1.918448
v 0.501050 0.952692 -1.922265
v 0.430303 0.952933 -1.934080
v -0.430303 0.952933 -1.934080
v -0.501050 0.952692 -1.922265
v -0.515017 0.952687 -1.918448
v 0.000000 1.023130 -1.911414
v 0.611564 0.380297 -1.888124
v -0.611564 0.380297 -1.888124
v 0.621098 0.454151 -1.908465
v -0.621098 0.454152 -1.908465
v 0.637826 0.467326 -1.908905
v -0.637826 0.467326 -1.908905
v 0.656048 0.660119 -1.908932
v -0.656048 0.660120 -1.908932
v 0.654237 0.714095 -1.890540
v -0.654237 0.714095 -1.890540
v 0.511600 0.944172 -1.909381
v -0.511600 0.944173 -1.909381
v 0.417918 1.023130 -1.886015
v 0.197550 1.023130 -1.908358
v -0.197550 1.023130 -1.908358
v -0.417918 1.023130 -1.886015
v 0.193327 1.047066 -1.891968
v 0.000000 1.046350 -1.890336
v -0.193327 1.047066 -1.891968
v 0.000000 1.158334 -1.886011
v 0.602906 0.354718 -1.880499
v 0.490364 0.364810 -1.873305
v 0.441465 0.364810 -1.873305
v -0.602906 0.354718 -1.880499
v 0.543527 0.401556 -1.873481
v 0.529478 0.379383 -1.873375
v 0.484945 0.393315 -1.870535
v 0.465915 0.379309 -1.870467
v 0.446885 0.393315 -1.870535
v 0.403059 0.380405 -1.872653
v 0.392513 0.393484 -1.873927
v 0.529478 0.423729 -1.873588
v 0.483303 0.415329 -1.870641
v 0.465915 0.423832 -1.870681
v 0.448527 0.415329 -1.870641
v 0.403059 0.422715 -1.872856
v 0.400935 0.425758 -1.875051
v 0.490364 0.438302 -1.873658
v 0.441465 0.438302 -1.873658
v 0.641479 0.711353 -1.884523
v -0.641478 0.711354 -1.884523
v 0.619931 0.869714 -1.865538
v -0.619930 0.869714 -1.865538
v 0.628354 0.876650 -1.870835
v -0.630039 0.878037 -1.871894
v 0.562643 0.950968 -1.884235
v -0.562642 0.950968 -1.884235
v 0.497666 1.022848 -1.863411
v 0.191917 1.024470 -1.873287
v 0.000000 1.024470 -1.876344
v -0.191917 1.024470 -1.873287
v -0.497666 1.022848 -1.863411
v 0.412990 1.046350 -1.864936
v 0.191566 1.040380 -1.880224
v -0.191566 1.040380 -1.880224
v -0.412990 1.046350 -1.864936
v 0.412412 1.151757 -1.860611
v 0.302228 1.153801 -1.871783
v 0.173391 1.156764 -1.882954
v 0.156833 1.141698 -1.880432
v 0.127430 1.137472 -1.876940
v 0.000000 1.138590 -1.871282
v -0.127430 1.137472 -1.876940
v -0.156833 1.141698 -1.880432
v -0.173390 1.156764 -1.882954
v -0.302228 1.153801 -1.871783
v -0.412412 1.151757 -1.860611
v 0.300837 1.174421 -1.867752
v 0.171348 1.177397 -1.878854
v 0.149298 1.170895 -1.880617
v 0.119215 1.163007 -1.877692
v 0.000000 1.171149 -1.874520
v -0.119215 1.163007 -1.877692
v -0.149297 1.170895 -1.880617
v -0.171348 1.177397 -1.878854
v -0.300836 1.174422 -1.867752
v 0.593943 0.948942 -1.841374
v -0.593943 0.948942 -1.841374
v 0.500507 1.023091 -1.853501
v 0.412285 1.024470 -1.850944
v -0.412285 1.024470 -1.850944
v -0.500507 1.023092 -1.853501
v 0.497351 1.043816 -1.840134
v 0.468582 1.046535 -1.842780
v -0.468582 1.046535 -1.842780
v -0.495555 1.044773 -1.840675
v 0.454917 1.113015 -1.842675
v -0.454916 1.113015 -1.842675
v 0.441471 1.146359 -1.847694
v 0.159474 1.144368 -1.840083
v 0.123600 1.133628 -1.840389
v 0.000000 1.134284 -1.841538
v -0.123600 1.133628 -1.840389
v -0.159474 1.144368 -1.840083
v -0.441470 1.146359 -1.847694
v 0.447895 1.171889 -1.839357
v 0.419816 1.172198 -1.852013
v 0.293670 1.175561 -1.846998
v 0.172184 1.163778 -1.844467
v 0.148166 1.165811 -1.847061
v 0.123945 1.166197 -1.847442
v 0.000000 1.160356 -1.842868
v -0.123945 1.166197 -1.847442
v -0.148166 1.165811 -1.847061
v -0.172184 1.163778 -1.844467
v -0.293670 1.175561 -1.846998
v -0.419816 1.172199 -1.852013
v -0.447895 1.171890 -1.839357
v 0.632436 0.365409 -1.808668
v -0.632436 0.365409 -1.808668
v 0.641971 0.444626 -1.814506
v 0.632720 0.451071 -1.810449
v -0.629716 0.453148 -1.811133
v -0.641971 0.444626 -1.814506
v 0.655025 0.460371 -1.813357
v -0.655654 0.459934 -1.814143
v 0.669298 0.518097 -1.815540
v 0.659208 0.519701 -1.811815
v -0.655890 0.520232 -1.812682
v -0.669297 0.518097 -1.815540
v 0.672804 0.593589 -1.812354
v 0.661560 0.594332 -1.811054
v -0.661560 0.594332 -1.811054
v -0.675075 0.593403 -1.813899
v 0.673058 0.658321 -1.810741
v -0.674242 0.658270 -1.812078
v 0.675110 0.712493 -1.812497
v 0.661817 0.711203 -1.808656
v -0.661817 0.711203 -1.808656
v -0.675110 0.712493 -1.812497
v 0.485922 1.024206 -1.827264
v -0.485922 1.024206 -1.827264
v 0.519903 1.046382 -1.818135
v 0.496864 1.042959 -1.831210
v -0.495829 1.043521 -1.831429
v -0.523093 1.046459 -1.818381
v 0.474573 1.114531 -1.822329
v -0.474573 1.114532 -1.822329
v 0.469611 1.147125 -1.821727
v -0.469611 1.147125 -1.821727
v 0.462516 1.171840 -1.822867
v 0.422312 1.173141 -1.821579
v 0.401797 1.173405 -1.829525
v -0.401797 1.173405 -1.829525
v -0.422311 1.173141 -1.821579
v -0.462516 1.171840 -1.822867
v 0.622211 0.335751 -1.797541
v -0.622556 0.335733 -1.798290
v 0.625787 0.366682 -1.801304
v -0.625840 0.366747 -1.801692
v 0.663271 0.658528 -1.806257
v -0.663270 0.658529 -1.806257
v 0.671708 0.712272 -1.804770
v 0.661504 0.711610 -1.802961
v -0.661503 0.711610 -1.802961
v -0.675110 0.712493 -1.805373
v 0.666768 0.815625 -1.796251
v 0.657775 0.814199 -1.794600
v -0.653279 0.813486 -1.793775
v -0.666767 0.815625 -1.796251
v 0.652165 0.861141 -1.792193
v 0.629099 0.866148 -1.789228
v -0.623400 0.865501 -1.788171
v -0.651997 0.862021 -1.792268
v 0.647571 0.875563 -1.790772
v -0.648513 0.875659 -1.791018
v 0.616419 0.946713 -1.787782
v -0.616418 0.946713 -1.787782
v 0.541782 1.044732 -1.784926
v -0.541781 1.044732 -1.784926
v 0.498718 1.062537 -1.794114
v 0.462781 1.066615 -1.793370
v -0.462780 1.066615 -1.793370
v -0.498718 1.062537 -1.794114
v 0.449419 1.172300 -1.805536
v 0.189783 1.170844 -1.794328
v 0.146478 1.171762 -1.799264
v 0.097724 1.162503 -1.800478
v 0.000000 1.172099 -1.800780
v -0.097723 1.162503 -1.800478
v -0.146477 1.171762 -1.799264
v -0.189782 1.170844 -1.794328
v -0.449419 1.172300 -1.805536
v 0.097724 1.183130 -1.800478
v -0.097724 1.183130 -1.800478
v 0.536393 1.044521 -1.779095
v -0.536393 1.044522 -1.779095
v 0.516593 1.066932 -1.767057
v 0.501389 1.073680 -1.763524
v -0.500740 1.075893 -1.761343
v -0.516592 1.066933 -1.767057
v 0.471744 1.172033 -1.757626
v 0.453560 1.173091 -1.756310
v 0.269695 1.169172 -1.777565
v -0.269694 1.169172 -1.777565
v -0.453560 1.173091 -1.756310
v -0.471743 1.172034 -1.757626
v 0.551904 1.042494 -1.732714
v -0.551904 1.042495 -1.732714
v 0.519319 1.070220 -1.743000
v 0.501954 1.075267 -1.751324
v -0.519319 1.070220 -1.743000
v 0.491759 1.084356 -1.740100
v 0.456797 1.087563 -1.743838
v -0.456796 1.087564 -1.743838
v -0.491758 1.084356 -1.740100
v 0.481617 1.120810 -1.744760
v -0.481616 1.120810 -1.744760
v 0.476570 1.148489 -1.748246
v 0.372060 1.156504 -1.742441
v -0.372059 1.156504 -1.742441
v -0.476570 1.148489 -1.748246
v 0.372060 1.176903 -1.742441
v -0.372059 1.176903 -1.742441
v 0.545001 1.042290 -1.726822
v -0.545001 1.042290 -1.726822
v 0.521642 1.073469 -1.721586
v -0.521642 1.073469 -1.721586
v 0.538866 1.062933 -1.695302
v 0.529443 1.071035 -1.682932
v -0.529443 1.071035 -1.682932
v -0.538866 1.062933 -1.695302
v 0.434422 1.134694 -1.692655
v 0.410948 1.155792 -1.702631
v -0.410947 1.155792 -1.702631
v -0.434422 1.134694 -1.692655
v 0.410948 1.176191 -1.702631
v -0.410947 1.176191 -1.702631
v 0.490734 0.363347 -1.671807
v 0.441095 0.363347 -1.671807
v 0.546233 0.402518 -1.671995
v 0.530894 0.378309 -1.671879
v 0.395822 0.386379 -1.671918
v 0.530894 0.426728 -1.672112
v 0.400935 0.426728 -1.672112
v 0.490735 0.441690 -1.672184
v 0.441095 0.441690 -1.672184
v 0.474494 1.095704 -1.651431
v -0.474493 1.095704 -1.651431
v 0.490763 1.117349 -1.656701
v 0.473950 1.111594 -1.658504
v 0.454920 1.124756 -1.655221
v -0.454920 1.124756 -1.655221
v -0.473950 1.111594 -1.658504
v -0.490347 1.117523 -1.656931
v 0.484765 1.146005 -1.661754
v -0.484764 1.146006 -1.661754
v 0.469212 1.173233 -1.665053
v -0.469211 1.173233 -1.665053
v 0.568451 1.038547 -1.644649
v 0.551175 1.038955 -1.643894
v 0.524948 1.038948 -1.648625
v -0.524947 1.038949 -1.648625
v -0.552765 1.038956 -1.643607
v -0.568450 1.038548 -1.644649
v 0.545982 1.059368 -1.627669
v 0.518107 1.064186 -1.627841
v -0.518324 1.063385 -1.628501
v -0.545982 1.059368 -1.627669
v 0.483258 1.094041 -1.650942
v -0.483258 1.094041 -1.650942
v 0.510758 1.114199 -1.640667
v -0.510757 1.114199 -1.640667
v 0.436139 1.150305 -1.639744
v -0.436139 1.150305 -1.639744
v 0.430392 1.176031 -1.642225
v -0.430391 1.176031 -1.642225
v 0.646419 0.287124 -1.599973
v -0.646418 0.287125 -1.599973
v 0.541522 1.067376 -1.620657
v 0.529380 1.067384 -1.622929
v -0.529379 1.067385 -1.622929
v -0.541522 1.067376 -1.620657
v 0.517424 1.111480 -1.621177
v -0.517423 1.111481 -1.621177
v 0.632938 0.289586 -1.597895
v -0.632938 0.289587 -1.597895
v 0.649910 0.339713 -1.594598
v -0.649910 0.339713 -1.594598
v 0.708750 0.721574 -1.576093
v -0.703230 0.721574 -1.576093
v 0.701962 0.810642 -1.574755
v -0.688161 0.810642 -1.574755
v -0.701962 0.810642 -1.574755
v 0.684497 0.866335 -1.574356
v -0.684497 0.866335 -1.574356
v 0.653328 0.940000 -1.579871
v -0.653327 0.940000 -1.579871
v 0.523474 1.107374 -1.590269
v 0.506390 1.107416 -1.592241
v -0.506389 1.107416 -1.592241
v -0.523473 1.107374 -1.590269
v 0.480656 1.151206 -1.578959
v 0.449836 1.155473 -1.581820
v -0.449835 1.155473 -1.581820
v -0.480655 1.151206 -1.578959
v 0.470951 1.172949 -1.579860
v 0.449836 1.175871 -1.581820
v -0.449835 1.175872 -1.581820
v -0.470951 1.172949 -1.579860
v 0.669076 0.426633 -1.571293
v -0.669076 0.426633 -1.571293
v 0.683353 0.440954 -1.565643
v 0.656874 0.436032 -1.568925
v -0.656873 0.436032 -1.568925
v -0.683353 0.440954 -1.565643
v 0.713040 0.655599 -1.552659
v -0.713039 0.655599 -1.552659
v -0.703464 0.728231 -1.569240
v -0.705007 0.778767 -1.568478
v -0.688874 0.810553 -1.567999
v -0.700880 0.803946 -1.568099
v 0.694096 0.854279 -1.572837
v -0.681268 0.850871 -1.569608
v -0.694929 0.851358 -1.570070
v 0.702465 0.500731 -1.527154
v 0.688891 0.502700 -1.525196
v -0.688891 0.502700 -1.525196
v -0.702465 0.500731 -1.527154
v 0.710758 0.589196 -1.538565
v -0.710758 0.589196 -1.538565
v -0.707713 0.784408 -1.539343
v 0.474278 1.186446 -1.497537
v -0.472334 1.186512 -1.498292
v 0.501257 1.180671 -1.472732
v 0.464383 1.170815 -1.491567
v -0.464383 1.170815 -1.491567
v -0.501256 1.180671 -1.472732
v 0.492403 1.184607 -1.488440
v -0.492402 1.184607 -1.488440
v 0.717508 0.559164 -1.444611
v 0.703810 0.560270 -1.443082
v -0.703810 0.560271 -1.443082
v -0.717508 0.559164 -1.444611
v 0.719140 0.617343 -1.461096
v -0.719139 0.617343 -1.461096
v 0.509871 1.175770 -1.452149
v 0.490139 1.175865 -1.453496
v -0.490139 1.175865 -1.453496
v -0.509870 1.175770 -1.452149
v -0.713078 0.725483 -1.392459
v -0.726879 0.725483 -1.392459
v -0.710585 0.765941 -1.391492
v -0.724386 0.765941 -1.391492
v -0.709639 0.781299 -1.391124
v -0.723440 0.781299 -1.391124
v 0.725857 0.585760 -1.366359
v -0.725857 0.585761 -1.366359
v 0.726774 0.619933 -1.377287
v -0.726774 0.619933 -1.377287
v 0.728049 0.718621 -1.385870
v -0.714249 0.718621 -1.385870
v -0.728049 0.718621 -1.385870
v 0.722595 0.806346 -1.383766
v -0.708527 0.803134 -1.388349
v -0.722327 0.803134 -1.388349
v -0.701212 0.842903 -1.389693
v -0.715012 0.842903 -1.389693
v 0.708114 0.857283 -1.383313
v -0.707912 0.854120 -1.383103
v 0.679229 0.933728 -1.385641
v -0.679228 0.933729 -1.385641
v 0.615342 1.028287 -1.385385
v 0.597857 1.028284 -1.387630
v 0.580181 1.028281 -1.389899
v -0.580180 1.028281 -1.389899
v -0.597857 1.028284 -1.387630
v -0.615342 1.028287 -1.385385
v 0.712155 0.586773 -1.364876
v -0.712155 0.586773 -1.364876
v 0.459735 1.234529 -1.328115
v -0.459735 1.234529 -1.328115
v 0.485604 1.252323 -1.325390
v 0.466242 1.256308 -1.336645
v 0.450544 1.248785 -1.334548
v -0.450543 1.248785 -1.334548
v -0.466170 1.256355 -1.337127
v -0.485603 1.252323 -1.325390
v 0.000000 1.339223 -1.322027
v 0.735786 0.652965 -1.309711
v -0.735786 0.652965 -1.309711
v 0.494172 1.244206 -1.304162
v 0.473989 1.244352 -1.305154
v -0.473989 1.244352 -1.305154
v -0.494171 1.244206 -1.304162
v 0.150533 1.327187 -1.300525
v 0.000000 1.329191 -1.303690
v -0.150532 1.327187 -1.300525
v 0.150580 1.341337 -1.296826
v 0.000000 1.343880 -1.306091
v -0.150579 1.341337 -1.296826
v 0.729213 0.598565 -1.284387
v -0.729213 0.598566 -1.284387
v 0.302826 1.302651 -1.266877
v -0.302826 1.302651 -1.266877
v 0.302123 1.319937 -1.270741
v -0.302123 1.319937 -1.270741
v 0.297836 1.308707 -1.254048
v -0.297835 1.308707 -1.254048
v 0.300555 1.324394 -1.258141
v -0.300555 1.324395 -1.258141
v 0.150157 1.361564 -1.242984
v -0.150156 1.361564 -1.242984
v 0.000000 1.366118 -1.251344
v 0.445874 1.282743 -1.221151
v -0.445874 1.282744 -1.221151
v 0.458634 1.310837 -1.212850
v 0.447006 1.304258 -1.219959
v -0.447006 1.304259 -1.219959
v -0.459686 1.311034 -1.213401
v 0.301043 1.349789 -1.215127
v -0.301043 1.349789 -1.215127
v 0.733989 0.592950 -1.195929
v -0.733989 0.592950 -1.195929
v 0.739671 0.616581 -1.206896
v -0.739671 0.616581 -1.206896
v 0.728709 0.844250 -1.184111
v 0.705930 0.844250 -1.184111
v -0.694540 0.844250 -1.184111
v -0.728709 0.844250 -1.184111
v 0.719115 0.855908 -1.184129
v 0.702031 0.855908 -1.184129
v 0.684946 0.855908 -1.184129
v -0.684946 0.855908 -1.184129
v -0.719115 0.855908 -1.184129
v 0.626617 1.021005 -1.202620
v 0.604573 1.021005 -1.203217
v -0.604572 1.021005 -1.203217
v -0.626617 1.021006 -1.202620
v 0.615638 1.036339 -1.191872
v 0.600140 1.042473 -1.186840
v -0.600139 1.042473 -1.186840
v -0.615638 1.036339 -1.191872
v 0.481424 1.303301 -1.190818
v 0.475970 1.307369 -1.202609
v 0.446974 1.292568 -1.207623
v -0.446973 1.292568 -1.207623
v -0.475970 1.307369 -1.202609
v -0.481424 1.303302 -1.190818
v 0.731727 0.801587 -1.172223
v 0.700560 0.801556 -1.170839
v -0.700559 0.801556 -1.170839
v -0.737431 0.801556 -1.170839
v 0.728764 0.844039 -1.175949
v 0.689190 0.844039 -1.175949
v -0.689190 0.844039 -1.175949
v -0.728764 0.844039 -1.175949
v 0.719170 0.855693 -1.176102
v 0.679596 0.855693 -1.176102
v -0.679596 0.855693 -1.176102
v -0.719169 0.855693 -1.176102
v 0.696810 0.927044 -1.178613
v 0.679571 0.927172 -1.182591
v 0.659938 0.927044 -1.178613
v -0.659938 0.927044 -1.178613
v -0.696809 0.927044 -1.178613
v 0.640209 1.019484 -1.162941
v 0.620394 1.019536 -1.164264
v 0.601067 1.019484 -1.162941
v -0.601067 1.019484 -1.162941
v -0.624259 1.019484 -1.162941
v -0.640208 1.019484 -1.162941
v 0.489869 1.297011 -1.171820
v 0.470525 1.297197 -1.173064
v -0.470525 1.297197 -1.173064
v -0.489868 1.297011 -1.171820
v 0.464539 1.325102 -1.171191
v 0.451129 1.325403 -1.177630
v -0.451128 1.325403 -1.177630
v -0.470730 1.324185 -1.168365
v 0.617930 1.034818 -1.151596
v 0.602432 1.040999 -1.147755
v -0.602382 1.041391 -1.146244
v -0.617930 1.034819 -1.151596
v 0.577208 1.102512 -1.141256
v -0.577207 1.102513 -1.141256
v 0.487635 1.312583 -1.132872
v 0.468540 1.312780 -1.134190
v -0.468539 1.312781 -1.134190
v -0.487635 1.312583 -1.132872
v 0.479299 1.319052 -1.153003
v -0.479299 1.319052 -1.153003
v 0.744469 0.613990 -1.121788
v -0.744469 0.613991 -1.121788
v 0.586617 1.101149 -1.106011
v -0.586617 1.101149 -1.106011
v 0.741292 0.565376 -1.095909
v 0.727598 0.566997 -1.094919
v -0.727597 0.566997 -1.094919
v -0.741292 0.565376 -1.095909
v 0.750265 0.691326 -1.091666
v 0.727448 0.691386 -1.095888
v 0.710730 0.691267 -1.087446
v -0.710729 0.691267 -1.087446
v -0.716058 0.691386 -1.095888
v -0.750265 0.691327 -1.091666
v 0.715727 0.883144 -1.095876
v 0.697578 0.883144 -1.095876
v -0.697578 0.883144 -1.095876
v -0.715727 0.883144 -1.095876
v 0.687635 0.946658 -1.093974
v 0.656152 0.946658 -1.093974
v -0.656152 0.946658 -1.093974
v -0.687635 0.946658 -1.093974
v 0.647507 1.016537 -1.088463
v -0.647507 1.016537 -1.088463
v 0.586617 1.100835 -1.098074
v 0.572383 1.101070 -1.101904
v -0.567638 1.100992 -1.099212
v -0.586617 1.100835 -1.098074
v 0.477599 1.334158 -1.092494
v -0.477598 1.334158 -1.092494
v 0.461240 1.341735 -1.104715
v -0.461240 1.341735 -1.104715
v 0.750828 0.650284 -1.062496
v 0.728007 0.650331 -1.066763
v 0.711296 0.650238 -1.058230
v -0.711295 0.650238 -1.058230
v -0.716617 0.650331 -1.066763
v -0.750827 0.650285 -1.062496
v 0.632991 1.015141 -1.053202
v -0.632991 1.015141 -1.053202
v 0.621222 1.035317 -1.054016
v -0.621222 1.035318 -1.054016
v 0.594719 1.091466 -1.057421
v 0.575741 1.091466 -1.054591
v -0.575740 1.091466 -1.054591
v -0.594719 1.091466 -1.057421
v 0.545399 1.192538 -1.069904
v 0.529583 1.192538 -1.067546
v -0.529583 1.192538 -1.067546
v -0.545398 1.192538 -1.069904
v 0.608705 1.014972 -1.048928
v -0.608705 1.014972 -1.048928
v 0.599662 1.035957 -1.050481
v -0.599661 1.035957 -1.050481
v 0.546110 1.191175 -1.033362
v 0.531875 1.191175 -1.031239
v -0.531875 1.191175 -1.031239
v -0.550854 1.191175 -1.034069
v 0.486296 1.336264 -1.034854
v 0.466553 1.336809 -1.034190
v -0.466552 1.336809 -1.034190
v -0.486295 1.336264 -1.034854
v 0.474365 1.357477 -1.037223
v 0.449756 1.358639 -1.041731
v -0.448572 1.358774 -1.041839
v -0.474365 1.357477 -1.037223
v 0.298953 1.388220 -1.042452
v -0.298952 1.388220 -1.042452
v 0.148999 1.402394 -1.042452
v 0.000000 1.407857 -1.042451
v -0.148998 1.402394 -1.042452
v 0.732801 0.508730 -1.018597
v -0.732801 0.508730 -1.018597
v 0.748160 0.581088 -1.014843
v 0.731033 0.581155 -1.019144
v 0.711289 0.581088 -1.014843
v -0.711289 0.581089 -1.014843
v -0.748160 0.581089 -1.014843
v 0.550854 1.190861 -1.026132
v 0.531875 1.190861 -1.023302
v -0.531875 1.190861 -1.023302
v -0.550854 1.190861 -1.026132
v 0.560639 1.177253 -0.989702
v 0.541661 1.177253 -0.986872
v -0.541660 1.177253 -0.986872
v -0.560639 1.177253 -0.989702
v 0.514582 1.278463 -0.997676
v 0.502205 1.283278 -0.993070
v -0.502205 1.283278 -0.993070
v -0.514582 1.278463 -0.997676
v 0.489829 1.288092 -0.988464
v -0.489828 1.288092 -0.988464
v 0.710025 0.418738 -0.955557
v -0.710024 0.418738 -0.955557
v 0.726841 0.431222 -0.964337
v 0.705726 0.434128 -0.959118
v -0.705725 0.434129 -0.959118
v -0.726841 0.431223 -0.964337
v 0.735054 0.507113 -0.968887
v 0.703893 0.507095 -0.967457
v -0.703893 0.507095 -0.967457
v -0.740764 0.507095 -0.967457
v 0.719743 0.878878 -0.954184
v 0.701594 0.878878 -0.954184
v -0.701594 0.878878 -0.954184
v -0.719743 0.878878 -0.954184
v 0.691084 0.942866 -0.955135
v 0.659602 0.942866 -0.955135
v -0.659601 0.942866 -0.955135
v -0.691084 0.942866 -0.955135
v 0.651361 1.011134 -0.951935
v 0.624079 1.011134 -0.951935
v -0.624079 1.011134 -0.951935
v -0.651361 1.011134 -0.951935
v 0.516874 1.276943 -0.957400
v 0.500372 1.283519 -0.955228
v -0.492121 1.286729 -0.952157
v -0.516874 1.276943 -0.957400
v 0.728633 0.430922 -0.928005
v 0.705853 0.430922 -0.928006
v -0.694463 0.430922 -0.928006
v -0.728633 0.430922 -0.928005
v 0.492121 1.286415 -0.944220
v -0.492121 1.286415 -0.944220
v 0.487800 1.349134 -0.936836
v 0.468226 1.349990 -0.934295
v 0.447679 1.363126 -0.928495
v -0.447679 1.363126 -0.928495
v -0.468225 1.349990 -0.934295
v -0.487799 1.349134 -0.936836
v 0.445961 1.378618 -0.929904
v -0.445960 1.378618 -0.929904
v 0.298812 1.404917 -0.929903
v -0.298812 1.404917 -0.929903
v 0.148928 1.419092 -0.929901
v 0.000000 1.424555 -0.929901
v -0.148928 1.419092 -0.929901
v 0.698371 0.327805 -0.911943
v 0.684766 0.330203 -0.911162
v -0.684766 0.330203 -0.911162
v -0.698371 0.327805 -0.911943
v 0.707435 0.418457 -0.918856
v 0.674848 0.418449 -0.917792
v -0.674848 0.418449 -0.917792
v -0.711719 0.418449 -0.917792
v 0.728734 0.430852 -0.919482
v 0.689160 0.430852 -0.919482
v -0.689160 0.430852 -0.919482
v -0.728734 0.430852 -0.919482
v 0.521344 1.273183 -0.910750
v 0.502365 1.273183 -0.907920
v -0.502365 1.273183 -0.907920
v -0.521343 1.273183 -0.910750
v 0.489446 1.349475 -0.899061
v 0.477216 1.349907 -0.897546
v -0.489446 1.349475 -0.899061
v 0.477659 1.380912 -0.908949
v 0.453777 1.380253 -0.907291
v -0.453226 1.381982 -0.905773
v -0.477659 1.380912 -0.908949
v 0.693160 0.280749 -0.881133
v 0.679538 0.283037 -0.880369
v -0.679538 0.283037 -0.880369
v -0.693160 0.280749 -0.881133
v 0.700452 0.331215 -0.876050
v 0.677148 0.327694 -0.878617
v 0.661403 0.334736 -0.873482
v -0.661403 0.334736 -0.873482
v -0.665759 0.327694 -0.878617
v -0.700452 0.331215 -0.876050
v 0.745619 0.794855 -0.872943
v -0.745619 0.794855 -0.872943
v 0.730205 0.840203 -0.880238
v -0.730205 0.840203 -0.880238
v 0.731208 0.851587 -0.880533
v -0.731207 0.851587 -0.880533
v 0.706662 0.917431 -0.880895
v -0.706662 0.917431 -0.880895
v 0.648606 1.007991 -0.872524
v 0.614029 1.007991 -0.872524
v -0.614029 1.007991 -0.872524
v -0.648605 1.007991 -0.872524
v 0.486744 1.356292 -0.884986
v 0.463649 1.353315 -0.889298
v -0.463648 1.353315 -0.889298
v -0.486744 1.356292 -0.884986
v 0.469703 1.376198 -0.871381
v 0.454572 1.377717 -0.871874
v -0.469703 1.376198 -0.871381
v 0.694569 0.280566 -0.850442
v 0.680928 0.282744 -0.849772
v -0.680928 0.282745 -0.849772
v -0.694569 0.280566 -0.850442
v 0.472773 1.381065 -0.865928
v 0.453227 1.381097 -0.864785
v -0.453226 1.381097 -0.864785
v -0.477659 1.380940 -0.863238
v 0.489606 1.356792 -0.831047
v 0.465173 1.356792 -0.828626
v -0.465173 1.356792 -0.828626
v -0.489605 1.356792 -0.831047
v 0.758827 0.647408 -0.797247
v -0.758827 0.647409 -0.797247
v 0.758318 0.687481 -0.817333
v -0.758318 0.687481 -0.817333
v 0.471514 1.378250 -0.811280
v 0.453237 1.382517 -0.806703
v -0.453236 1.382517 -0.806703
v -0.471514 1.378250 -0.811280
v 0.446887 1.380605 -0.784430
v -0.446887 1.380605 -0.784430
v 0.299146 1.410786 -0.784537
v -0.299146 1.410786 -0.784537
v 0.149095 1.424960 -0.784538
v 0.000000 1.430423 -0.784538
v -0.149095 1.424960 -0.784538
v 0.755795 0.577215 -0.764619
v -0.755795 0.577215 -0.764619
v 0.748092 0.504034 -0.732475
v -0.748092 0.504034 -0.732475
v 0.719024 0.416765 -0.700282
v -0.719024 0.416765 -0.700282
v 0.735967 0.429072 -0.704095
v -0.735967 0.429073 -0.704095
v 0.704405 0.329741 -0.673322
v 0.671041 0.330442 -0.673539
v -0.671041 0.330442 -0.673539
v -0.707912 0.330442 -0.673539
v 0.733466 0.834624 -0.666506
v -0.733465 0.834624 -0.666506
v 0.734466 0.845814 -0.666950
v -0.734466 0.845814 -0.666950
v 0.709909 0.910578 -0.668671
v -0.709909 0.910579 -0.668671
v 0.651804 0.999799 -0.665535
v 0.617227 0.999799 -0.665535
v -0.617227 0.999800 -0.665535
v -0.651803 0.999800 -0.665535
v 0.488634 1.362665 -0.674995
v 0.464202 1.362665 -0.672573
v -0.464201 1.362665 -0.672573
v -0.488634 1.362665 -0.674995
v 0.458733 1.374731 -0.666243
v -0.458732 1.374731 -0.666243
v 0.702177 0.279399 -0.654198
v 0.688499 0.281356 -0.653755
v -0.688498 0.281356 -0.653755
v -0.702177 0.279399 -0.654198
v 0.748873 0.790077 -0.660589
v -0.748873 0.790078 -0.660589
v 0.477696 1.386796 -0.662335
v 0.448901 1.384046 -0.658296
v -0.448900 1.384046 -0.658296
v -0.477696 1.386796 -0.662335
v 0.299034 1.412853 -0.657549
v -0.299033 1.412853 -0.657549
v 0.149039 1.427027 -0.657548
v 0.000000 1.432490 -0.657548
v -0.149039 1.427027 -0.657548
v 0.761474 0.684740 -0.621877
v -0.761473 0.684741 -0.621877
v 0.758652 0.574457 -0.586454
v -0.758652 0.574457 -0.586454
v 0.761945 0.645360 -0.608307
v -0.761945 0.645360 -0.608307
v 0.750729 0.501855 -0.565242
v -0.750729 0.501855 -0.565242
v 0.730108 0.421674 -0.546720
v -0.730108 0.421675 -0.546720
v 0.711086 0.333374 -0.530247
v 0.671512 0.333374 -0.530247
v -0.671512 0.333374 -0.530247
v -0.711086 0.333374 -0.530247
v 0.488140 1.364175 -0.510262
v 0.463632 1.364175 -0.509052
v -0.463632 1.364175 -0.509052
v -0.488139 1.364175 -0.510262
v 0.467381 1.382683 -0.505764
v 0.447945 1.386663 -0.503815
v -0.447944 1.386664 -0.503815
v -0.467381 1.382683 -0.505764
v 0.298408 1.415750 -0.503828
v -0.298407 1.415750 -0.503828
v 0.148726 1.429924 -0.503828
v 0.000000 1.435388 -0.503828
v -0.148725 1.429924 -0.503828
v 0.713156 0.903726 -0.456447
v -0.713156 0.903726 -0.456447
v 0.655002 0.991608 -0.458547
v 0.620426 0.991608 -0.458547
v -0.620425 0.991608 -0.458547
v -0.655002 0.991608 -0.458547
v 0.752127 0.785300 -0.448236
v -0.752126 0.785301 -0.448236
v 0.743459 0.825374 -0.452494
v 0.733859 0.836377 -0.453210
v -0.733859 0.836378 -0.453210
v -0.743459 0.825375 -0.452494
v 0.761509 0.571699 -0.408289
v -0.761509 0.571699 -0.408289
v 0.765062 0.643311 -0.419366
v -0.765062 0.643312 -0.419366
v 0.764629 0.682000 -0.426421
v -0.764629 0.682000 -0.426421
v 0.703180 0.278391 -0.381359
v -0.703180 0.278391 -0.381359
v 0.709860 0.328658 -0.385615
v 0.676494 0.329348 -0.385658
v -0.676494 0.329348 -0.385658
v -0.713366 0.329348 -0.385658
v 0.741177 0.426491 -0.391624
v 0.724265 0.414369 -0.390880
v -0.724265 0.414369 -0.390880
v -0.741177 0.426491 -0.391624
v 0.753367 0.499676 -0.398009
v -0.753367 0.499677 -0.398009
v 0.447526 1.384119 -0.375864
v -0.447526 1.384120 -0.375864
v 0.436438 1.391402 -0.375859
v -0.436438 1.391402 -0.375859
v 0.296791 1.418995 -0.375862
v 0.148396 1.430850 -0.375864
v 0.000000 1.434446 -0.375864
v -0.148395 1.430850 -0.375864
v -0.296791 1.418995 -0.375862
v 0.564961 1.187358 -0.329599
v 0.540378 1.187358 -0.329599
v -0.540378 1.187358 -0.329599
v -0.564961 1.187358 -0.329599
v 0.522688 1.288432 -0.338729
v 0.498105 1.288432 -0.338729
v -0.498105 1.288432 -0.338729
v -0.522688 1.288432 -0.338729
v 0.487646 1.363708 -0.345530
v 0.463063 1.363708 -0.345530
v -0.463062 1.363709 -0.345530
v -0.487645 1.363709 -0.345530
v 0.469666 1.384728 -0.347428
v 0.451321 1.388932 -0.347808
v -0.451320 1.388932 -0.347808
v -0.469666 1.384728 -0.347428
v 0.650222 0.989467 -0.311722
v 0.621132 0.990081 -0.311777
v -0.621132 0.990081 -0.311777
v -0.649266 0.990618 -0.311826
v 0.633968 1.006650 -0.313274
v 0.609386 1.006650 -0.313274
v -0.609385 1.006650 -0.313274
v -0.633968 1.006650 -0.313274
v 0.604715 1.086842 -0.320518
v 0.580132 1.086842 -0.320518
v -0.580132 1.086842 -0.320518
v -0.604715 1.086842 -0.320518
v 0.487829 1.363378 -0.303787
v 0.463247 1.363378 -0.303787
v -0.463246 1.363378 -0.303787
v -0.487829 1.363378 -0.303787
v 0.471268 1.385564 -0.304278
v 0.451346 1.388733 -0.303861
v -0.451346 1.388733 -0.303861
v -0.471267 1.385564 -0.304278
v 0.565886 1.186075 -0.279415
v 0.541303 1.186075 -0.279415
v -0.541302 1.186075 -0.279415
v -0.565885 1.186075 -0.279415
v 0.523446 1.287669 -0.289872
v 0.498863 1.287669 -0.289872
v -0.498863 1.287670 -0.289872
v -0.523446 1.287670 -0.289872
v 0.487881 1.363359 -0.296912
v 0.463298 1.363359 -0.296912
v -0.463298 1.363359 -0.296912
v -0.487880 1.363359 -0.296912
v 0.457335 1.376046 -0.298681
v -0.457335 1.376046 -0.298681
v 0.663197 0.983417 -0.251558
v 0.646328 0.988601 -0.252271
v 0.621275 0.989897 -0.252449
v -0.621275 0.989897 -0.252449
v -0.645858 0.989897 -0.252449
v -0.663197 0.983417 -0.251558
v 0.634900 1.004397 -0.254442
v 0.610317 1.004397 -0.254442
v -0.610317 1.004397 -0.254442
v -0.634900 1.004397 -0.254442
v 0.605700 1.084917 -0.261806
v 0.581118 1.084917 -0.261807
v -0.581117 1.084918 -0.261807
v -0.605700 1.084918 -0.261806
v 0.565937 1.185924 -0.272181
v 0.541354 1.185924 -0.272181
v -0.541354 1.185924 -0.272181
v -0.565937 1.185924 -0.272181
v 0.487777 1.362905 -0.255839
v 0.463194 1.362905 -0.255839
v -0.463194 1.362906 -0.255839
v -0.487777 1.362906 -0.255839
v 0.469731 1.384159 -0.259777
v 0.451372 1.388410 -0.260565
v -0.451372 1.388410 -0.260565
v -0.469731 1.384159 -0.259777
v 0.716573 0.332207 -0.237676
v 0.677000 0.332207 -0.237676
v -0.677000 0.332207 -0.237676
v -0.716573 0.332207 -0.237676
v 0.743820 0.425148 -0.231574
v 0.726924 0.413123 -0.232364
v 0.704247 0.425148 -0.231574
v 0.687350 0.413123 -0.232364
v -0.687350 0.413123 -0.232364
v -0.704247 0.425148 -0.231574
v -0.726924 0.413123 -0.232364
v -0.743820 0.425148 -0.231574
v 0.756041 0.497433 -0.226961
v 0.716467 0.497433 -0.226961
v -0.716467 0.497434 -0.226961
v -0.756040 0.497434 -0.226961
v 0.764399 0.568863 -0.226309
v 0.724825 0.568863 -0.226310
v -0.724825 0.568863 -0.226310
v -0.764399 0.568863 -0.226309
v 0.768209 0.641166 -0.226610
v 0.728636 0.641166 -0.226610
v -0.728636 0.641167 -0.226610
v -0.768209 0.641167 -0.226610
v 0.767813 0.679158 -0.227149
v 0.728240 0.679158 -0.227149
v -0.728240 0.679158 -0.227149
v -0.767813 0.679158 -0.227149
v 0.755406 0.780405 -0.232064
v 0.715833 0.780405 -0.232064
v -0.715833 0.780405 -0.232064
v -0.755406 0.780405 -0.232064
v 0.744842 0.824494 -0.233960
v 0.735847 0.829385 -0.236979
v 0.700771 0.826940 -0.235469
v -0.700770 0.826940 -0.235469
v -0.735846 0.829386 -0.236979
v -0.744841 0.824494 -0.233960
v 0.716429 0.896736 -0.240402
v 0.676855 0.896736 -0.240402
v -0.676855 0.896736 -0.240402
v -0.716429 0.896736 -0.240402
v 0.663249 0.983114 -0.243913
v 0.646379 0.988302 -0.244636
v 0.621327 0.989599 -0.244817
v -0.621326 0.989599 -0.244817
v -0.645909 0.989599 -0.244817
v -0.663248 0.983114 -0.243913
v 0.634951 1.004110 -0.246840
v 0.610369 1.004110 -0.246840
v -0.610368 1.004110 -0.246840
v -0.634951 1.004110 -0.246840
v 0.565412 1.184597 -0.222804
v 0.540829 1.184597 -0.222804
v -0.540829 1.184597 -0.222804
v -0.565411 1.184597 -0.222804
v 0.523059 1.286790 -0.241738
v 0.498476 1.286791 -0.241738
v -0.498476 1.286791 -0.241738
v -0.523059 1.286790 -0.241738
v 0.446092 1.385198 -0.232245
v -0.446092 1.385199 -0.232245
v 0.298623 1.415379 -0.232217
v -0.298622 1.415379 -0.232217
v 0.148833 1.429553 -0.232219
v 0.000000 1.435017 -0.232220
v -0.148833 1.429553 -0.232219
v 0.605185 1.082961 -0.203974
v 0.580602 1.082961 -0.203974
v -0.580602 1.082962 -0.203974
v -0.605185 1.082962 -0.203974
v 0.732403 0.852118 -0.170864
v 0.714254 0.852118 -0.170864
v -0.714253 0.852118 -0.170864
v -0.732402 0.852118 -0.170864
v 0.701648 0.916989 -0.170385
v 0.670166 0.916989 -0.170385
v -0.670165 0.916990 -0.170385
v -0.701648 0.916990 -0.170385
v 0.650646 0.984385 -0.182635
v 0.621584 0.985128 -0.185848
v -0.621583 0.985129 -0.185848
v -0.649694 0.985564 -0.183237
v 0.634423 1.001881 -0.188952
v 0.609840 1.001881 -0.188952
v -0.609840 1.001881 -0.188952
v -0.634423 1.001881 -0.188952
v 0.495078 1.358601 -0.105193
v 0.470492 1.358608 -0.105190
v -0.470491 1.358608 -0.105190
v -0.495078 1.358601 -0.105193
v 0.482356 1.384163 -0.104254
v 0.460953 1.377774 -0.104488
v 0.449876 1.382843 -0.108774
v -0.449875 1.382843 -0.108774
v -0.460952 1.377774 -0.104488
v -0.482355 1.384163 -0.104254
v 0.301146 1.413035 -0.108577
v -0.301146 1.413035 -0.108577
v 0.150095 1.427216 -0.108598
v 0.000000 1.432684 -0.108606
v -0.150095 1.427216 -0.108598
v 0.729716 0.850210 -0.029229
v 0.711567 0.850210 -0.029229
v -0.711567 0.850210 -0.029229
v -0.729715 0.850210 -0.029229
v 0.698536 0.914604 -0.032100
v 0.667053 0.914604 -0.032100
v -0.667052 0.914605 -0.032100
v -0.698535 0.914605 -0.032100
v 0.656422 0.974997 -0.038802
v 0.621846 0.974997 -0.038802
v -0.621845 0.974997 -0.038802
v -0.656422 0.974997 -0.038802
v 0.703843 0.276248 0.005810
v -0.703842 0.276248 0.005810
v 0.708433 0.323875 0.011605
v 0.679959 0.323875 0.011605
v -0.679959 0.323876 0.011605
v -0.714128 0.323876 0.011605
v 0.715016 0.330494 0.012372
v 0.675443 0.330494 0.012372
v -0.675443 0.330494 0.012372
v -0.715016 0.330494 0.012372
v 0.656044 0.973319 0.003612
v 0.621467 0.973319 0.003612
v -0.621467 0.973319 0.003612
v -0.656043 0.973319 0.003612
v 0.742424 0.420304 0.022779
v 0.725507 0.408684 0.021433
v -0.725507 0.408685 0.021433
v -0.742424 0.420305 0.022779
v 0.754673 0.492133 0.029837
v -0.754673 0.492134 0.029837
v 0.762647 0.562322 0.032633
v -0.762647 0.562322 0.032633
v 0.766030 0.630944 0.033075
v -0.766030 0.630945 0.033075
v 0.765633 0.668929 0.032557
v -0.765632 0.668929 0.032557
v 0.753223 0.770163 0.027557
v -0.753222 0.770164 0.027557
v 0.744562 0.809497 0.024462
v 0.731095 0.816715 0.023529
v -0.731094 0.816715 0.023529
v -0.744562 0.809497 0.024462
v 0.738825 0.823925 0.022806
v -0.738824 0.823925 0.022806
v 0.714246 0.886554 0.017248
v -0.714245 0.886554 0.017248
v 0.466270 1.357582 0.031750
v -0.466270 1.357582 0.031750
v 0.486835 1.372719 0.031472
v 0.461665 1.371499 0.026098
v 0.447881 1.373286 0.020336
v -0.447881 1.373286 0.020336
v -0.461664 1.371500 0.026098
v -0.486835 1.372719 0.031472
v 0.305525 1.398173 0.020336
v 0.152287 1.412348 0.020335
v -0.152286 1.412348 0.020335
v -0.305525 1.398173 0.020336
v 0.000000 1.417814 0.020335
v 0.502379 1.344378 0.045454
v 0.477789 1.344392 0.045460
v -0.477788 1.344392 0.045460
v -0.502379 1.344379 0.045454
v 0.493734 1.326982 0.111838
v -0.493733 1.326983 0.111838
v 0.474406 1.339807 0.116555
v -0.474405 1.339807 0.116555
v 0.463510 1.333315 0.119204
v -0.463510 1.333315 0.119204
v 0.491957 1.351105 0.121268
v 0.466878 1.349281 0.122351
v 0.454132 1.349573 0.126030
v -0.454132 1.349573 0.126030
v -0.466877 1.349281 0.122351
v -0.491957 1.351105 0.121268
v 0.310039 1.374470 0.156559
v -0.310039 1.374470 0.156559
v 0.485086 1.300481 0.178224
v -0.485085 1.300481 0.178224
v 0.154419 1.388632 0.175326
v -0.154419 1.388633 0.175326
v 0.000000 1.394047 0.182566
v 0.519238 1.280532 0.204065
v -0.519238 1.280532 0.204065
v 0.492948 1.308047 0.208427
v 0.473126 1.302160 0.216288
v -0.473125 1.302160 0.216288
v -0.492947 1.308047 0.208427
v 0.464878 1.309432 0.222228
v -0.464877 1.309432 0.222228
v 0.701609 0.274979 0.252815
v -0.701609 0.274979 0.252815
v 0.703949 0.322389 0.261336
v 0.678322 0.322389 0.261336
v -0.678322 0.322389 0.261336
v -0.712491 0.322389 0.261336
v 0.713392 0.328776 0.262420
v 0.673818 0.328776 0.262420
v -0.673818 0.328776 0.262420
v -0.713392 0.328776 0.262420
v 0.653802 0.963372 0.254958
v 0.619225 0.963372 0.254958
v -0.619225 0.963372 0.254958
v -0.653801 0.963372 0.254958
v 0.732499 0.409833 0.276181
v -0.732498 0.409834 0.276181
v 0.753248 0.486819 0.286636
v -0.753248 0.486819 0.286636
v 0.760837 0.555762 0.291576
v -0.760837 0.555762 0.291576
v 0.763788 0.620668 0.292760
v -0.763787 0.620668 0.292760
v 0.763391 0.658651 0.292264
v -0.763390 0.658651 0.292264
v 0.750981 0.759889 0.287177
v -0.750980 0.759889 0.287177
v 0.742320 0.799234 0.283791
v 0.732718 0.810073 0.282104
v -0.732717 0.810073 0.282104
v -0.742320 0.799235 0.283791
v 0.712003 0.876358 0.274896
v -0.712003 0.876358 0.274896
v 0.317194 1.329643 0.279149
v -0.317194 1.329643 0.279149
v 0.156940 1.334084 0.312310
v -0.156939 1.334084 0.312310
v 0.158081 1.348491 0.316465
v -0.158080 1.348491 0.316465
v 0.551561 1.192718 0.347999
v 0.526967 1.192743 0.348015
v -0.526967 1.192743 0.348015
v -0.551561 1.192718 0.347999
v 0.000000 1.348001 0.328399
v 0.519905 1.207789 0.357417
v -0.519905 1.207790 0.357417
v 0.537426 1.222836 0.366820
v 0.511354 1.222836 0.366820
v 0.498475 1.218060 0.367197
v -0.498474 1.218060 0.367197
v -0.511354 1.222836 0.366820
v -0.537425 1.222836 0.366820
v 0.651987 0.955323 0.458345
v 0.617411 0.955323 0.458345
v -0.617411 0.955323 0.458345
v -0.651987 0.955323 0.458345
v 0.581168 1.114529 0.457803
v 0.556574 1.114555 0.457823
v -0.556574 1.114555 0.457823
v -0.581168 1.114529 0.457803
v 0.703921 0.272928 0.499887
v -0.703920 0.272928 0.499887
v 0.690290 0.275275 0.499777
v -0.690289 0.275276 0.499777
v 0.549559 1.119911 0.489396
v 0.529986 1.118517 0.506535
v -0.529986 1.118517 0.506535
v -0.549559 1.119911 0.489396
v 0.705160 0.320902 0.511067
v 0.676685 0.320902 0.511067
v -0.676685 0.320903 0.511067
v -0.710854 0.320903 0.511067
v 0.711767 0.327057 0.512469
v 0.672194 0.327057 0.512469
v -0.672194 0.327057 0.512469
v -0.711767 0.327057 0.512469
v 0.722551 0.399769 0.529025
v -0.722551 0.399770 0.529025
v 0.739512 0.410576 0.531485
v -0.739512 0.410576 0.531485
v 0.709761 0.866161 0.532544
v -0.709761 0.866162 0.532544
v 0.574214 1.128777 0.508801
v 0.543484 1.129483 0.510457
v -0.543484 1.129483 0.510457
v -0.574214 1.128777 0.508801
v 0.751824 0.481504 0.543435
v -0.751823 0.481504 0.543435
v 0.759026 0.549202 0.550520
v -0.759026 0.549202 0.550520
v 0.761546 0.610391 0.552446
v -0.761545 0.610391 0.552446
v 0.761149 0.648373 0.551970
v -0.761148 0.648374 0.551970
v 0.748739 0.749615 0.546798
v -0.748738 0.749615 0.546798
v 0.740078 0.788971 0.543120
v -0.740078 0.788972 0.543120
v 0.730476 0.799826 0.541041
v -0.730475 0.799826 0.541041
v 0.622398 0.998889 0.604279
v 0.597803 0.998922 0.604309
v -0.597802 0.998922 0.604309
v -0.622398 0.998889 0.604279
v 0.590151 1.018056 0.621532
v 0.575230 1.025143 0.631049
v -0.575230 1.025143 0.631049
v -0.590151 1.018056 0.621532
v 0.562746 1.027254 0.636026
v -0.562746 1.027254 0.636026
v 0.646174 0.947266 0.661942
v 0.615594 0.947262 0.662035
v -0.615594 0.947262 0.662035
v -0.646174 0.947266 0.661942
v 0.607082 1.037191 0.638756
v 0.576352 1.037897 0.640411
v -0.576352 1.037897 0.640411
v -0.607082 1.037191 0.638756
v 0.668799 0.859749 0.694579
v -0.668799 0.859749 0.694579
v 0.615168 0.945370 0.709842
v -0.615167 0.945370 0.709842
v 0.701679 0.271252 0.755461
v -0.701678 0.271253 0.755461
v 0.688085 0.273843 0.755069
v -0.688085 0.273844 0.755069
v 0.710143 0.325339 0.762517
v 0.670570 0.325339 0.762517
v -0.670570 0.325339 0.762517
v -0.710143 0.325339 0.762517
v 0.668373 0.857857 0.742385
v -0.668372 0.857857 0.742385
v 0.648102 0.941511 0.761403
v 0.614741 0.943478 0.757649
v -0.614741 0.943478 0.757649
v -0.648102 0.941512 0.761403
v 0.703523 0.319078 0.769338
v 0.675049 0.319078 0.769338
v -0.675049 0.319078 0.769338
v -0.709218 0.319078 0.769338
v 0.704838 0.326842 0.770981
v -0.704838 0.326842 0.770981
v 0.721073 0.395143 0.787090
v 0.681500 0.395312 0.782820
v -0.681500 0.395312 0.782820
v -0.721073 0.395143 0.787090
v 0.738056 0.405711 0.785838
v 0.703383 0.404922 0.788389
v -0.703383 0.404922 0.788389
v -0.738056 0.405711 0.785838
v 0.707519 0.855965 0.790192
v 0.667946 0.855965 0.790192
v -0.667946 0.855965 0.790192
v -0.707519 0.855965 0.790192
v 0.735070 0.407940 0.794311
v -0.735070 0.407940 0.794311
v 0.750399 0.476021 0.804504
v 0.736794 0.478376 0.808211
v 0.710826 0.476190 0.800234
v -0.710825 0.476190 0.800234
v -0.736794 0.478376 0.808211
v -0.750399 0.476021 0.804504
v 0.754466 0.542709 0.814490
v 0.717642 0.542642 0.809463
v -0.717642 0.542643 0.809463
v -0.754466 0.542709 0.814490
v 0.759304 0.600114 0.812131
v 0.719730 0.600114 0.812131
v -0.719730 0.600114 0.812131
v -0.759303 0.600114 0.812131
v 0.758906 0.638096 0.811677
v 0.719333 0.638096 0.811677
v -0.719333 0.638096 0.811677
v -0.758906 0.638096 0.811677
v 0.746497 0.739171 0.810688
v 0.732982 0.735980 0.814364
v 0.706923 0.739340 0.806419
v -0.706923 0.739341 0.806419
v -0.732982 0.735980 0.814364
v -0.746496 0.739172 0.810688
v 0.731025 0.784278 0.806306
v 0.700375 0.779462 0.807953
v 0.684795 0.785954 0.800838
v -0.684795 0.785954 0.800838
v -0.700375 0.779462 0.807953
v -0.731024 0.784279 0.806306
v 0.732099 0.793203 0.799118
v 0.692525 0.793203 0.799118
v -0.692525 0.793203 0.799118
v -0.732098 0.793203 0.799118
v 0.703579 0.853010 0.798478
v -0.703579 0.853010 0.798478
v 0.754708 0.599955 0.820543
v -0.754707 0.599955 0.820543
v 0.745086 0.636625 0.819826
v -0.745085 0.636625 0.819826
v 0.758906 0.637758 0.820216
v -0.758906 0.637758 0.820216
v 0.632449 0.858867 0.841996
v -0.632449 0.858867 0.841996
v 0.683151 0.277626 0.861601
v 0.661350 0.275703 0.860368
v -0.661350 0.275703 0.860368
v -0.683151 0.277627 0.861601
v 0.631189 0.867465 0.848972
v -0.631188 0.867465 0.848972
v 0.624315 0.872823 0.854943
v -0.624315 0.872823 0.854943
v 0.695808 0.271252 0.874765
v 0.678723 0.271252 0.874765
v 0.661639 0.271252 0.874765
v -0.661639 0.271253 0.874765
v -0.695808 0.271253 0.874765
v 0.703836 0.321416 0.890234
v 0.677680 0.317774 0.889466
v -0.669124 0.317339 0.889741
v -0.703836 0.321416 0.890234
v 0.690777 0.326521 0.891103
v -0.690777 0.326522 0.891103
v 0.602806 0.938964 0.883943
v -0.602806 0.938964 0.883943
v 0.723548 0.395487 0.915133
v 0.703153 0.400991 0.913194
v -0.703153 0.400991 0.913194
v -0.723548 0.395487 0.915133
v 0.719354 0.409716 0.916421
v -0.719354 0.409717 0.916421
v 0.744651 0.468301 0.937840
v 0.731025 0.470691 0.937288
v -0.731024 0.470691 0.937288
v -0.744651 0.468301 0.937840
v 0.752429 0.535109 0.967150
v 0.738663 0.536276 0.966678
v -0.738663 0.536276 0.966678
v -0.752429 0.535110 0.967150
v 0.502967 0.940771 0.968877
v -0.502967 0.940771 0.968877
v 0.754337 0.593415 1.008257
v 0.740544 0.593870 1.007902
v -0.740544 0.593871 1.007902
v -0.754336 0.593415 1.008257
v 0.738799 0.726624 1.039862
v -0.738798 0.726624 1.039862
v 0.730829 0.766476 1.033347
v -0.730829 0.766476 1.033347
v 0.726541 0.777343 1.030930
v 0.700130 0.773903 1.030849
v -0.700129 0.773903 1.030849
v -0.726541 0.777343 1.030930
v 0.696608 0.843710 1.038290
v -0.696608 0.843710 1.038290
v 0.646283 0.914816 1.033013
v -0.646283 0.914817 1.033013
v 0.316705 0.932611 1.050478
v -0.316705 0.932611 1.050478
v 0.317877 0.950977 1.052840
v -0.317876 0.950977 1.052840
v 0.741609 0.635695 1.066648
v -0.741609 0.635695 1.066648
v 0.755340 0.637987 1.067114
v -0.755339 0.637987 1.067114
v 0.158141 0.937292 1.090811
v 0.000000 0.938636 1.103682
v -0.158141 0.937292 1.090811
v 0.158451 0.952230 1.092435
v -0.158451 0.952230 1.092435
v 0.741025 0.701530 1.121084
v -0.741025 0.701530 1.121084
v 0.595957 0.915599 1.130001
v -0.595957 0.915600 1.130001
v 0.000000 0.953575 1.105328
v 0.748441 0.661708 1.136640
v 0.735022 0.658245 1.135997
v -0.735021 0.658245 1.135997
v -0.748441 0.661708 1.136640
v 0.730879 0.666614 1.208992
v -0.730879 0.666615 1.208992
v 0.737126 0.698135 1.195744
v -0.737126 0.698135 1.195744
v 0.495338 0.915379 1.202206
v -0.495338 0.915379 1.202206
v 0.744131 0.670742 1.209830
v -0.744131 0.670743 1.209830
v 0.719844 0.759344 1.253135
v 0.704212 0.761350 1.249611
v 0.684727 0.761759 1.252598
v -0.684726 0.761759 1.252598
v -0.704211 0.761350 1.249611
v -0.719844 0.759344 1.253135
v 0.716050 0.769004 1.250987
v -0.716049 0.769004 1.250987
v 0.734924 0.670994 1.283141
v -0.734924 0.670995 1.283141
v 0.728553 0.715402 1.263555
v -0.728553 0.715403 1.263555
v 0.681179 0.826863 1.281817
v -0.681179 0.826863 1.281817
v 0.310085 0.918802 1.275303
v -0.310084 0.918802 1.275303
v 0.303015 0.927813 1.278338
v -0.303015 0.927814 1.278338
v 0.632115 0.879622 1.301502
v -0.632115 0.879623 1.301502
v 0.151981 0.928562 1.311508
v -0.151981 0.928562 1.311508
v 0.000000 0.929586 1.322511
v 0.720926 0.661594 1.355610
v -0.720926 0.661595 1.355610
v 0.734365 0.664883 1.356829
v -0.734365 0.664883 1.356829
v 0.728950 0.691052 1.350621
v -0.728950 0.691052 1.350621
v 0.581788 0.879272 1.376964
v -0.581788 0.879272 1.376964
v 0.727655 0.639537 1.425675
v -0.727655 0.639537 1.425675
v 0.725726 0.686045 1.425125
v -0.725725 0.686046 1.425125
v 0.481169 0.877674 1.436423
v -0.481169 0.877674 1.436423
v 0.713480 0.580583 1.494258
v -0.713480 0.580583 1.494258
v 0.723815 0.597188 1.485704
v 0.710306 0.595521 1.483112
v -0.710306 0.595521 1.483112
v -0.723815 0.597188 1.485704
v 0.714626 0.702642 1.494329
v -0.714626 0.702642 1.494329
v 0.700944 0.750870 1.480110
v 0.669609 0.749848 1.480984
v -0.669609 0.749849 1.480984
v -0.700944 0.750870 1.480110
v 0.723815 0.590369 1.496115
v -0.723815 0.590369 1.496115
v 0.293296 0.883107 1.500486
v -0.293296 0.883107 1.500486
v 0.752958 0.546989 1.528774
v 0.739370 0.539820 1.526458
v -0.739370 0.539820 1.526458
v -0.752957 0.546989 1.528774
v 0.659864 0.803590 1.532162
v -0.659864 0.803591 1.532162
v 0.145229 0.888040 1.529590
v 0.000000 0.888604 1.538712
v -0.145228 0.888040 1.529590
v 0.744131 0.467425 1.566607
v 0.730524 0.468829 1.564391
v -0.730524 0.468829 1.564391
v -0.744131 0.467425 1.566607
v 0.616384 0.834350 1.564450
v -0.616383 0.834350 1.564450
v 0.680795 0.258481 1.595265
v -0.680795 0.258481 1.595265
v 0.701797 0.322405 1.595440
v -0.701797 0.322406 1.595440
v 0.688859 0.326991 1.592807
v -0.688859 0.326991 1.592807
v 0.719153 0.369399 1.588355
v 0.709298 0.368843 1.588076
v -0.709298 0.368843 1.588076
v -0.719153 0.369399 1.588355
v 0.709798 0.385579 1.585198
v 0.686715 0.380845 1.583897
v -0.686715 0.380845 1.583897
v -0.709798 0.385579 1.585198
v 0.729827 0.411506 1.581391
v -0.729827 0.411506 1.581391
v 0.700435 0.578612 1.587581
v -0.700435 0.578612 1.587581
v 0.710771 0.588384 1.589513
v -0.710771 0.588384 1.589513
v 0.742734 0.545434 1.608709
v -0.742734 0.545434 1.608709
v 0.566057 0.832542 1.618831
v -0.566057 0.832542 1.618831
v 0.663868 0.264806 1.648818
v -0.663868 0.264806 1.648818
v 0.724490 0.413410 1.650802
v -0.724490 0.413410 1.650802
v 0.734289 0.468574 1.638701
v -0.734289 0.468574 1.638701
v 0.676892 0.260830 1.651834
v -0.676892 0.260831 1.651834
v 0.692439 0.326285 1.657904
v -0.692439 0.326285 1.657904
v 0.705490 0.371552 1.653392
v -0.705490 0.371552 1.653392
v 0.711216 0.377326 1.653743
v -0.711216 0.377327 1.653743
v 0.465438 0.829172 1.665808
v -0.465438 0.829172 1.665808
v 0.687119 0.577256 1.680592
v -0.687119 0.577257 1.680592
v 0.697726 0.586619 1.682910
v -0.697726 0.586620 1.682910
v 0.657023 0.267163 1.724367
v -0.657023 0.267164 1.724367
v 0.727216 0.543698 1.705394
v -0.727216 0.543698 1.705394
v 0.652915 0.732693 1.714638
v 0.622129 0.731983 1.715160
v -0.622129 0.731983 1.715160
v -0.652915 0.732694 1.714638
v 0.653540 0.745232 1.713854
v -0.653540 0.745232 1.713854
v 0.633859 0.775197 1.728436
v -0.633859 0.775197 1.728436
v 0.278779 0.833188 1.715247
v -0.278779 0.833188 1.715247
v 0.676450 0.331141 1.741017
v -0.676450 0.331141 1.741017
v 0.691737 0.373255 1.740926
v -0.691737 0.373255 1.740926
v 0.694781 0.381641 1.740907
v 0.687978 0.378779 1.736449
v -0.687978 0.378779 1.736449
v -0.694781 0.381641 1.740907
v 0.707740 0.417341 1.740830
v -0.707739 0.417341 1.740830
v 0.717317 0.470138 1.730195
v -0.717317 0.470139 1.730195
v 0.676354 0.677099 1.737253
v 0.662961 0.674035 1.734494
v -0.662961 0.674035 1.734494
v -0.676354 0.677099 1.737253
v 0.605351 0.792087 1.738252
v -0.605351 0.792087 1.738252
v 0.138361 0.834234 1.747884
v -0.138361 0.834234 1.747884
v 0.673935 0.576136 1.772542
v -0.673935 0.576136 1.772542
v 0.679641 0.589593 1.772919
v -0.679641 0.589593 1.772919
v 0.674799 0.632196 1.760139
v -0.674799 0.632196 1.760139
v 0.623026 0.763369 1.777967
v -0.623026 0.763369 1.777967
v 0.555025 0.788919 1.778698
v -0.555024 0.788919 1.778698
v 0.000000 0.834079 1.755135
v 0.623176 0.276797 1.806893
v -0.623176 0.276797 1.806893
v 0.608659 0.729716 1.801209
v -0.608659 0.729716 1.801209
v 0.600595 0.765896 1.794314
v -0.600594 0.765896 1.794314
v 0.634995 0.271370 1.812855
v -0.634995 0.271370 1.812855
v 0.699387 0.542442 1.816913
v -0.699387 0.542442 1.816913
v 0.617509 0.739687 1.809411
v 0.591954 0.725857 1.829708
v -0.591954 0.725857 1.829708
v -0.617509 0.739687 1.809411
v 0.550268 0.761884 1.830265
v -0.550268 0.761885 1.830265
v 0.454405 0.783894 1.817424
v -0.454405 0.783895 1.817424
v 0.649579 0.336824 1.839178
v -0.649579 0.336825 1.839178
v 0.665611 0.382292 1.847919
v 0.662530 0.383238 1.835531
v -0.662530 0.383238 1.835531
v -0.665611 0.382293 1.847919
v 0.679625 0.422038 1.846642
v -0.679625 0.422038 1.846642
v 0.688963 0.472332 1.836491
v -0.688962 0.472332 1.836491
v 0.629756 0.586903 1.858695
v -0.629756 0.586903 1.858695
v 0.633224 0.632365 1.847068
v -0.633223 0.632365 1.847068
v 0.596820 0.737315 1.838255
v -0.596820 0.737315 1.838255
v 0.271447 0.781610 1.858280
v -0.271446 0.781610 1.858280
v 0.579663 0.283128 1.879838
v -0.579663 0.283128 1.879838
v 0.630911 0.575569 1.866033
v -0.630910 0.575569 1.866033
v 0.639831 0.588446 1.870630
v 0.634793 0.589396 1.863441
v -0.634793 0.589396 1.863441
v -0.639830 0.588446 1.870630
v 0.545406 0.727687 1.867076
v -0.545587 0.728470 1.867677
v 0.449649 0.755835 1.866330
v -0.449649 0.755835 1.866330
v 0.588735 0.276043 1.889161
v -0.588734 0.276044 1.889161
v 0.593815 0.300637 1.902658
v -0.593815 0.300637 1.902658
v 0.562027 0.628527 1.910622
v 0.558471 0.625519 1.904823
v -0.558471 0.625519 1.904823
v -0.562027 0.628528 1.910622
v 0.444178 0.713681 1.895165
v -0.444177 0.713681 1.895165
v 0.445875 0.725215 1.904662
v -0.445874 0.725216 1.904662
v 0.266766 0.750028 1.907644
v -0.266766 0.750028 1.907644
v 0.134010 0.775849 1.885689
v 0.000000 0.774996 1.891751
v -0.134010 0.775849 1.885689
v 0.517912 0.286844 1.926514
v -0.517912 0.286844 1.926514
v 0.474590 0.300637 1.914391
v 0.439704 0.301059 1.926605
v -0.439704 0.301059 1.926605
v -0.474590 0.300637 1.914391
v 0.602257 0.341498 1.925082
v -0.602257 0.341498 1.925082
v 0.617478 0.387683 1.932814
v -0.617478 0.387684 1.932814
v 0.638850 0.474495 1.929475
v -0.638850 0.474496 1.929475
v 0.649440 0.542093 1.914015
v -0.649440 0.542093 1.914015
v 0.560893 0.579659 1.928170
v -0.560893 0.579659 1.928170
v 0.563701 0.587087 1.931192
v -0.563701 0.587087 1.931192
v 0.565582 0.631536 1.916421
v -0.565582 0.631536 1.916421
v 0.261740 0.706020 1.936058
v -0.261740 0.706021 1.936058
v 0.132739 0.747385 1.928997
v 0.000000 0.746078 1.934722
v -0.132739 0.747385 1.928997
v 0.522944 0.278616 1.938045
v 0.470479 0.282066 1.950667
v 0.434071 0.288385 1.953944
v -0.434071 0.288385 1.953944
v -0.470479 0.282066 1.950667
v -0.522944 0.278616 1.938045
v 0.526985 0.300637 1.952198
v 0.474590 0.300637 1.958449
v 0.307301 0.302661 1.946864
v 0.279884 0.300637 1.948367
v -0.279884 0.300637 1.948367
v -0.307301 0.302661 1.946864
v -0.474590 0.300637 1.958449
v -0.526985 0.300637 1.952198
v 0.483760 0.344684 1.944031
v -0.483760 0.344684 1.944031
v 0.492713 0.387683 1.957440
v -0.492713 0.387684 1.957440
v 0.630108 0.426007 1.939229
v -0.630108 0.426008 1.939229
v 0.567029 0.587586 1.939057
v -0.567029 0.587069 1.939447
v 0.475684 0.627119 1.956604
v -0.475684 0.627119 1.956604
v 0.255797 0.672904 1.957538
v 0.243484 0.672711 1.959118
v -0.243484 0.672711 1.959118
v -0.255797 0.672904 1.957538
v 0.255639 0.706725 1.948281
v 0.130853 0.708249 1.958317
v 0.052862 0.698522 1.959812
v 0.026250 0.698105 1.960909
v 0.000000 0.699962 1.959505
v -0.026250 0.698105 1.960909
v -0.052861 0.698522 1.959812
v -0.130852 0.708249 1.958317
v -0.255639 0.706725 1.948281
v 0.262960 0.717213 1.946041
v -0.262960 0.717213 1.946041
v 0.436429 0.279675 1.966001
v 0.305684 0.282752 1.980373
v 0.278117 0.282765 1.983397
v -0.278117 0.282765 1.983397
v -0.305684 0.282752 1.980373
v -0.436429 0.279676 1.966001
v 0.474590 0.300637 1.968679
v 0.439704 0.301059 1.977483
v 0.104935 0.299586 1.966433
v 0.027092 0.299119 1.968705
v -0.027092 0.299119 1.968705
v -0.104935 0.299586 1.966433
v -0.439704 0.301059 1.977483
v -0.474590 0.300637 1.968679
v 0.483760 0.344684 1.988089
v -0.483760 0.344684 1.988089
v 0.456602 0.387683 1.970602
v -0.456602 0.387684 1.970602
v 0.580939 0.542189 1.976106
v -0.580939 0.542190 1.976106
v 0.473385 0.579270 1.973235
v -0.473385 0.579270 1.973235
v 0.476227 0.586381 1.983067
v -0.476227 0.586382 1.983067
v 0.367882 0.625634 1.981719
v 0.250341 0.624558 1.985788
v 0.238199 0.632482 1.982795
v -0.238199 0.632482 1.982795
v -0.250341 0.624558 1.985788
v -0.367882 0.625634 1.981719
v 0.253403 0.653278 1.977739
v 0.241212 0.654269 1.977429
v 0.123841 0.655147 1.983780
v 0.000000 0.659151 1.985861
v -0.123840 0.655148 1.983780
v -0.241212 0.654269 1.977429
v -0.253403 0.653278 1.977739
v 0.255928 0.671663 1.973478
v 0.243684 0.671746 1.977087
v 0.126507 0.676131 1.982746
v 0.051353 0.670169 1.977239
v 0.025338 0.663996 1.981947
v -0.025338 0.663996 1.981947
v -0.051353 0.670169 1.977239
v -0.126507 0.676131 1.982746
v -0.243684 0.671746 1.977087
v -0.255928 0.671663 1.973478
v 0.130317 0.706154 1.967411
v 0.053161 0.705038 1.970537
v 0.026551 0.704657 1.971613
v 0.000000 0.708562 1.970177
v -0.026550 0.704657 1.971613
v -0.053161 0.705038 1.970537
v -0.130317 0.706154 1.967411
v 0.103976 0.282789 2.001414
v 0.027031 0.282816 2.004024
v 0.000000 0.282819 2.004940
v -0.027031 0.282816 2.004024
v -0.103976 0.282789 2.001414
v 0.307301 0.302661 1.995013
v 0.279884 0.300637 1.996517
v 0.104935 0.299586 2.010490
v 0.027092 0.299119 2.012763
v 0.000000 0.299076 2.013732
v -0.027092 0.299119 2.012763
v -0.104935 0.299586 2.010490
v -0.279884 0.300637 1.996517
v -0.307301 0.302661 1.995013
v 0.547779 0.387683 1.989669
v 0.492713 0.387683 2.005590
v 0.456602 0.387683 2.014660
v 0.304978 0.387684 1.994091
v 0.279884 0.387177 1.997031
v -0.279884 0.387178 1.997031
v -0.304978 0.387684 1.994091
v -0.456602 0.387684 2.014660
v -0.492713 0.387684 2.005590
v -0.547779 0.387684 1.989669
v 0.559703 0.428234 1.998553
v -0.559703 0.428234 1.998553
v 0.567636 0.475833 1.989035
v -0.567636 0.475833 1.989035
v 0.487090 0.542263 2.013066
v -0.487090 0.542264 2.013066
v 0.364592 0.582200 2.000738
v 0.245030 0.580209 2.011932
v -0.245030 0.580209 2.011932
v -0.364591 0.582200 2.000738
v 0.365945 0.586694 2.011309
v -0.365945 0.586694 2.011309
v 0.251314 0.627769 1.996678
v 0.238732 0.633945 1.996427
v 0.120368 0.628809 2.007517
v 0.000000 0.628206 2.007967
v -0.120368 0.628809 2.007517
v -0.238732 0.633945 1.996427
v -0.251314 0.627769 1.996678
v 0.252181 0.642333 1.992845
v 0.239879 0.642289 1.994417
v 0.123007 0.649328 2.002415
v 0.000000 0.648355 2.004803
v -0.123006 0.649328 2.002415
v -0.239878 0.642289 1.994417
v -0.252181 0.642333 1.992845
v 0.125183 0.666418 1.994531
v 0.051712 0.677993 1.990106
v 0.025699 0.671860 1.994790
v 0.000000 0.666989 1.998718
v -0.025698 0.671860 1.994790
v -0.051712 0.677993 1.990106
v -0.125182 0.666418 1.994531
v 0.104935 0.299586 2.020720
v 0.027092 0.299119 2.022993
v 0.000000 0.299076 2.023962
v -0.027092 0.299119 2.022993
v -0.104935 0.299586 2.020720
v 0.456602 0.387683 2.024890
v 0.304978 0.387684 2.038149
v 0.108993 0.387178 2.016893
v 0.026628 0.387178 2.020004
v -0.026628 0.387178 2.020004
v -0.108993 0.387178 2.016893
v -0.304978 0.387684 2.038149
v -0.456602 0.387684 2.024890
v 0.467110 0.429153 2.032475
v -0.467110 0.429153 2.032475
v 0.474027 0.476398 2.023114
v -0.474027 0.476398 2.023114
v 0.373375 0.542226 2.032387
v -0.373375 0.542226 2.032387
v 0.247619 0.584314 2.017791
v 0.244441 0.584242 2.018217
v 0.114316 0.580215 2.029379
v 0.027196 0.579014 2.033693
v 0.000000 0.581174 2.033916
v -0.027196 0.579014 2.033693
v -0.114316 0.580215 2.029379
v -0.244441 0.584242 2.018217
v -0.247619 0.584314 2.017791
v 0.248274 0.587995 2.024324
v 0.245156 0.586792 2.025757
v 0.114791 0.585348 2.035066
v 0.000000 0.586151 2.039898
v -0.114791 0.585348 2.035066
v -0.245156 0.586792 2.025757
v -0.248273 0.587995 2.024324
v 0.120204 0.627734 2.018074
v 0.000000 0.627557 2.019189
v -0.120204 0.627734 2.018074
v 0.304978 0.387684 2.048379
v 0.279884 0.387177 2.045180
v 0.108993 0.387178 2.060951
v 0.026628 0.387178 2.064062
v 0.000000 0.387158 2.065078
v -0.026628 0.387178 2.064062
v -0.108993 0.387178 2.060951
v -0.279884 0.387178 2.045180
v -0.304978 0.387684 2.048379
v 0.341518 0.429270 2.053097
v 0.264162 0.429604 2.053713
v 0.109424 0.430332 2.045032
v 0.026262 0.430375 2.044960
v 0.000000 0.430389 2.044938
v -0.026262 0.430375 2.044960
v -0.109424 0.430332 2.045032
v -0.264162 0.429604 2.053713
v -0.341518 0.429270 2.053097
v 0.362662 0.476458 2.043756
v 0.265322 0.476693 2.049884
v 0.109424 0.475376 2.045032
v 0.026262 0.475402 2.044960
v 0.000000 0.475410 2.044938
v -0.026262 0.475402 2.044960
v -0.109424 0.475376 2.045032
v -0.265322 0.476693 2.049884
v -0.362661 0.476458 2.043756
v 0.266046 0.542215 2.044626
v 0.112334 0.542215 2.053883
v 0.026960 0.542215 2.055547
v 0.000000 0.542215 2.044938
v -0.026960 0.542215 2.055547
v -0.112334 0.542215 2.053883
v -0.266046 0.542215 2.044626
v 0.115243 0.587094 2.042726
v 0.027658 0.585002 2.047512
v 0.000000 0.588035 2.047259
v -0.027658 0.585002 2.047512
v -0.115243 0.587094 2.042726
v 0.108993 0.387178 2.071181
v 0.026628 0.387178 2.074292
v 0.000000 0.387158 2.075308
v -0.026628 0.387178 2.074292
v -0.108993 0.387178 2.071181
v 0.111568 0.429212 2.080366
v 0.027162 0.429212 2.083600
v 0.000000 0.429212 2.084641
v -0.027162 0.429212 2.083600
v -0.111568 0.429212 2.080366
v 0.000000 0.542215 2.067208
v 0.830003 1.046718 0.479690
v -0.830003 1.046718 0.479690
v 0.829873 1.067446 0.475999
v 0.804793 1.065157 0.477190
v -0.804793 1.065157 0.477190
v -0.829873 1.067447 0.475999
v 0.825382 1.090314 0.471803
v 0.804609 1.098173 0.469861
v -0.804609 1.098173 0.469861
v -0.825381 1.090315 0.471803
v 0.803676 0.990109 0.488319
v 0.671168 0.979575 0.501901
v 0.659015 0.978624 0.503254
v -0.659014 0.978625 0.503254
v -0.671168 0.979576 0.501901
v -0.803676 0.990110 0.488319
v 0.829615 1.013819 0.484932
v -0.829615 1.013819 0.484932
v 0.804907 1.044678 0.481737
v 0.676364 1.034227 0.492219
v 0.655184 1.032505 0.493946
v -0.655184 1.032505 0.493946
v -0.676363 1.034227 0.492219
v -0.804907 1.044678 0.481737
v 0.678367 1.055737 0.489466
v 0.657290 1.065452 0.488483
v -0.657290 1.065453 0.488483
v -0.678367 1.055738 0.489466
v 0.681449 1.088827 0.485232
v -0.681449 1.088827 0.485232
f 592 587 561
f 455 466 451
f 587 592 593
f 681 680 648
f 646 680 676
f 1422 1426 1413
f 597 564 591
f 456 454 469
f 591 596 597
f 682 649 683
f 647 679 683
f 1423 1414 1427
f 447 445 457
f 1509 1467 1511
f 1510 1512 1468
f 1670 1723 1702
f 1850 1849 1859
f 1725 1672 1673
f 1725 1673 1672
f 1671 1703 1724
f 1857 1860 1858
f 1726 1674 1675
f 1726 1675 1674
f 31 66 59
f 86 64 67
f 1344 1362 1322
f 1058 1063 1062
f 1344 1345 1363
f 589 594 593
f 1057 959 993
f 1347 1325 1365
f 1059 1065 1064
f 1347 1364 1346
f 590 596 595
f 1060 998 962
f 383 401 433
f 377 429 399
f 375 381 428
f 234 329 311
f 384 434 402
f 378 400 430
f 380 431 382
f 240 317 330
f 1348 1334 1272
f 1348 1272 1280
f 1280 1272 1213
f 1280 1213 1215
f 1215 1213 1133
f 1215 1133 1135
f 924 1135 1133
f 924 1133 922
f 924 842 843
f 924 843 925
f 417 415 288
f 417 288 292
f 448 417 292
f 448 292 296
f 455 451 252
f 455 252 256
f 451 438 250
f 451 250 252
f 442 455 256
f 442 256 260
f 420 448 296
f 420 296 300
f 436 413 284
f 436 284 246
f 413 403 282
f 413 282 284
f 842 862 807
f 842 807 782
f 422 420 300
f 422 300 302
f 438 436 246
f 438 246 250
f 415 442 260
f 415 260 288
f 350 386 385
f 350 385 333
f 498 496 422
f 498 422 385
f 626 650 515
f 626 515 486
f 486 515 442
f 486 442 415
f 736 759 710
f 736 710 712
f 587 556 494
f 587 494 496
f 496 494 420
f 496 420 422
f 782 807 778
f 782 778 755
f 759 782 755
f 759 755 710
f 556 552 494
f 494 448 420
f 650 618 550
f 650 550 515
f 515 527 482
f 515 482 484
f 716 736 712
f 716 712 689
f 552 575 489
f 552 489 494
f 494 489 417
f 494 417 448
f 575 626 486
f 575 486 489
f 489 486 415
f 489 415 417
f 515 550 548
f 515 548 527
f 716 689 622
f 716 622 691
f 548 550 618
f 548 618 622
f 622 618 650
f 622 650 691
f 484 482 466
f 484 466 470
f 470 466 455
f 470 455 442
f 442 515 484
f 442 484 470
f 124 181 212
f 124 212 179
f 218 268 181
f 218 181 129
f 181 124 101
f 181 101 129
f 302 300 179
f 302 179 212
f 321 350 333
f 321 333 304
f 333 385 422
f 333 422 302
f 557 588 589
f 557 589 558
f 924 925 1136
f 924 1136 1135
f 1280 1215 1216
f 1280 1216 1281
f 922 862 842
f 922 842 924
f 1215 1135 1136
f 1215 1136 1216
f 783 759 760
f 1348 1280 1281
f 1348 1281 1349
f 759 737 760
f 842 783 843
f 716 692 693
f 716 693 717
f 553 557 558
f 627 575 576
f 692 651 693
f 737 716 717
f 575 553 576
f 499 386 387
f 499 387 500
f 561 587 496
f 561 496 498
f 542 603 602
f 598 569 616
f 598 616 612
f 562 499 500
f 561 498 499
f 269 268 218
f 268 321 304
f 268 304 212
f 268 212 181
f 498 385 386
f 498 386 499
f 569 570 602
f 569 602 616
f 599 598 612
f 599 612 613
f 570 542 602
f 352 335 375
f 352 375 397
f 397 375 464
f 464 509 508
f 406 405 424
f 424 472 473
f 473 472 517
f 355 352 397
f 355 397 409
f 409 397 464
f 409 464 460
f 460 464 508
f 405 355 409
f 405 409 424
f 424 409 460
f 424 460 472
f 472 460 508
f 472 508 517
f 335 324 375
f 375 458 464
f 464 458 509
f 588 587 593
f 592 561 593
f 643 672 673
f 672 733 673
f 733 772 801
f 593 607 594
f 610 665 664
f 664 665 708
f 664 708 705
f 705 708 743
f 561 565 606
f 561 606 593
f 606 565 566
f 606 566 607
f 607 566 610
f 607 610 620
f 620 610 664
f 620 664 672
f 672 664 704
f 672 704 732
f 732 704 742
f 732 742 771
f 771 742 774
f 771 774 804
f 676 680 774
f 676 774 742
f 677 613 612
f 677 612 676
f 681 775 774
f 681 774 680
f 304 333 302
f 304 302 212
f 743 677 676
f 743 676 742
f 616 602 680
f 616 680 646
f 603 681 648
f 603 648 602
f 602 648 680
f 676 612 616
f 676 616 646
f 508 509 542
f 508 542 570
f 517 598 599
f 508 570 569
f 517 508 569
f 517 569 598
f 812 775 805
f 743 775 681
f 743 681 677
f 677 681 602
f 677 602 613
f 603 542 602
f 306 269 268
f 306 268 324
f 268 269 306
f 268 306 323
f 386 350 354
f 386 354 391
f 350 321 335
f 350 335 354
f 321 268 323
f 321 323 335
f 375 324 336
f 323 306 324
f 323 324 335
f 391 354 355
f 391 355 405
f 354 335 352
f 354 352 355
f 391 405 406
f 392 391 406
f 387 386 391
f 387 391 392
f 518 517 599
f 561 562 566
f 561 566 565
f 704 705 743
f 704 743 742
f 664 705 704
f 473 517 518
f 425 424 473
f 392 406 424
f 392 424 425
f 561 499 562
f 1425 1420 1334
f 1425 1334 1348
f 1421 1420 1425
f 1421 1425 1426
f 1348 1349 1426
f 1334 1420 1412
f 1334 1412 1336
f 293 288 289
f 260 256 257
f 260 257 286
f 256 253 257
f 288 260 286
f 288 286 289
f 807 862 863
f 807 863 808
f 1213 1272 1274
f 862 922 863
f 482 527 504
f 689 712 713
f 436 438 439
f 403 413 411
f 413 436 439
f 438 451 452
f 778 807 808
f 778 808 779
f 710 755 756
f 710 756 713
f 755 778 779
f 755 779 756
f 712 710 713
f 548 622 623
f 466 482 504
f 466 504 467
f 622 689 623
f 451 466 467
f 451 467 452
f 128 115 146
f 125 179 177
f 179 300 177
f 1272 1334 1336
f 1272 1336 1274
f 218 128 146
f 387 268 269
f 1351 1283 1273
f 1351 1273 1335
f 1283 1218 1214
f 1283 1214 1273
f 1218 1138 1134
f 1218 1134 1214
f 927 923 1134
f 927 1134 1138
f 927 926 844
f 927 844 845
f 419 295 291
f 419 291 416
f 450 299 295
f 450 295 419
f 456 259 255
f 456 255 454
f 454 255 251
f 454 251 441
f 443 261 259
f 443 259 456
f 421 299 450
f 421 301 299
f 437 249 285
f 437 285 414
f 414 285 283
f 414 283 404
f 845 787 810
f 845 810 865
f 423 303 301
f 423 301 421
f 441 251 249
f 441 249 437
f 416 291 261
f 416 261 443
f 351 334 390
f 351 390 389
f 503 390 423
f 503 423 497
f 631 488 516
f 631 516 655
f 488 416 443
f 488 443 516
f 739 715 711
f 739 711 762
f 591 497 495
f 591 495 560
f 497 423 421
f 497 421 495
f 787 758 781
f 787 781 810
f 762 711 758
f 762 758 787
f 560 495 555
f 495 421 450
f 655 516 551
f 655 551 619
f 516 485 483
f 516 483 528
f 719 690 715
f 719 715 739
f 555 495 491
f 555 491 578
f 457 445 479
f 457 479 481
f 578 491 488
f 578 488 631
f 493 450 447
f 493 447 491
f 516 528 549
f 516 549 551
f 719 695 625
f 719 625 690
f 549 625 619
f 549 619 551
f 625 695 655
f 625 655 619
f 485 471 469
f 485 469 483
f 471 443 456
f 471 456 469
f 443 471 485
f 443 485 516
f 127 180 213
f 127 213 182
f 221 134 182
f 221 182 271
f 182 134 104
f 182 104 127
f 303 213 180
f 303 180 301
f 322 305 334
f 322 334 351
f 334 303 423
f 334 423 390
f 560 559 590
f 560 590 591
f 927 1138 1137
f 927 1137 926
f 1283 1282 1217
f 1283 1217 1218
f 923 927 845
f 923 845 865
f 1218 1217 1137
f 1218 1137 1138
f 787 786 761
f 787 761 762
f 1351 1350 1282
f 1351 1282 1283
f 762 761 738
f 762 738 739
f 845 844 786
f 845 786 787
f 719 718 694
f 719 694 695
f 555 554 559
f 555 559 560
f 631 630 577
f 631 577 578
f 695 694 654
f 695 654 655
f 739 738 718
f 739 718 719
f 655 654 630
f 655 630 631
f 578 577 554
f 578 554 555
f 502 501 388
f 502 388 389
f 564 503 497
f 564 497 591
f 545 605 604
f 601 615 617
f 601 617 574
f 563 501 502
f 564 502 503
f 270 221 271
f 271 305 322
f 271 182 213
f 271 213 305
f 503 502 389
f 503 389 390
f 574 617 605
f 574 605 573
f 600 614 615
f 600 615 601
f 573 605 545
f 353 398 380
f 353 380 337
f 398 465 380
f 465 513 512
f 407 427 408
f 427 474 475
f 474 520 475
f 356 410 398
f 356 398 353
f 410 463 465
f 410 465 398
f 463 513 465
f 408 427 410
f 408 410 356
f 427 475 463
f 427 463 410
f 475 520 513
f 475 513 463
f 337 380 325
f 380 465 459
f 465 512 459
f 590 595 596
f 590 596 591
f 597 596 564
f 608 644 621
f 621 644 674
f 621 674 675
f 675 674 734
f 675 734 735
f 735 734 802
f 735 802 773
f 596 595 608
f 596 608 609
f 806 773 802
f 806 802 813
f 611 667 666
f 667 706 709
f 667 709 666
f 706 746 709
f 564 596 609
f 564 609 568
f 609 608 567
f 609 567 568
f 608 621 611
f 608 611 567
f 621 675 667
f 621 667 611
f 675 735 707
f 675 707 667
f 735 773 747
f 735 747 707
f 773 806 777
f 773 777 747
f 679 747 777
f 679 777 683
f 806 813 776
f 806 776 777
f 678 679 615
f 678 615 614
f 682 683 777
f 682 777 776
f 305 213 303
f 305 303 334
f 746 747 679
f 746 679 678
f 617 647 683
f 617 683 605
f 604 605 649
f 604 649 682
f 605 683 649
f 679 647 617
f 679 617 615
f 513 573 545
f 513 545 512
f 520 600 601
f 513 574 573
f 520 601 574
f 520 574 513
f 813 802 746
f 813 746 776
f 746 678 682
f 746 682 776
f 678 614 604
f 678 604 682
f 604 614 600
f 604 600 545
f 545 600 519
f 545 519 512
f 512 519 474
f 512 474 459
f 459 474 426
f 459 426 380
f 309 393 388
f 309 388 270
f 325 393 309
f 271 326 309
f 271 309 270
f 389 394 357
f 389 357 351
f 351 357 337
f 351 337 322
f 322 337 326
f 322 326 271
f 380 426 393
f 380 393 325
f 326 337 325
f 326 325 309
f 394 408 356
f 394 356 357
f 357 356 353
f 357 353 337
f 394 407 408
f 393 407 394
f 388 393 394
f 388 394 389
f 519 600 520
f 564 568 567
f 564 567 563
f 707 747 746
f 707 746 706
f 667 707 706
f 474 519 520
f 426 474 427
f 393 426 427
f 393 427 407
f 564 563 502
f 1428 1351 1335
f 1428 1335 1424
f 1423 1427 1428
f 1423 1428 1424
f 1351 1428 1427
f 1351 1427 1350
f 1335 1337 1415
f 1335 1415 1424
f 299 294 295
f 295 294 290
f 295 290 291
f 261 287 258
f 261 258 259
f 259 258 254
f 259 254 255
f 255 254 251
f 291 290 287
f 291 287 261
f 251 248 249
f 301 298 299
f 810 809 864
f 810 864 865
f 1214 1275 1273
f 865 864 923
f 249 248 285
f 283 412 404
f 483 505 528
f 690 714 715
f 437 440 441
f 404 412 414
f 414 440 437
f 441 453 454
f 781 780 809
f 781 809 810
f 711 714 757
f 711 757 758
f 758 757 780
f 758 780 781
f 715 714 711
f 549 624 625
f 469 468 505
f 469 505 483
f 625 624 690
f 454 453 468
f 454 468 469
f 134 147 116
f 134 116 104
f 127 126 178
f 127 178 180
f 104 116 126
f 104 126 127
f 180 178 301
f 1273 1275 1337
f 1273 1337 1335
f 221 147 134
f 1424 1415 1414
f 1424 1414 1423
f 493 492 449
f 493 449 450
f 495 450 449
f 479 445 444
f 479 444 477
f 491 490 492
f 491 492 493
f 450 449 446
f 450 446 447
f 444 476 477
f 488 491 490
f 488 490 487
f 416 488 487
f 491 495 490
f 419 416 418
f 477 476 478
f 477 478 479
f 491 447 457
f 491 457 481
f 481 480 490
f 481 490 491
f 479 478 480
f 479 480 481
f 450 419 418
f 450 418 449
f 1348 1426 1425
f 593 606 607
f 732 771 772
f 732 772 733
f 672 732 733
f 620 672 643
f 607 620 643
f 589 588 593
f 589 593 594
f 575 552 553
f 650 626 627
f 650 627 651
f 736 716 737
f 691 650 651
f 691 651 692
f 626 575 627
f 552 556 557
f 552 557 553
f 716 691 692
f 842 782 783
f 759 736 737
f 782 759 783
f 556 587 588
f 556 588 557
f 1422 1421 1426
f 804 811 772
f 804 772 771
f 218 129 128
f 101 124 125
f 101 125 115
f 124 179 125
f 129 101 115
f 129 115 128
f 246 284 247
f 300 296 297
f 250 246 247
f 252 250 253
f 256 252 253
f 292 288 293
f 296 292 293
f 458 375 425
f 458 425 473
f 324 268 387
f 324 387 392
f 375 336 392
f 375 392 425
f 336 324 392
f 805 775 743
f 805 743 801
f 602 681 603
f 602 542 599
f 602 599 613
f 542 509 518
f 542 518 599
f 509 458 473
f 509 473 518
f 1739 1771 1779
f 1739 1779 1712
f 1715 1740 1739
f 1715 1739 1714
f 1686 1712 1698
f 1686 1698 1668
f 1619 1686 1668
f 1619 1668 1601
f 1740 1831 1771
f 1740 1771 1739
f 1467 1509 1491
f 1467 1491 1447
f 1509 1546 1530
f 1509 1530 1491
f 1546 1619 1601
f 1546 1601 1530
f 1712 1779 1710
f 1712 1710 1698
f 1668 1698 1666
f 1668 1666 1649
f 1447 1491 1480
f 1447 1480 1431
f 1601 1585 1524
f 1601 1524 1530
f 1601 1668 1649
f 1601 1649 1585
f 1491 1530 1524
f 1491 1524 1480
f 1698 1710 1696
f 1698 1696 1666
f 1649 1637 1561
f 1649 1561 1585
f 1649 1666 1656
f 1649 1656 1637
f 1524 1513 1463
f 1524 1463 1480
f 1656 1647 1617
f 1656 1617 1637
f 1524 1585 1561
f 1524 1561 1513
f 1431 1480 1463
f 1431 1463 1344
f 1552 1617 1615
f 1552 1615 1540
f 1666 1696 1684
f 1666 1684 1656
f 1662 1647 1656
f 1662 1656 1684
f 1507 1461 1463
f 1507 1463 1513
f 1402 1344 1463
f 1402 1463 1461
f 1617 1552 1561
f 1617 1561 1637
f 1507 1513 1561
f 1507 1561 1552
f 1461 1507 1501
f 1461 1501 1457
f 1402 1461 1457
f 1402 1457 1392
f 1617 1647 1662
f 1617 1662 1615
f 1507 1552 1540
f 1507 1540 1501
f 1546 1509 1511
f 1739 1712 1686
f 1739 1686 1714
f 1554 1546 1511
f 1554 1511 1515
f 1639 1619 1546
f 1639 1546 1554
f 1714 1686 1619
f 1714 1619 1639
f 1482 1517 1515
f 1482 1515 1476
f 1651 1715 1714
f 1651 1714 1639
f 1555 1651 1639
f 1555 1639 1554
f 1517 1555 1554
f 1517 1554 1515
f 1515 1511 1467
f 1515 1467 1476
f 1779 1771 1737
f 1615 1662 1654
f 1615 1654 1611
f 1476 1467 1465
f 1476 1465 1473
f 1771 1831 1774
f 1467 1447 1465
f 1710 1779 1737
f 1710 1737 1708
f 1696 1710 1708
f 1684 1696 1663
f 1662 1684 1663
f 1662 1663 1654
f 1540 1615 1611
f 1501 1540 1496
f 1457 1501 1496
f 1457 1496 1458
f 1392 1457 1458
f 1482 1476 1473
f 1482 1473 1474
f 1741 1713 1780
f 1741 1780 1777
f 1715 1716 1741
f 1715 1741 1740
f 1687 1669 1699
f 1687 1699 1713
f 1620 1602 1669
f 1620 1669 1687
f 1740 1741 1777
f 1740 1777 1831
f 1468 1448 1492
f 1468 1492 1510
f 1510 1492 1531
f 1510 1531 1547
f 1547 1531 1602
f 1547 1602 1620
f 1713 1699 1711
f 1713 1711 1780
f 1669 1650 1667
f 1669 1667 1699
f 1448 1432 1481
f 1448 1481 1492
f 1602 1531 1525
f 1602 1525 1586
f 1602 1586 1650
f 1602 1650 1669
f 1492 1481 1525
f 1492 1525 1531
f 1699 1667 1697
f 1699 1697 1711
f 1650 1586 1562
f 1650 1562 1638
f 1650 1638 1657
f 1650 1657 1667
f 1525 1481 1464
f 1525 1464 1514
f 1657 1638 1618
f 1657 1618 1648
f 1525 1514 1562
f 1525 1562 1586
f 1432 1347 1464
f 1432 1464 1481
f 1553 1543 1616
f 1553 1616 1618
f 1667 1657 1685
f 1667 1685 1697
f 1665 1685 1657
f 1665 1657 1648
f 1508 1514 1464
f 1508 1464 1462
f 1403 1462 1464
f 1403 1464 1347
f 1618 1638 1562
f 1618 1562 1553
f 1508 1553 1562
f 1508 1562 1514
f 1462 1460 1502
f 1462 1502 1508
f 1403 1397 1460
f 1403 1460 1462
f 1618 1616 1665
f 1618 1665 1648
f 1508 1502 1543
f 1508 1543 1553
f 1547 1512 1510
f 1741 1716 1687
f 1741 1687 1713
f 1556 1516 1512
f 1556 1512 1547
f 1640 1556 1547
f 1640 1547 1620
f 1716 1640 1620
f 1716 1620 1687
f 1482 1477 1516
f 1482 1516 1517
f 1651 1640 1716
f 1651 1716 1715
f 1555 1556 1640
f 1555 1640 1651
f 1517 1516 1556
f 1517 1556 1555
f 1516 1477 1468
f 1516 1468 1512
f 1780 1738 1777
f 1616 1614 1655
f 1616 1655 1665
f 1477 1475 1466
f 1477 1466 1468
f 1777 1774 1831
f 1468 1466 1448
f 1711 1709 1738
f 1711 1738 1780
f 1697 1709 1711
f 1685 1664 1697
f 1665 1655 1664
f 1665 1664 1685
f 1543 1614 1616
f 1502 1499 1543
f 1460 1459 1499
f 1460 1499 1502
f 1397 1459 1460
f 1482 1474 1475
f 1482 1475 1477
f 1643 1692 1729
f 1643 1729 1660
f 1762 1803 1863
f 1762 1863 1799
f 1869 1921 1957
f 1869 1957 1909
f 1921 1964 1958
f 1921 1958 1957
f 1692 1762 1799
f 1692 1799 1729
f 1803 1869 1909
f 1803 1909 1863
f 1965 1966 1979
f 1965 1979 1959
f 1605 1643 1660
f 1605 1660 1609
f 1544 1581 1583
f 1544 1583 1548
f 1581 1605 1609
f 1581 1609 1583
f 1969 1931 1940
f 1969 1940 1974
f 1597 1569 1570
f 1905 1897 1850
f 1905 1850 1859
f 1970 1975 1976
f 1970 1976 1971
f 1859 1849 1725
f 1859 1725 1760
f 1626 1623 1597
f 1743 1787 1788
f 1743 1788 1781
f 1970 1969 1974
f 1970 1974 1975
f 1939 1930 1897
f 1939 1897 1905
f 1909 1957 1949
f 1909 1949 1948
f 1583 1609 1631
f 1583 1631 1591
f 1729 1799 1861
f 1729 1861 1727
f 1548 1583 1591
f 1548 1591 1557
f 1974 1940 1941
f 1799 1863 1907
f 1799 1907 1861
f 1863 1909 1948
f 1863 1948 1907
f 1660 1729 1727
f 1660 1727 1678
f 1609 1660 1678
f 1609 1678 1631
f 1948 1949 1940
f 1948 1940 1939
f 1591 1631 1629
f 1591 1629 1589
f 1727 1861 1859
f 1727 1859 1760
f 1557 1591 1589
f 1557 1589 1577
f 1861 1907 1905
f 1861 1905 1859
f 1907 1948 1939
f 1907 1939 1905
f 1678 1727 1760
f 1678 1760 1676
f 1631 1678 1676
f 1631 1676 1629
f 1975 1974 1941
f 1975 1941 1942
f 1565 1595 1593
f 1565 1593 1563
f 1595 1621 1607
f 1595 1607 1593
f 1621 1670 1658
f 1621 1658 1607
f 1787 1743 1742
f 1787 1742 1748
f 1894 1893 1843
f 1894 1843 1844
f 1783 1841 1892
f 1783 1892 1835
f 1892 1893 1836
f 1892 1836 1835
f 1840 1782 1781
f 1840 1781 1788
f 1930 1931 1898
f 1894 1837 1836
f 1894 1836 1893
f 1782 1840 1841
f 1782 1841 1783
f 1940 1931 1930
f 1940 1930 1939
f 1970 1971 1934
f 1970 1934 1933
f 1934 1844 1843
f 1934 1843 1933
f 1840 1898 1931
f 1840 1931 1841
f 1893 1892 1842
f 1893 1842 1843
f 1892 1841 1842
f 1788 1787 1749
f 1897 1930 1898
f 1897 1898 1851
f 1850 1897 1851
f 1931 1969 1932
f 1969 1970 1933
f 1969 1933 1932
f 1842 1841 1751
f 1842 1751 1789
f 1843 1842 1789
f 1843 1789 1790
f 1850 1851 1797
f 1850 1797 1758
f 1851 1898 1852
f 1851 1852 1797
f 1749 1795 1756
f 1749 1756 1719
f 1898 1840 1750
f 1898 1750 1852
f 1840 1788 1720
f 1840 1720 1750
f 1933 1843 1790
f 1933 1790 1900
f 1841 1931 1853
f 1841 1853 1751
f 1932 1933 1900
f 1932 1900 1899
f 1951 1959 1960
f 1951 1960 1952
f 1959 1979 1960
f 1949 1950 1941
f 1949 1941 1940
f 1942 1951 1952
f 1942 1952 1943
f 1957 1958 1950
f 1957 1950 1949
f 1941 1950 1951
f 1941 1951 1942
f 1950 1958 1959
f 1950 1959 1951
f 1964 1965 1959
f 1964 1959 1958
f 1976 1975 1942
f 1976 1942 1943
f 1673 1672 1623
f 1673 1623 1626
f 1702 1748 1742
f 1702 1742 1700
f 1749 1787 1748
f 1749 1748 1702
f 1850 1725 1849
f 1702 1723 1795
f 1702 1795 1749
f 1850 1795 1723
f 1850 1723 1725
f 1676 1672 1625
f 1676 1625 1629
f 1629 1625 1599
f 1629 1599 1589
f 1589 1599 1569
f 1589 1569 1577
f 1760 1725 1672
f 1760 1672 1676
f 1658 1670 1702
f 1658 1702 1700
f 1788 1749 1719
f 1788 1719 1720
f 1672 1725 1723
f 1672 1723 1670
f 1623 1672 1670
f 1623 1670 1621
f 1597 1623 1621
f 1597 1621 1595
f 1569 1597 1595
f 1569 1595 1565
f 1672 1673 1626
f 1672 1626 1625
f 1625 1626 1597
f 1625 1597 1599
f 1599 1597 1570
f 1599 1570 1569
f 1931 1932 1899
f 1931 1899 1853
f 1795 1850 1758
f 1795 1758 1756
f 1581 1544 1532
f 1581 1532 1579
f 1643 1605 1603
f 1643 1603 1641
f 1964 1921 1866
f 1964 1866 1913
f 1966 1965 1914
f 1966 1914 1915
f 1921 1869 1865
f 1921 1865 1866
f 1869 1803 1801
f 1869 1801 1865
f 1803 1762 1731
f 1803 1731 1801
f 1762 1692 1690
f 1762 1690 1731
f 1544 1548 1549
f 1544 1549 1532
f 1692 1643 1641
f 1692 1641 1690
f 1548 1557 1558
f 1548 1558 1549
f 1557 1577 1558
f 1607 1658 1652
f 1781 1782 1744
f 1743 1781 1744
f 1700 1742 1717
f 1700 1717 1688
f 1658 1700 1688
f 1658 1688 1652
f 1563 1593 1587
f 1593 1607 1587
f 1577 1569 1573
f 1565 1563 1567
f 1742 1743 1717
f 1605 1581 1579
f 1605 1579 1603
f 1569 1570 1574
f 1569 1574 1573
f 1569 1565 1567
f 1569 1567 1570
f 1965 1964 1913
f 1965 1913 1914
f 1644 1661 1730
f 1644 1730 1695
f 1763 1800 1864
f 1763 1864 1804
f 1870 1910 1963
f 1870 1963 1925
f 1925 1963 1962
f 1925 1962 1968
f 1695 1730 1800
f 1695 1800 1763
f 1804 1864 1910
f 1804 1910 1870
f 1967 1961 1979
f 1967 1979 1966
f 1606 1610 1661
f 1606 1661 1644
f 1545 1551 1584
f 1545 1584 1582
f 1582 1584 1610
f 1582 1610 1606
f 1973 1978 1946
f 1973 1946 1937
f 1598 1571 1572
f 1906 1860 1857
f 1906 1857 1904
f 1972 1971 1976
f 1972 1976 1977
f 1860 1761 1726
f 1860 1726 1858
f 1627 1598 1624
f 1746 1786 1793
f 1746 1793 1794
f 1972 1977 1978
f 1972 1978 1973
f 1947 1906 1904
f 1947 1904 1938
f 1910 1956 1955
f 1910 1955 1963
f 1584 1592 1632
f 1584 1632 1610
f 1730 1728 1862
f 1730 1862 1800
f 1551 1560 1592
f 1551 1592 1584
f 1978 1945 1946
f 1800 1862 1908
f 1800 1908 1864
f 1864 1908 1956
f 1864 1956 1910
f 1661 1679 1728
f 1661 1728 1730
f 1610 1632 1679
f 1610 1679 1661
f 1956 1947 1946
f 1956 1946 1955
f 1592 1590 1630
f 1592 1630 1632
f 1728 1761 1860
f 1728 1860 1862
f 1560 1578 1590
f 1560 1590 1592
f 1862 1860 1906
f 1862 1906 1908
f 1908 1906 1947
f 1908 1947 1956
f 1679 1677 1761
f 1679 1761 1728
f 1632 1630 1677
f 1632 1677 1679
f 1977 1944 1945
f 1977 1945 1978
f 1566 1564 1594
f 1566 1594 1596
f 1596 1594 1608
f 1596 1608 1622
f 1622 1608 1659
f 1622 1659 1671
f 1794 1755 1747
f 1794 1747 1746
f 1894 1844 1845
f 1894 1845 1895
f 1784 1839 1896
f 1784 1896 1847
f 1896 1839 1838
f 1896 1838 1895
f 1848 1793 1786
f 1848 1786 1785
f 1938 1903 1937
f 1894 1895 1838
f 1894 1838 1837
f 1785 1784 1847
f 1785 1847 1848
f 1946 1947 1938
f 1946 1938 1937
f 1972 1935 1934
f 1972 1934 1971
f 1934 1935 1845
f 1934 1845 1844
f 1848 1847 1937
f 1848 1937 1903
f 1895 1845 1846
f 1895 1846 1896
f 1896 1846 1847
f 1793 1754 1794
f 1904 1856 1903
f 1904 1903 1938
f 1857 1856 1904
f 1937 1936 1973
f 1973 1936 1935
f 1973 1935 1972
f 1846 1792 1752
f 1846 1752 1847
f 1845 1791 1792
f 1845 1792 1846
f 1857 1759 1798
f 1857 1798 1856
f 1856 1798 1855
f 1856 1855 1903
f 1754 1722 1757
f 1754 1757 1796
f 1903 1855 1753
f 1903 1753 1848
f 1848 1753 1721
f 1848 1721 1793
f 1935 1901 1791
f 1935 1791 1845
f 1847 1752 1854
f 1847 1854 1937
f 1936 1902 1901
f 1936 1901 1935
f 1953 1952 1960
f 1953 1960 1961
f 1961 1960 1979
f 1955 1946 1945
f 1955 1945 1954
f 1944 1943 1952
f 1944 1952 1953
f 1963 1955 1954
f 1963 1954 1962
f 1945 1944 1953
f 1945 1953 1954
f 1954 1953 1961
f 1954 1961 1962
f 1968 1962 1961
f 1968 1961 1967
f 1976 1943 1944
f 1976 1944 1977
f 1674 1627 1624
f 1674 1624 1675
f 1703 1701 1747
f 1703 1747 1755
f 1754 1703 1755
f 1754 1755 1794
f 1857 1858 1726
f 1703 1754 1796
f 1703 1796 1724
f 1857 1726 1724
f 1857 1724 1796
f 1677 1630 1628
f 1677 1628 1675
f 1630 1590 1600
f 1630 1600 1628
f 1590 1578 1572
f 1590 1572 1600
f 1761 1677 1675
f 1761 1675 1726
f 1659 1701 1703
f 1659 1703 1671
f 1793 1721 1722
f 1793 1722 1754
f 1675 1671 1724
f 1675 1724 1726
f 1624 1622 1671
f 1624 1671 1675
f 1598 1596 1622
f 1598 1622 1624
f 1572 1566 1596
f 1572 1596 1598
f 1675 1628 1627
f 1675 1627 1674
f 1628 1600 1598
f 1628 1598 1627
f 1600 1572 1571
f 1600 1571 1598
f 1937 1854 1902
f 1937 1902 1936
f 1796 1757 1759
f 1796 1759 1857
f 1582 1580 1533
f 1582 1533 1545
f 1644 1642 1604
f 1644 1604 1606
f 1968 1917 1867
f 1968 1867 1925
f 1966 1915 1916
f 1966 1916 1967
f 1925 1867 1868
f 1925 1868 1870
f 1870 1868 1802
f 1870 1802 1804
f 1804 1802 1732
f 1804 1732 1763
f 1763 1732 1691
f 1763 1691 1695
f 1545 1533 1550
f 1545 1550 1551
f 1695 1691 1642
f 1695 1642 1644
f 1551 1550 1559
f 1551 1559 1560
f 1560 1559 1578
f 1608 1653 1659
f 1786 1745 1785
f 1746 1745 1786
f 1701 1689 1718
f 1701 1718 1747
f 1659 1653 1689
f 1659 1689 1701
f 1564 1588 1594
f 1594 1588 1608
f 1578 1576 1572
f 1566 1568 1564
f 1747 1718 1746
f 1606 1604 1580
f 1606 1580 1582
f 1572 1576 1575
f 1572 1575 1571
f 1572 1571 1568
f 1572 1568 1566
f 1967 1916 1917
f 1967 1917 1968
f 107 105 86
f 107 86 67
f 113 95 47
f 113 47 99
f 75 73 39
f 75 39 22
f 92 107 67
f 92 67 71
f 91 92 71
f 91 71 35
f 73 91 35
f 73 35 39
f 95 75 22
f 95 22 47
f 260 256 122
f 260 122 142
f 142 122 75
f 142 75 95
f 252 250 140
f 252 140 120
f 120 140 91
f 120 91 73
f 250 246 138
f 250 138 140
f 140 138 92
f 140 92 91
f 246 244 136
f 246 136 138
f 138 136 107
f 138 107 92
f 256 252 120
f 256 120 122
f 122 120 73
f 122 73 75
f 262 260 142
f 262 142 144
f 144 142 95
f 144 95 113
f 244 282 156
f 244 156 136
f 136 156 105
f 136 105 107
f 6 4 41
f 6 41 44
f 2 1 14
f 2 14 15
f 14 1 17
f 14 17 33
f 26 23 6
f 26 6 8
f 11 31 59
f 11 59 28
f 20 17 1
f 20 1 4
f 99 47 26
f 99 26 81
f 22 39 20
f 22 20 23
f 35 71 33
f 35 33 17
f 39 35 17
f 39 17 20
f 47 22 23
f 47 23 26
f 8 6 44
f 8 44 77
f 8 53 81
f 8 81 26
f 12 11 28
f 12 28 29
f 77 44 45
f 77 45 48
f 15 14 11
f 15 11 12
f 9 8 77
f 9 77 48
f 4 1 36
f 4 36 41
f 42 41 36
f 42 36 18
f 42 45 44
f 42 44 41
f 2 18 36
f 2 36 1
f 23 20 4
f 23 4 6
f 33 31 11
f 33 11 14
f 8 9 54
f 8 54 53
f 66 31 33
f 66 33 69
f 68 71 67
f 68 67 64
f 33 71 68
f 33 68 69
f 110 70 89
f 110 89 106
f 114 100 49
f 114 49 96
f 76 25 40
f 76 40 74
f 93 72 70
f 93 70 110
f 94 38 72
f 94 72 93
f 74 40 38
f 74 38 94
f 96 49 25
f 96 25 76
f 261 143 123
f 261 123 259
f 143 96 76
f 143 76 123
f 255 121 141
f 255 141 251
f 121 74 94
f 121 94 141
f 251 141 139
f 251 139 249
f 141 94 93
f 141 93 139
f 249 139 137
f 249 137 245
f 139 93 110
f 139 110 137
f 259 123 121
f 259 121 255
f 123 76 74
f 123 74 121
f 265 145 143
f 265 143 261
f 145 114 96
f 145 96 143
f 245 137 159
f 245 159 283
f 137 110 106
f 137 106 159
f 7 46 43
f 7 43 5
f 2 15 16
f 2 16 3
f 16 34 19
f 16 19 3
f 27 10 7
f 27 7 24
f 13 30 63
f 13 63 32
f 21 5 3
f 21 3 19
f 100 82 27
f 100 27 49
f 25 24 21
f 25 21 40
f 38 19 34
f 38 34 72
f 40 21 19
f 40 19 38
f 49 27 24
f 49 24 25
f 10 78 46
f 10 46 7
f 10 27 82
f 10 82 55
f 12 29 30
f 12 30 13
f 78 48 45
f 78 45 46
f 15 12 13
f 15 13 16
f 9 48 78
f 9 78 10
f 5 43 37
f 5 37 3
f 42 18 37
f 42 37 43
f 42 43 46
f 42 46 45
f 2 3 37
f 2 37 18
f 24 7 5
f 24 5 21
f 34 16 13
f 34 13 32
f 10 55 54
f 10 54 9
f 32 70 72
f 32 72 34
f 63 89 70
f 63 70 32
f 245 283 285
f 256 260 257
f 252 256 257
f 252 257 253
f 250 252 253
f 260 262 263
f 246 250 247
f 86 105 108
f 244 246 247
f 244 247 284
f 144 113 111
f 144 111 175
f 262 144 175
f 262 175 263
f 105 156 108
f 113 99 97
f 113 97 111
f 99 81 79
f 99 79 97
f 53 54 51
f 53 51 50
f 29 28 60
f 29 60 61
f 28 59 87
f 28 87 60
f 68 64 90
f 59 66 69
f 59 69 87
f 69 68 90
f 64 86 90
f 81 53 50
f 81 50 79
f 261 259 258
f 259 255 254
f 259 254 258
f 255 251 254
f 265 261 264
f 282 244 284
f 251 249 248
f 106 89 109
f 249 245 285
f 249 285 248
f 114 145 176
f 114 176 112
f 145 265 264
f 145 264 176
f 159 106 109
f 100 114 112
f 100 112 98
f 82 100 98
f 82 98 80
f 54 55 52
f 54 52 51
f 30 29 61
f 30 61 62
f 63 30 62
f 63 62 88
f 89 63 88
f 55 82 80
f 55 80 52
f 1382 1378 1302
f 1382 1302 1304
f 1304 1302 1233
f 1304 1233 1235
f 1235 1233 1155
f 1235 1155 1157
f 1362 1292 1264
f 1362 1264 1322
f 1264 1292 1243
f 1264 1243 1223
f 1223 1243 1167
f 1223 1167 1143
f 1378 1374 1300
f 1378 1300 1302
f 1302 1300 1231
f 1302 1231 1233
f 1233 1231 1153
f 1233 1153 1155
f 1386 1382 1304
f 1386 1304 1306
f 1306 1304 1235
f 1306 1235 1237
f 1237 1235 1157
f 1237 1157 1159
f 1392 1308 1310
f 1310 1308 1239
f 1310 1239 1240
f 1240 1239 1161
f 1240 1161 1162
f 1374 1368 1298
f 1374 1298 1300
f 1300 1298 1229
f 1300 1229 1231
f 1231 1229 1151
f 1231 1151 1153
f 1362 1398 1310
f 1362 1310 1292
f 1292 1310 1240
f 1292 1240 1243
f 1243 1240 1165
f 1243 1165 1167
f 1392 1386 1306
f 1392 1306 1308
f 1308 1306 1237
f 1308 1237 1239
f 1239 1237 1159
f 1239 1159 1161
f 1368 1358 1290
f 1368 1290 1298
f 1298 1290 1227
f 1298 1227 1229
f 1229 1227 1147
f 1229 1147 1151
f 1398 1392 1310
f 1240 1162 1165
f 821 788 866
f 821 866 877
f 913 848 850
f 913 850 904
f 846 848 913
f 1171 1172 1193
f 1171 1193 1192
f 790 792 848
f 790 848 846
f 912 846 913
f 887 885 929
f 887 929 924
f 1052 913 904
f 1052 904 1057
f 866 846 912
f 866 912 910
f 904 850 852
f 904 852 906
f 788 790 846
f 788 846 866
f 1057 904 906
f 1057 906 959
f 885 883 932
f 885 932 928
f 918 881 877
f 918 877 920
f 840 836 883
f 840 883 885
f 916 879 881
f 916 881 918
f 885 928 929
f 1039 918 920
f 1039 920 1043
f 838 840 885
f 932 883 879
f 932 879 916
f 1035 916 918
f 1035 918 1039
f 842 838 885
f 842 885 887
f 1227 1148 1147
f 1290 1288 1227
f 1358 1354 1288
f 1358 1288 1290
f 1094 1090 1051
f 1094 1051 1057
f 1157 1155 1039
f 1157 1039 1043
f 1051 912 913
f 1051 913 1052
f 1155 1153 1035
f 1155 1035 1039
f 850 794 796
f 850 796 852
f 881 819 821
f 881 821 877
f 924 929 1024
f 924 1024 1019
f 1153 1151 1031
f 1153 1031 1035
f 1162 1161 1051
f 1162 1051 1052
f 929 928 1023
f 929 1023 1024
f 1161 1159 1047
f 1161 1047 1051
f 848 792 794
f 848 794 850
f 1151 1147 1023
f 1151 1023 1031
f 920 910 1047
f 920 1047 1043
f 1165 1162 1052
f 1165 1052 1051
f 910 912 1051
f 910 1051 1047
f 879 834 819
f 879 819 881
f 1159 1157 1043
f 1159 1043 1047
f 928 932 1031
f 928 1031 1023
f 883 836 834
f 883 834 879
f 1147 1148 1024
f 1147 1024 1023
f 788 821 626
f 788 626 575
f 790 788 575
f 790 575 579
f 836 840 763
f 836 763 716
f 834 836 716
f 834 716 691
f 819 834 691
f 819 691 650
f 790 579 583
f 792 790 583
f 636 632 583
f 636 583 587
f 840 838 759
f 840 759 763
f 821 819 650
f 821 650 626
f 1121 1125 1167
f 1121 1167 1165
f 1051 1090 1121
f 1051 1121 1165
f 1091 1095 1126
f 1091 1126 1122
f 877 866 910
f 877 910 920
f 725 721 633
f 725 633 637
f 583 632 720
f 583 720 792
f 640 636 587
f 640 587 592
f 1129 1125 1094
f 1129 1094 1098
f 1098 1094 1057
f 1098 1057 1061
f 1143 1167 1125
f 1143 1125 1129
f 728 724 636
f 728 636 640
f 724 794 792
f 724 792 720
f 724 728 796
f 724 796 794
f 838 842 782
f 838 782 759
f 1148 1139 1019
f 1148 1019 1024
f 1227 1219 1139
f 1227 1139 1148
f 1288 1284 1219
f 1288 1219 1227
f 1354 1338 1284
f 1354 1284 1288
f 1039 1040 1044
f 1039 1044 1043
f 1035 1036 1040
f 1035 1040 1039
f 1043 1044 1048
f 1043 1048 1047
f 1051 1053 1052
f 1031 1032 1036
f 1031 1036 1035
f 1024 1026 1025
f 1024 1025 1023
f 1398 1399 1394
f 1398 1394 1392
f 1051 1053 1058
f 1051 1058 1057
f 1382 1383 1379
f 1382 1379 1378
f 1378 1379 1375
f 1378 1375 1374
f 1047 1048 1053
f 1047 1053 1051
f 1386 1388 1383
f 1386 1383 1382
f 1392 1394 1393
f 1023 1025 1032
f 1023 1032 1031
f 1374 1375 1370
f 1374 1370 1368
f 1052 1053 1051
f 1358 1359 1355
f 1358 1355 1354
f 1392 1393 1388
f 1392 1388 1386
f 1368 1370 1359
f 1368 1359 1358
f 1362 1363 1399
f 1362 1399 1398
f 1354 1355 1339
f 1354 1339 1338
f 1338 1339 1285
f 1338 1285 1284
f 1284 1285 1220
f 1284 1220 1219
f 1219 1220 1140
f 1219 1140 1139
f 1139 1140 1020
f 1139 1020 1019
f 1098 1061 1062
f 1344 1363 1362
f 583 584 589
f 583 589 587
f 1043 1044 1040
f 1043 1040 1039
f 1039 1040 1036
f 1039 1036 1035
f 1047 1048 1044
f 1047 1044 1043
f 1052 1053 1051
f 1035 1036 1032
f 1035 1032 1031
f 1023 1025 1026
f 1023 1026 1024
f 1057 1058 1053
f 1057 1053 1052
f 1051 1053 1048
f 1051 1048 1047
f 1031 1032 1025
f 1031 1025 1023
f 1024 1026 1020
f 1024 1020 1019
f 796 728 729
f 759 760 764
f 759 764 763
f 716 717 693
f 716 693 691
f 579 580 584
f 579 584 583
f 626 628 576
f 626 576 575
f 691 693 652
f 691 652 650
f 728 640 656
f 728 656 729
f 640 592 593
f 640 593 656
f 924 925 888
f 924 888 887
f 763 764 717
f 763 717 716
f 887 888 843
f 887 843 842
f 650 652 628
f 650 628 626
f 842 843 784
f 842 784 782
f 575 576 580
f 575 580 579
f 924 1019 1020
f 924 1020 925
f 587 589 593
f 587 593 592
f 959 906 907
f 959 907 960
f 796 729 797
f 729 656 668
f 1057 1058 1062
f 1057 1062 1061
f 852 796 797
f 852 797 853
f 1259 1258 1207
f 1259 1207 1208
f 1323 1322 1264
f 1323 1264 1265
f 1264 1223 1224
f 1264 1224 1265
f 1223 1143 1144
f 1223 1144 1224
f 1143 1129 1130
f 1143 1130 1144
f 1256 1207 1200
f 1256 1200 1252
f 1129 1098 1099
f 1129 1099 1130
f 1344 1322 1312
f 1344 1312 1326
f 1251 1252 1200
f 1251 1200 1205
f 1332 1345 1327
f 1332 1327 1316
f 1258 1251 1205
f 1258 1205 1207
f 782 784 760
f 782 760 759
f 1345 1344 1326
f 1345 1326 1327
f 1327 1326 1294
f 1327 1294 1295
f 1312 1268 1294
f 1312 1294 1326
f 1322 1323 1313
f 1322 1313 1312
f 1313 1269 1268
f 1313 1268 1312
f 1316 1276 1269
f 1316 1269 1313
f 1276 1295 1259
f 1276 1259 1256
f 1268 1251 1258
f 1268 1258 1294
f 993 959 994
f 1031 932 916
f 1031 916 1035
f 1295 1294 1258
f 1295 1258 1259
f 1011 987 975
f 1011 975 1015
f 906 852 853
f 906 853 907
f 971 951 955
f 971 955 975
f 1269 1252 1251
f 1269 1251 1268
f 1186 1205 1200
f 1103 1102 1086
f 1103 1086 1087
f 1087 1086 1071
f 1087 1071 1072
f 1015 975 976
f 1015 976 1016
f 1067 1068 1004
f 1067 1004 1003
f 1003 1004 1008
f 1003 1008 1007
f 1102 1067 1003
f 1102 1003 1086
f 1086 1003 1007
f 1086 1007 1071
f 1071 1007 983
f 1071 983 1075
f 975 955 956
f 975 956 976
f 1000 999 1003
f 1000 1003 1004
f 1004 1003 979
f 1004 979 980
f 999 963 967
f 999 967 1003
f 1003 967 943
f 1003 943 979
f 979 943 947
f 979 947 983
f 892 891 951
f 892 951 952
f 963 964 968
f 963 968 967
f 967 968 944
f 967 944 943
f 1007 1008 984
f 1007 984 983
f 943 944 948
f 943 948 947
f 983 947 951
f 983 951 971
f 980 979 983
f 980 983 984
f 1072 1071 1075
f 1072 1075 1076
f 1075 983 987
f 1075 987 1011
f 947 948 952
f 947 952 951
f 984 983 971
f 984 971 972
f 1098 1062 1067
f 1098 1067 1102
f 983 984 988
f 983 988 987
f 1099 1098 1102
f 1099 1102 1103
f 994 959 963
f 994 963 999
f 1188 1186 1200
f 1188 1200 1207
f 1186 1192 1207
f 1186 1207 1205
f 1062 1063 1068
f 1062 1068 1067
f 1192 1193 1208
f 1192 1208 1207
f 1015 1016 1111
f 1015 1111 1110
f 1011 1015 1110
f 1011 1110 1106
f 1106 1110 1171
f 1106 1171 1182
f 1076 1075 1011
f 1076 1011 1012
f 1012 1011 1106
f 1012 1106 1107
f 1110 1111 1172
f 1110 1172 1171
f 1182 1171 1192
f 1182 1192 1186
f 959 960 964
f 959 964 963
f 1107 1106 1182
f 1107 1182 1183
f 658 607 642
f 658 642 660
f 816 815 856
f 816 856 857
f 995 994 999
f 995 999 1000
f 700 696 732
f 700 732 767
f 607 643 642
f 642 643 697
f 642 697 696
f 660 642 696
f 660 696 700
f 670 658 660
f 670 660 661
f 856 815 823
f 856 823 868
f 661 660 700
f 661 700 701
f 696 697 740
f 696 740 732
f 823 824 869
f 823 869 868
f 891 895 955
f 891 955 951
f 732 740 801
f 732 801 800
f 895 896 956
f 895 956 955
f 856 868 895
f 856 895 891
f 701 700 767
f 701 767 768
f 868 869 896
f 868 896 895
f 857 856 891
f 857 891 892
f 658 606 607
f 656 593 606
f 656 606 658
f 593 594 607
f 593 607 606
f 815 800 811
f 815 811 823
f 732 800 815
f 732 815 767
f 668 656 658
f 668 658 670
f 1188 1169 1183
f 1188 1183 1186
f 1169 1111 1107
f 1169 1107 1183
f 1111 1015 1012
f 1111 1012 1107
f 1015 991 988
f 1015 988 1012
f 975 955 952
f 975 952 972
f 895 955 956
f 895 956 896
f 895 860 857
f 895 857 892
f 860 823 816
f 860 816 857
f 823 804 801
f 823 801 816
f 1183 1182 1186
f 816 768 767
f 816 767 815
f 1125 1126 1095
f 1125 1095 1094
f 1090 1091 1122
f 1090 1122 1121
f 1094 1095 1091
f 1094 1091 1090
f 1121 1122 1126
f 1121 1126 1125
f 724 725 637
f 724 637 636
f 632 633 721
f 632 721 720
f 720 721 725
f 720 725 724
f 636 637 633
f 636 633 632
f 811 812 824
f 811 824 823
f 1019 1020 1026
f 1019 1026 1024
f 869 824 823
f 869 823 860
f 896 869 860
f 896 860 895
f 892 952 955
f 892 955 895
f 824 812 804
f 824 804 823
f 976 956 955
f 976 955 975
f 1111 1016 1015
f 1172 1111 1169
f 1193 1172 1169
f 1193 1169 1188
f 1193 1188 1207
f 1193 1207 1208
f 1269 1276 1256
f 1269 1256 1252
f 1327 1295 1276
f 1327 1276 1316
f 1259 1208 1207
f 1259 1207 1256
f 1323 1332 1316
f 1323 1316 1313
f 1016 976 991
f 1016 991 1015
f 1332 1323 1330
f 1332 1330 1342
f 1345 1332 1342
f 1345 1342 1363
f 1385 1305 1303
f 1385 1303 1381
f 1305 1236 1234
f 1305 1234 1303
f 1236 1158 1156
f 1236 1156 1234
f 1365 1325 1267
f 1365 1267 1293
f 1267 1226 1244
f 1267 1244 1293
f 1226 1146 1168
f 1226 1168 1244
f 1381 1303 1301
f 1381 1301 1377
f 1303 1234 1232
f 1303 1232 1301
f 1234 1156 1154
f 1234 1154 1232
f 1391 1307 1305
f 1391 1305 1385
f 1307 1238 1236
f 1307 1236 1305
f 1238 1160 1158
f 1238 1158 1236
f 1397 1311 1309
f 1311 1241 1242
f 1311 1242 1309
f 1241 1163 1164
f 1241 1164 1242
f 1377 1301 1299
f 1377 1299 1373
f 1301 1232 1230
f 1301 1230 1299
f 1232 1154 1152
f 1232 1152 1230
f 1365 1293 1311
f 1365 1311 1401
f 1293 1244 1241
f 1293 1241 1311
f 1244 1168 1166
f 1244 1166 1241
f 1397 1309 1307
f 1397 1307 1391
f 1309 1242 1238
f 1309 1238 1307
f 1242 1164 1160
f 1242 1160 1238
f 1373 1299 1291
f 1373 1291 1361
f 1299 1230 1228
f 1299 1228 1291
f 1230 1152 1150
f 1230 1150 1228
f 1401 1311 1397
f 1241 1166 1163
f 822 878 867
f 822 867 789
f 914 905 851
f 914 851 849
f 847 914 849
f 1176 1197 1196
f 1176 1196 1175
f 791 847 849
f 791 849 793
f 915 914 847
f 890 927 930
f 890 930 886
f 1055 1060 905
f 1055 905 914
f 867 911 915
f 867 915 847
f 905 909 855
f 905 855 851
f 789 867 847
f 789 847 791
f 1060 962 909
f 1060 909 905
f 886 931 933
f 886 933 884
f 919 921 878
f 919 878 882
f 841 886 884
f 841 884 837
f 917 919 882
f 917 882 880
f 886 930 931
f 1042 1046 921
f 1042 921 919
f 839 886 841
f 933 917 880
f 933 880 884
f 1038 1042 919
f 1038 919 917
f 845 890 886
f 845 886 839
f 1228 1150 1149
f 1291 1228 1289
f 1361 1291 1289
f 1361 1289 1357
f 1097 1060 1056
f 1097 1056 1093
f 1158 1046 1042
f 1158 1042 1156
f 1056 1055 914
f 1056 914 915
f 1156 1042 1038
f 1156 1038 1154
f 851 855 799
f 851 799 795
f 882 878 822
f 882 822 820
f 927 1022 1029
f 927 1029 930
f 1154 1038 1034
f 1154 1034 1152
f 1163 1055 1056
f 1163 1056 1164
f 930 1029 1030
f 930 1030 931
f 1164 1056 1050
f 1164 1050 1160
f 849 851 795
f 849 795 793
f 1152 1034 1030
f 1152 1030 1150
f 921 1046 1050
f 921 1050 911
f 1166 1056 1055
f 1166 1055 1163
f 911 1050 1056
f 911 1056 915
f 880 882 820
f 880 820 835
f 1160 1050 1046
f 1160 1046 1158
f 931 1030 1034
f 931 1034 933
f 884 880 835
f 884 835 837
f 1150 1030 1029
f 1150 1029 1149
f 789 578 631
f 789 631 822
f 791 582 578
f 791 578 789
f 837 719 766
f 837 766 841
f 835 695 719
f 835 719 837
f 820 655 695
f 820 695 835
f 791 586 582
f 793 586 791
f 639 591 586
f 639 586 635
f 841 766 762
f 841 762 839
f 822 631 655
f 822 655 820
f 1124 1166 1168
f 1124 1168 1128
f 1056 1166 1124
f 1056 1124 1093
f 1092 1123 1127
f 1092 1127 1096
f 878 921 911
f 878 911 867
f 726 638 634
f 726 634 722
f 586 793 723
f 586 723 635
f 641 597 591
f 641 591 639
f 1132 1101 1097
f 1132 1097 1128
f 1101 1066 1060
f 1101 1060 1097
f 1146 1132 1128
f 1146 1128 1168
f 731 641 639
f 731 639 727
f 727 723 793
f 727 793 795
f 727 795 799
f 727 799 731
f 839 762 787
f 839 787 845
f 1149 1029 1022
f 1149 1022 1142
f 1228 1149 1142
f 1228 1142 1222
f 1289 1228 1222
f 1289 1222 1287
f 1357 1289 1287
f 1357 1287 1341
f 1042 1046 1045
f 1042 1045 1041
f 1038 1042 1041
f 1038 1041 1037
f 1046 1050 1049
f 1046 1049 1045
f 1056 1055 1054
f 1034 1038 1037
f 1034 1037 1033
f 1029 1030 1028
f 1029 1028 1027
f 1401 1397 1395
f 1401 1395 1400
f 1056 1060 1059
f 1056 1059 1054
f 1385 1381 1380
f 1385 1380 1384
f 1381 1377 1376
f 1381 1376 1380
f 1050 1056 1054
f 1050 1054 1049
f 1391 1385 1384
f 1391 1384 1389
f 1397 1396 1395
f 1030 1034 1033
f 1030 1033 1028
f 1377 1373 1371
f 1377 1371 1376
f 1055 1056 1054
f 1361 1357 1356
f 1361 1356 1360
f 1397 1391 1389
f 1397 1389 1396
f 1373 1361 1360
f 1373 1360 1371
f 1365 1401 1400
f 1365 1400 1364
f 1357 1341 1340
f 1357 1340 1356
f 1341 1287 1286
f 1341 1286 1340
f 1287 1222 1221
f 1287 1221 1286
f 1222 1142 1141
f 1222 1141 1221
f 1142 1022 1021
f 1142 1021 1141
f 1101 1065 1066
f 1347 1365 1364
f 586 591 590
f 586 590 585
f 1046 1042 1041
f 1046 1041 1045
f 1042 1038 1037
f 1042 1037 1041
f 1050 1046 1045
f 1050 1045 1049
f 1055 1056 1054
f 1038 1034 1033
f 1038 1033 1037
f 1030 1029 1027
f 1030 1027 1028
f 1060 1055 1054
f 1060 1054 1059
f 1056 1050 1049
f 1056 1049 1054
f 1034 1030 1028
f 1034 1028 1033
f 1029 1022 1021
f 1029 1021 1027
f 799 730 731
f 762 766 765
f 762 765 761
f 719 695 694
f 719 694 718
f 582 586 585
f 582 585 581
f 631 578 577
f 631 577 629
f 695 655 653
f 695 653 694
f 731 730 657
f 731 657 641
f 641 657 596
f 641 596 597
f 927 890 889
f 927 889 926
f 766 719 718
f 766 718 765
f 890 845 844
f 890 844 889
f 655 631 629
f 655 629 653
f 845 787 785
f 845 785 844
f 578 582 581
f 578 581 577
f 927 926 1021
f 927 1021 1022
f 591 597 596
f 591 596 590
f 962 961 908
f 962 908 909
f 799 798 730
f 730 669 657
f 1060 1066 1065
f 1060 1065 1059
f 855 854 798
f 855 798 799
f 1262 1209 1210
f 1262 1210 1263
f 1324 1266 1267
f 1324 1267 1325
f 1267 1266 1225
f 1267 1225 1226
f 1226 1225 1145
f 1226 1145 1146
f 1146 1145 1131
f 1146 1131 1132
f 1257 1253 1201
f 1257 1201 1210
f 1132 1131 1100
f 1132 1100 1101
f 1347 1329 1315
f 1347 1315 1325
f 1254 1206 1201
f 1254 1201 1253
f 1333 1319 1328
f 1333 1328 1346
f 1263 1210 1206
f 1263 1206 1254
f 787 762 761
f 787 761 785
f 1346 1328 1329
f 1346 1329 1347
f 1328 1296 1297
f 1328 1297 1329
f 1315 1329 1297
f 1315 1297 1271
f 1325 1315 1314
f 1325 1314 1324
f 1314 1315 1271
f 1314 1271 1270
f 1319 1314 1270
f 1319 1270 1279
f 1279 1257 1262
f 1279 1262 1296
f 1271 1297 1263
f 1271 1263 1254
f 998 997 962
f 1034 1038 917
f 1034 917 933
f 1296 1262 1263
f 1296 1263 1297
f 1014 1018 978
f 1014 978 990
f 909 908 854
f 909 854 855
f 974 978 958
f 974 958 954
f 1270 1271 1254
f 1270 1254 1253
f 1187 1201 1206
f 1104 1088 1089
f 1104 1089 1105
f 1088 1073 1074
f 1088 1074 1089
f 1018 1017 977
f 1018 977 978
f 1070 1006 1005
f 1070 1005 1069
f 1006 1010 1009
f 1006 1009 1005
f 1105 1089 1006
f 1105 1006 1070
f 1089 1074 1010
f 1089 1010 1006
f 1074 1078 986
f 1074 986 1010
f 978 977 957
f 978 957 958
f 1001 1005 1006
f 1001 1006 1002
f 1005 981 982
f 1005 982 1006
f 1002 1006 970
f 1002 970 966
f 1006 982 946
f 1006 946 970
f 982 986 950
f 982 950 946
f 893 953 954
f 893 954 894
f 966 970 969
f 966 969 965
f 970 946 945
f 970 945 969
f 1010 986 985
f 1010 985 1009
f 946 950 949
f 946 949 945
f 986 974 954
f 986 954 950
f 981 985 986
f 981 986 982
f 1073 1077 1078
f 1073 1078 1074
f 1078 1014 990
f 1078 990 986
f 950 954 953
f 950 953 949
f 985 973 974
f 985 974 986
f 1101 1105 1070
f 1101 1070 1065
f 986 990 989
f 986 989 985
f 1100 1104 1105
f 1100 1105 1101
f 997 1002 966
f 997 966 962
f 1189 1210 1201
f 1189 1201 1187
f 1187 1206 1210
f 1187 1210 1197
f 1065 1070 1069
f 1065 1069 1064
f 1197 1210 1209
f 1197 1209 1196
f 1018 1115 1114
f 1018 1114 1017
f 1014 1109 1115
f 1014 1115 1018
f 1109 1185 1176
f 1109 1176 1115
f 1077 1013 1014
f 1077 1014 1078
f 1013 1108 1109
f 1013 1109 1014
f 1115 1176 1175
f 1115 1175 1114
f 1185 1187 1197
f 1185 1197 1176
f 962 966 965
f 962 965 961
f 1108 1184 1185
f 1108 1185 1109
f 659 663 645
f 659 645 608
f 817 858 859
f 817 859 818
f 996 1001 1002
f 996 1002 997
f 703 770 735
f 703 735 699
f 608 645 644
f 645 699 698
f 645 698 644
f 663 703 699
f 663 699 645
f 671 662 663
f 671 663 659
f 859 871 826
f 859 826 818
f 662 702 703
f 662 703 663
f 699 735 741
f 699 741 698
f 826 871 870
f 826 870 825
f 894 954 958
f 894 958 898
f 735 803 802
f 735 802 741
f 898 958 957
f 898 957 897
f 859 894 898
f 859 898 871
f 702 769 770
f 702 770 703
f 871 898 897
f 871 897 870
f 858 893 894
f 858 894 859
f 659 608 609
f 657 659 609
f 657 609 596
f 596 609 608
f 596 608 595
f 818 826 814
f 818 814 803
f 735 770 818
f 735 818 803
f 669 671 659
f 669 659 657
f 1189 1187 1184
f 1189 1184 1170
f 1170 1184 1108
f 1170 1108 1114
f 1114 1108 1013
f 1114 1013 1018
f 1018 1013 989
f 1018 989 992
f 978 973 953
f 978 953 958
f 898 897 957
f 898 957 958
f 898 893 858
f 898 858 861
f 861 858 817
f 861 817 826
f 826 817 802
f 826 802 806
f 1184 1187 1185
f 817 818 770
f 817 770 769
f 1128 1097 1096
f 1128 1096 1127
f 1093 1124 1123
f 1093 1123 1092
f 1097 1093 1092
f 1097 1092 1096
f 1124 1128 1127
f 1124 1127 1123
f 727 639 638
f 727 638 726
f 635 723 722
f 635 722 634
f 723 727 726
f 723 726 722
f 639 635 634
f 639 634 638
f 814 826 825
f 814 825 813
f 1022 1029 1027
f 1022 1027 1021
f 870 861 826
f 870 826 825
f 897 898 861
f 897 861 870
f 893 898 958
f 893 958 953
f 825 826 806
f 825 806 813
f 977 978 958
f 977 958 957
f 1114 1018 1017
f 1175 1170 1114
f 1196 1189 1170
f 1196 1170 1175
f 1196 1209 1210
f 1196 1210 1189
f 1270 1253 1257
f 1270 1257 1279
f 1328 1319 1279
f 1328 1279 1296
f 1262 1257 1210
f 1262 1210 1209
f 1324 1314 1319
f 1324 1319 1333
f 1017 1018 992
f 1017 992 977
f 1333 1343 1331
f 1333 1331 1324
f 1346 1364 1343
f 1346 1343 1333
f 1927 1928 1966
f 1927 1966 1964
f 1871 1927 1964
f 1871 1964 1921
f 1871 1920 1869
f 1871 1869 1805
f 1803 1764 1805
f 1803 1805 1869
f 1762 1735 1764
f 1762 1764 1803
f 1692 1682 1735
f 1692 1735 1762
f 1643 1645 1682
f 1643 1682 1692
f 1880 1881 1928
f 1880 1928 1873
f 1879 1880 1873
f 1879 1873 1872
f 1878 1879 1872
f 1878 1872 1871
f 1770 1819 1818
f 1770 1828 1820
f 1770 1820 1819
f 1830 1831 1888
f 1830 1888 1887
f 1811 1812 1879
f 1811 1879 1878
f 1818 1819 1812
f 1818 1812 1811
f 1828 1829 1886
f 1828 1886 1820
f 1829 1830 1887
f 1829 1887 1886
f 1829 1828 1771
f 1829 1771 1772
f 1912 1922 1913
f 1912 1913 1866
f 1922 1923 1915
f 1922 1915 1913
f 1770 1818 1766
f 1871 1912 1866
f 1871 1866 1806
f 1873 1871 1806
f 1928 1873 1874
f 1643 1693 1680
f 1865 1911 1866
f 1803 1865 1801
f 1733 1803 1801
f 1733 1801 1731
f 1693 1733 1731
f 1693 1731 1680
f 1764 1704 1705
f 1704 1682 1705
f 1871 1805 1806
f 1871 1872 1807
f 1871 1807 1806
f 1828 1770 1771
f 1872 1873 1807
f 1819 1820 1767
f 1811 1871 1806
f 1887 1888 1814
f 1887 1814 1822
f 1880 1879 1807
f 1880 1807 1873
f 1885 1888 1814
f 1885 1814 1813
f 1820 1886 1821
f 1881 1880 1873
f 1881 1873 1874
f 1881 1880 1813
f 1819 1885 1813
f 1819 1813 1812
f 1888 1885 1813
f 1888 1813 1814
f 1880 1812 1813
f 1885 1819 1812
f 1885 1812 1813
f 1818 1811 1766
f 1830 1829 1772
f 1830 1772 1773
f 1819 1767 1812
f 1831 1830 1773
f 1831 1773 1774
f 1886 1887 1822
f 1886 1822 1821
f 1911 1871 1806
f 1911 1806 1866
f 1879 1812 1807
f 1920 1871 1911
f 1735 1682 1704
f 1764 1735 1704
f 1692 1762 1733
f 1692 1733 1693
f 1762 1803 1733
f 1803 1869 1865
f 1869 1920 1911
f 1869 1911 1865
f 1643 1692 1693
f 1928 1927 1873
f 1927 1871 1873
f 1871 1921 1912
f 1964 1966 1923
f 1964 1923 1922
f 1921 1964 1922
f 1921 1922 1912
f 1878 1871 1811
f 1873 1928 1874
f 1929 1968 1966
f 1929 1966 1928
f 1877 1925 1968
f 1877 1968 1929
f 1877 1810 1870
f 1877 1870 1926
f 1804 1870 1810
f 1804 1810 1765
f 1763 1804 1765
f 1763 1765 1736
f 1695 1763 1736
f 1695 1736 1683
f 1644 1695 1683
f 1644 1683 1646
f 1882 1875 1928
f 1882 1928 1881
f 1883 1876 1875
f 1883 1875 1882
f 1884 1877 1876
f 1884 1876 1883
f 1778 1827 1826
f 1778 1826 1825
f 1778 1825 1834
f 1832 1889 1888
f 1832 1888 1831
f 1817 1884 1883
f 1817 1883 1816
f 1827 1817 1816
f 1827 1816 1826
f 1834 1825 1890
f 1834 1890 1833
f 1833 1890 1889
f 1833 1889 1832
f 1833 1776 1777
f 1833 1777 1834
f 1918 1867 1917
f 1918 1917 1924
f 1924 1917 1915
f 1924 1915 1923
f 1778 1769 1827
f 1877 1809 1867
f 1877 1867 1918
f 1875 1809 1877
f 1928 1874 1875
f 1644 1681 1694
f 1868 1867 1919
f 1804 1802 1868
f 1734 1732 1802
f 1734 1802 1804
f 1694 1681 1732
f 1694 1732 1734
f 1765 1706 1707
f 1707 1706 1683
f 1877 1809 1810
f 1877 1809 1808
f 1877 1808 1876
f 1834 1777 1778
f 1876 1808 1875
f 1826 1768 1825
f 1817 1809 1877
f 1889 1823 1814
f 1889 1814 1888
f 1882 1875 1808
f 1882 1808 1883
f 1891 1815 1814
f 1891 1814 1888
f 1825 1824 1890
f 1881 1874 1875
f 1881 1875 1882
f 1881 1815 1882
f 1826 1816 1815
f 1826 1815 1891
f 1888 1814 1815
f 1888 1815 1891
f 1882 1815 1816
f 1891 1815 1816
f 1891 1816 1826
f 1827 1769 1817
f 1832 1775 1776
f 1832 1776 1833
f 1826 1816 1768
f 1831 1774 1775
f 1831 1775 1832
f 1890 1824 1823
f 1890 1823 1889
f 1919 1867 1809
f 1919 1809 1877
f 1883 1808 1816
f 1926 1919 1877
f 1736 1707 1683
f 1765 1707 1736
f 1695 1694 1734
f 1695 1734 1763
f 1763 1734 1804
f 1804 1868 1870
f 1870 1868 1919
f 1870 1919 1926
f 1644 1694 1695
f 1928 1875 1929
f 1929 1875 1877
f 1877 1918 1925
f 1968 1924 1923
f 1968 1923 1966
f 1925 1918 1924
f 1925 1924 1968
f 1884 1817 1877
f 1875 1874 1928
f 102 101 115
f 149 152 188
f 149 188 148
f 83 117 131
f 83 131 102
f 130 101 102
f 130 102 131
f 84 118 117
f 84 117 83
f 183 130 131
f 183 131 148
f 521 531 529
f 509 506 461
f 509 461 458
f 183 129 130
f 129 101 130
f 269 218 376
f 269 376 375
f 188 152 189
f 152 153 189
f 543 509 510
f 509 458 510
f 543 571 540
f 458 461 395
f 458 395 375
f 375 395 214
f 375 214 269
f 531 533 571
f 531 571 543
f 543 540 506
f 543 506 509
f 525 522 521
f 525 521 524
f 531 521 524
f 524 521 514
f 524 514 525
f 135 153 152
f 135 152 149
f 118 135 149
f 118 149 117
f 117 149 148
f 117 148 131
f 129 183 214
f 458 375 376
f 188 189 184
f 188 184 215
f 218 188 215
f 218 215 266
f 543 510 540
f 531 543 540
f 531 540 529
f 510 458 461
f 514 521 522
f 458 376 373
f 458 373 461
f 189 153 185
f 189 185 184
f 376 218 266
f 376 266 373
f 101 129 115
f 524 521 533
f 524 533 531
f 218 183 148
f 218 148 188
f 269 214 183
f 269 183 218
f 103 116 104
f 150 151 191
f 150 191 154
f 85 103 132
f 85 132 119
f 133 132 103
f 133 103 104
f 84 85 119
f 84 119 118
f 187 151 132
f 187 132 133
f 523 530 532
f 512 459 462
f 512 462 507
f 187 133 134
f 134 133 104
f 270 380 379
f 270 379 221
f 191 190 154
f 154 190 153
f 544 511 512
f 512 511 459
f 544 541 572
f 459 380 396
f 459 396 462
f 380 270 217
f 380 217 396
f 532 544 572
f 532 572 534
f 544 512 507
f 544 507 541
f 525 526 523
f 525 523 522
f 532 526 523
f 526 525 514
f 526 514 523
f 135 150 154
f 135 154 153
f 118 119 150
f 118 150 135
f 119 132 151
f 119 151 150
f 134 217 187
f 459 379 380
f 191 216 186
f 191 186 190
f 221 267 216
f 221 216 191
f 544 541 511
f 532 530 541
f 532 541 544
f 511 462 459
f 514 522 523
f 459 462 374
f 459 374 379
f 190 186 185
f 190 185 153
f 379 374 267
f 379 267 221
f 104 116 134
f 526 532 534
f 526 534 523
f 221 191 151
f 221 151 187
f 270 221 187
f 270 187 217
f 1457 1495 1455
f 1392 1457 1455
f 1386 1453 1471
f 1386 1471 1408
f 1505 1538 1528
f 1505 1528 1522
f 1453 1505 1489
f 1453 1489 1478
f 1538 1633 1643
f 1538 1643 1534
f 1540 1611 1633
f 1540 1633 1538
f 1455 1495 1505
f 1455 1505 1453
f 1495 1540 1538
f 1495 1538 1505
f 1392 1455 1453
f 1392 1453 1386
f 1522 1528 1526
f 1522 1526 1520
f 1520 1503 1505
f 1520 1505 1522
f 1526 1528 1538
f 1526 1538 1534
f 1478 1489 1493
f 1478 1493 1483
f 1483 1471 1453
f 1483 1453 1478
f 1493 1489 1505
f 1493 1505 1503
f 1408 1471 1449
f 1408 1449 1404
f 1443 1374 1404
f 1443 1404 1449
f 1439 1368 1374
f 1439 1374 1443
f 1433 1366 1368
f 1433 1368 1439
f 1366 1433 1354
f 1611 1540 1541
f 1611 1541 1612
f 1540 1495 1497
f 1540 1497 1541
f 1495 1457 1458
f 1495 1458 1497
f 1457 1392 1393
f 1457 1393 1458
f 1354 1433 1425
f 1354 1425 1352
f 1526 1534 1535
f 1534 1643 1535
f 1392 1386 1387
f 1643 1633 1634
f 1386 1408 1406
f 1386 1406 1387
f 1493 1503 1487
f 1503 1520 1518
f 1520 1526 1518
f 1449 1471 1469
f 1449 1469 1450
f 1471 1483 1484
f 1471 1484 1469
f 1483 1493 1487
f 1483 1487 1484
f 1443 1449 1450
f 1443 1450 1444
f 1439 1443 1444
f 1439 1444 1440
f 1633 1611 1634
f 1374 1368 1369
f 1368 1366 1369
f 1408 1404 1406
f 1366 1354 1359
f 1433 1439 1440
f 1433 1440 1437
f 1354 1352 1359
f 1433 1437 1434
f 1425 1433 1434
f 1425 1434 1429
f 1352 1425 1429
f 1460 1456 1500
f 1397 1456 1460
f 1391 1409 1472
f 1391 1472 1454
f 1506 1523 1529
f 1506 1529 1539
f 1454 1479 1490
f 1454 1490 1506
f 1539 1537 1644
f 1539 1644 1636
f 1543 1539 1636
f 1543 1636 1614
f 1456 1454 1506
f 1456 1506 1500
f 1500 1506 1539
f 1500 1539 1543
f 1397 1391 1454
f 1397 1454 1456
f 1523 1521 1527
f 1523 1527 1529
f 1521 1523 1506
f 1521 1506 1504
f 1527 1537 1539
f 1527 1539 1529
f 1479 1486 1494
f 1479 1494 1490
f 1486 1479 1454
f 1486 1454 1472
f 1494 1504 1506
f 1494 1506 1490
f 1409 1405 1452
f 1409 1452 1472
f 1446 1452 1405
f 1446 1405 1377
f 1442 1446 1377
f 1442 1377 1373
f 1436 1442 1373
f 1436 1373 1367
f 1367 1357 1436
f 1614 1613 1542
f 1614 1542 1543
f 1543 1542 1498
f 1543 1498 1500
f 1500 1498 1459
f 1500 1459 1460
f 1460 1459 1396
f 1460 1396 1397
f 1357 1353 1428
f 1357 1428 1436
f 1527 1536 1537
f 1537 1536 1644
f 1397 1390 1391
f 1644 1635 1636
f 1391 1390 1407
f 1391 1407 1409
f 1494 1488 1504
f 1504 1519 1521
f 1521 1519 1527
f 1452 1451 1470
f 1452 1470 1472
f 1472 1470 1485
f 1472 1485 1486
f 1486 1485 1488
f 1486 1488 1494
f 1446 1445 1451
f 1446 1451 1452
f 1442 1441 1445
f 1442 1445 1446
f 1636 1635 1614
f 1377 1372 1373
f 1373 1372 1367
f 1409 1407 1405
f 1367 1360 1357
f 1436 1438 1441
f 1436 1441 1442
f 1357 1360 1353
f 1436 1435 1438
f 1428 1430 1435
f 1428 1435 1436
f 1353 1430 1428
f 1202 1178 1181
f 1202 1181 1204
f 748 750 829
f 748 829 827
f 1178 1118 1119
f 1178 1119 1181
f 752 686 687
f 752 687 753
f 543 535 546
f 543 546 603
f 874 831 832
f 874 832 875
f 1081 938 939
f 1081 939 1083
f 939 901 902
f 939 902 940
f 901 874 875
f 901 875 902
f 1118 1083 1084
f 1118 1084 1119
f 1112 1079 1081
f 1112 1081 1116
f 1116 1081 1083
f 1116 1083 1118
f 896 869 872
f 896 872 899
f 899 872 874
f 899 874 901
f 936 938 1081
f 936 1081 1079
f 936 896 899
f 936 899 938
f 938 899 901
f 938 901 939
f 869 827 829
f 869 829 872
f 872 829 831
f 872 831 874
f 829 750 752
f 829 752 831
f 537 539 687
f 537 687 686
f 603 546 684
f 603 684 681
f 748 681 684
f 748 684 750
f 750 684 686
f 750 686 752
f 1173 1112 1116
f 1173 1116 1177
f 1177 1116 1118
f 1177 1118 1178
f 1194 1173 1177
f 1194 1177 1198
f 1198 1177 1178
f 1198 1178 1202
f 524 525 539
f 524 539 537
f 535 524 537
f 535 537 546
f 546 537 686
f 546 686 684
f 1193 1172 1173
f 1193 1173 1194
f 1172 1112 1173
f 1083 939 940
f 1083 940 1084
f 934 896 936
f 1202 1204 1255
f 1202 1255 1249
f 1194 1198 1245
f 1194 1245 1211
f 1198 1202 1249
f 1198 1249 1245
f 1208 1193 1194
f 1208 1194 1211
f 1259 1208 1211
f 1259 1211 1260
f 1295 1259 1260
f 1416 1327 1418
f 1079 934 936
f 831 752 753
f 831 753 832
f 543 603 571
f 1172 1193 1190
f 1172 1190 1169
f 1112 1172 1169
f 1193 1208 1190
f 681 748 744
f 1418 1327 1320
f 1418 1320 1416
f 1249 1255 1247
f 748 827 744
f 525 524 521
f 525 521 522
f 524 535 521
f 1245 1249 1247
f 1327 1416 1410
f 1327 1410 1317
f 1259 1295 1276
f 1259 1276 1260
f 1295 1327 1317
f 1295 1317 1276
f 1211 1245 1208
f 1295 1260 1277
f 1327 1295 1277
f 1327 1277 1320
f 1208 1259 1260
f 535 543 571
f 1260 1211 1208
f 1203 1204 1181
f 1203 1181 1179
f 749 828 830
f 749 830 751
f 1179 1181 1119
f 1179 1119 1120
f 754 753 687
f 754 687 688
f 544 604 547
f 544 547 536
f 876 875 832
f 876 832 833
f 1082 1085 941
f 1082 941 942
f 941 940 902
f 941 902 903
f 903 902 875
f 903 875 876
f 1120 1119 1084
f 1120 1084 1085
f 1113 1117 1082
f 1113 1082 1080
f 1117 1120 1085
f 1117 1085 1082
f 897 900 873
f 897 873 870
f 900 903 876
f 900 876 873
f 937 1080 1082
f 937 1082 942
f 937 942 900
f 937 900 897
f 942 941 903
f 942 903 900
f 870 873 830
f 870 830 828
f 873 876 833
f 873 833 830
f 830 833 754
f 830 754 751
f 538 688 687
f 538 687 539
f 604 682 685
f 604 685 547
f 749 751 685
f 749 685 682
f 751 754 688
f 751 688 685
f 1174 1180 1117
f 1174 1117 1113
f 1180 1179 1120
f 1180 1120 1117
f 1195 1199 1180
f 1195 1180 1174
f 1199 1203 1179
f 1199 1179 1180
f 526 538 539
f 526 539 525
f 536 547 538
f 536 538 526
f 547 685 688
f 547 688 538
f 1196 1195 1174
f 1196 1174 1175
f 1175 1174 1113
f 1085 1084 940
f 1085 940 941
f 935 937 897
f 1203 1250 1255
f 1203 1255 1204
f 1195 1212 1246
f 1195 1246 1199
f 1199 1246 1250
f 1199 1250 1203
f 1209 1212 1195
f 1209 1195 1196
f 1262 1261 1212
f 1262 1212 1209
f 1296 1261 1262
f 1417 1419 1328
f 1080 937 935
f 833 832 753
f 833 753 754
f 544 572 604
f 1175 1170 1191
f 1175 1191 1196
f 1113 1170 1175
f 1196 1191 1209
f 682 745 749
f 1419 1417 1321
f 1419 1321 1328
f 1250 1248 1255
f 749 745 828
f 525 522 523
f 525 523 526
f 526 523 536
f 1246 1248 1250
f 1328 1318 1411
f 1328 1411 1417
f 1262 1261 1279
f 1262 1279 1296
f 1296 1279 1318
f 1296 1318 1328
f 1212 1209 1246
f 1296 1278 1261
f 1328 1321 1278
f 1328 1278 1296
f 1209 1261 1262
f 536 572 544
f 1261 1209 1212
f 56 162 163
f 56 163 57
f 57 163 164
f 57 164 58
f 58 164 170
f 58 170 66
f 66 170 169
f 66 169 65
f 169 170 171
f 169 171 174
f 65 169 168
f 65 168 64
f 64 168 162
f 64 162 56
f 170 164 166
f 170 166 171
f 164 165 166
f 164 163 158
f 164 158 165
f 162 160 161
f 163 157 158
f 163 162 161
f 163 161 157
f 162 168 167
f 162 167 160
f 168 169 173
f 168 173 167
f 169 174 173
f 365 158 157
f 365 157 364
f 366 160 167
f 366 167 369
f 372 174 172
f 372 172 370
f 368 166 158
f 368 158 365
f 371 173 174
f 371 174 372
f 364 157 161
f 364 161 367
f 369 167 173
f 369 173 371
f 370 172 166
f 370 166 368
f 174 171 172
f 171 166 172
f 165 158 166
f 367 161 160
f 367 160 366
f 219 222 272
f 219 272 269
f 306 338 339
f 306 339 307
f 339 358 224
f 339 224 222
f 219 307 339
f 219 339 222
f 381 344 327
f 381 327 383
f 278 348 362
f 278 362 328
f 193 194 204
f 193 204 203
f 338 375 377
f 338 377 339
f 345 348 329
f 224 192 232
f 428 381 383
f 428 383 432
f 432 433 429
f 432 429 428
f 359 362 348
f 359 348 345
f 192 193 203
f 192 203 232
f 329 193 192
f 329 192 345
f 236 206 207
f 192 224 359
f 192 359 345
f 401 362 359
f 401 359 399
f 377 375 428
f 377 428 429
f 359 358 399
f 233 278 232
f 233 232 203
f 319 236 207
f 319 207 314
f 329 348 278
f 329 278 233
f 328 310 277
f 328 277 278
f 377 399 358
f 377 358 339
f 433 401 399
f 433 399 429
f 328 362 401
f 328 401 383
f 327 328 383
f 433 432 383
f 224 232 231
f 274 224 231
f 274 231 276
f 224 358 359
f 342 338 306
f 342 306 272
f 272 306 269
f 344 274 276
f 344 276 327
f 278 277 232
f 269 306 307
f 269 307 219
f 381 375 338
f 381 338 342
f 344 342 272
f 344 272 274
f 381 342 344
f 231 310 276
f 232 277 310
f 232 310 231
f 276 310 328
f 276 328 327
f 234 204 205
f 234 205 235
f 234 233 203
f 234 203 204
f 234 311 329
f 234 329 233
f 312 311 234
f 312 234 235
f 319 313 312
f 235 234 311
f 235 311 312
f 236 235 312
f 236 312 313
f 234 235 225
f 194 234 225
f 194 225 195
f 194 193 329
f 194 329 234
f 236 237 227
f 236 227 226
f 194 205 204
f 235 236 226
f 235 226 225
f 237 236 313
f 237 313 314
f 314 313 319
f 312 235 236
f 312 236 319
f 235 205 206
f 235 206 236
f 226 196 195
f 226 195 225
f 206 196 197
f 206 197 207
f 155 206 207
f 155 207 206
f 205 195 196
f 205 196 206
f 195 205 194
f 227 197 196
f 227 196 226
f 220 270 273
f 220 273 223
f 309 308 340
f 309 340 341
f 340 223 230
f 340 230 361
f 220 223 340
f 220 340 308
f 382 384 332
f 382 332 347
f 279 331 363
f 279 363 349
f 201 211 210
f 201 210 200
f 341 340 378
f 341 378 380
f 346 330 349
f 230 242 202
f 431 435 384
f 431 384 382
f 435 431 430
f 435 430 434
f 360 346 349
f 360 349 363
f 202 242 211
f 202 211 201
f 330 346 202
f 330 202 201
f 238 207 208
f 202 346 360
f 202 360 230
f 402 400 360
f 402 360 363
f 378 430 431
f 378 431 380
f 360 400 361
f 241 211 242
f 241 242 279
f 320 314 207
f 320 207 238
f 330 241 279
f 330 279 349
f 331 279 280
f 331 280 318
f 378 340 361
f 378 361 400
f 434 430 400
f 434 400 402
f 331 384 402
f 331 402 363
f 332 384 331
f 434 384 435
f 230 243 242
f 275 281 243
f 275 243 230
f 230 360 361
f 343 273 309
f 343 309 341
f 273 270 309
f 347 332 281
f 347 281 275
f 279 242 280
f 270 220 308
f 270 308 309
f 382 343 341
f 382 341 380
f 347 275 273
f 347 273 343
f 382 347 343
f 243 281 318
f 242 243 318
f 242 318 280
f 281 332 331
f 281 331 318
f 240 239 209
f 240 209 210
f 240 210 211
f 240 211 241
f 240 241 330
f 240 330 317
f 316 239 240
f 316 240 317
f 320 316 315
f 239 316 317
f 239 317 240
f 238 315 316
f 238 316 239
f 240 229 239
f 200 199 229
f 200 229 240
f 200 240 330
f 200 330 201
f 238 228 227
f 238 227 237
f 200 210 209
f 239 229 228
f 239 228 238
f 237 314 315
f 237 315 238
f 314 320 315
f 316 320 238
f 316 238 239
f 239 238 208
f 239 208 209
f 228 229 199
f 228 199 198
f 208 207 197
f 208 197 198
f 155 207 208
f 155 208 207
f 209 208 198
f 209 198 199
f 199 200 209
f 227 228 198
f 227 198 197
f 522 525 521
f 522 523 525
f 805 811 812
f 811 805 801
f 811 801 772
f 775 804 774
f 804 775 811
f 811 775 812
f 282 403 411
f 1412 1422 1413
f 1422 1412 1420
f 1058 994 995
f 994 1058 993
f 993 1058 1057
f 975 972 971
f 975 991 976
f 991 975 988
f 988 975 987
f 811 804 812
f 804 811 801
f 801 811 800
f 1059 998 1060
f 998 1059 996
f 973 978 974
f 978 973 977
f 977 973 978
f 978 989 990
f 989 978 977
f 814 802 803
f 802 814 813
f 802 813 806
f 222 224 274
f 222 274 272
f 275 223 273
f 223 275 230
f 2004 2005 2008
f 1999 1991 1992
f 1999 1992 2000
f 1980 1996 1990
f 1980 1990 1998
f 1998 1990 1991
f 1998 1991 1999
f 1983 2004 2008
f 1983 2008 1987
f 1999 2000 2005
f 1999 2005 2004
f 1998 1999 2004
f 1998 2004 1983
f 1980 1998 1983
f 1980 1983 1982
f 1982 1983 1987
f 1982 1987 1986
f 2007 2009 2006
f 2002 2001 1993
f 2002 1993 1994
f 1981 2003 1995
f 1981 1995 1997
f 2003 2002 1994
f 2003 1994 1995
f 1984 1988 2009
f 1984 2009 2007
f 2002 2007 2006
f 2002 2006 2001
f 2003 1984 2007
f 2003 2007 2002
f 1981 1985 1984
f 1981 1984 2003
f 1985 1989 1988
f 1985 1988 1984
